Sort Order,Day,Time,Facility Name,Address,Activity Type,Swim Type,Pool Type,Registration Required,URL,Reservation,Area,Category,Age,Time of day,Play Free Flag
6,Saturday,21:00 - 21:50,Bell Centennial Arena,50 Cassidy Road,Figure skating (6+),Other,Other,Yes,https://ottawa.ca/en/recreation-and-parks/facilities/place-listing/bell-centennial-arena,https://reservation.frontdesksuite.ca/rcfs/bellcentennial/Home/Index?Culture=en&PageId=463ab618-f399-4fed-a245-5e90b87fe394,West - Nepean,Skating,Adult,Evening,FALSE
3,Wednesday,17:00 - 17:50,Bell Centennial Arena,50 Cassidy Road,Ringette (10 to 14 years),Other,Other,Yes,https://ottawa.ca/en/recreation-and-parks/facilities/place-listing/bell-centennial-arena,https://reservation.frontdesksuite.ca/rcfs/bellcentennial/Home/Index?Culture=en&PageId=463ab618-f399-4fed-a245-5e90b87fe394,West - Nepean,Skating,Youth,Evening,FALSE
3,Wednesday,16:00 - 16:50,Bell Centennial Arena,50 Cassidy Road,Public skating,Other,Other,No,https://ottawa.ca/en/recreation-and-parks/facilities/place-listing/bell-centennial-arena,#,West - Nepean,Skating,"Preschool, Children, Youth, Adult",PM,FALSE
6,Saturday,20:00 - 20:50,Bell Centennial Arena,50 Cassidy Road,Public skating,Other,Other,No,https://ottawa.ca/en/recreation-and-parks/facilities/place-listing/bell-centennial-arena,#,West - Nepean,Skating,"Preschool, Children, Youth, Adult",Evening,TRUE
4,Thursday,16:00 - 16:50,Bernard Grandmaître Arena,309 McArthur Road,Figure Skating (6+),Other,Other,Yes,https://ottawa.ca/en/recreation-and-parks/facilities/place-listing/bernard-grandmaitre-arena,https://reservation.frontdesksuite.ca/rcfs/bernardgrandmaitre/Home/Index?Culture=en&PageId=7db9267a-40ad-41bf-811f-e10a8e1e1e0a,East - Vanier,Skating,Adult,PM,FALSE
6,Saturday,15:00 - 15:50,Bernard Grandmaître Arena,309 McArthur Road,Figure Skating (6+),Other,Other,Yes,https://ottawa.ca/en/recreation-and-parks/facilities/place-listing/bernard-grandmaitre-arena,https://reservation.frontdesksuite.ca/rcfs/bernardgrandmaitre/Home/Index?Culture=en&PageId=7db9267a-40ad-41bf-811f-e10a8e1e1e0a,East - Vanier,Skating,Adult,PM,FALSE
4,Thursday,17:00 - 17:50,Bernard Grandmaître Arena,309 McArthur Road,Hockey 35+,Other,Other,Yes,https://ottawa.ca/en/recreation-and-parks/facilities/place-listing/bernard-grandmaitre-arena,https://reservation.frontdesksuite.ca/rcfs/bernardgrandmaitre/Home/Index?Culture=en&PageId=7db9267a-40ad-41bf-811f-e10a8e1e1e0a,East - Vanier,Skating,Adult,Evening,FALSE
4,Thursday,10:00 - 10:50,Bernard Grandmaître Arena,309 McArthur Road,Hockey 50+,Other,Other,Yes,https://ottawa.ca/en/recreation-and-parks/facilities/place-listing/bernard-grandmaitre-arena,https://reservation.frontdesksuite.ca/rcfs/bernardgrandmaitre/Home/Index?Culture=en&PageId=7db9267a-40ad-41bf-811f-e10a8e1e1e0a,East - Vanier,Skating,50+,AM,FALSE
6,Saturday,16:00 - 16:50,Bernard Grandmaître Arena,309 McArthur Road,Ringette (10 to 14 years),Other,Other,Yes,https://ottawa.ca/en/recreation-and-parks/facilities/place-listing/bernard-grandmaitre-arena,https://reservation.frontdesksuite.ca/rcfs/bernardgrandmaitre/Home/Index?Culture=en&PageId=7db9267a-40ad-41bf-811f-e10a8e1e1e0a,East - Vanier,Skating,Youth,PM,FALSE
2,Tuesday,15:00 - 15:50,Bernard Grandmaître Arena,309 McArthur Road,Stick and Puck - Preschool and Child (3 to 12 years),Other,Other,Yes,https://ottawa.ca/en/recreation-and-parks/facilities/place-listing/bernard-grandmaitre-arena,https://reservation.frontdesksuite.ca/rcfs/bernardgrandmaitre/Home/Index?Culture=en&PageId=7db9267a-40ad-41bf-811f-e10a8e1e1e0a,East - Vanier,Skating,Preschool,PM,FALSE
2,Tuesday,16:00 - 16:50,Bernard Grandmaître Arena,309 McArthur Road,Stick and Puck - Youth and Adult (13+),Other,Other,Yes,https://ottawa.ca/en/recreation-and-parks/facilities/place-listing/bernard-grandmaitre-arena,https://reservation.frontdesksuite.ca/rcfs/bernardgrandmaitre/Home/Index?Culture=en&PageId=7db9267a-40ad-41bf-811f-e10a8e1e1e0a,East - Vanier,Skating,Youth,PM,FALSE
4,Thursday,11:00 - 11:50,Bernard Grandmaître Arena,309 McArthur Road,Public skating,Other,Other,No,https://ottawa.ca/en/recreation-and-parks/facilities/place-listing/bernard-grandmaitre-arena,#,East - Vanier,Skating,"Preschool, Children, Youth, Adult",AM,FALSE
6,Saturday,14:00 - 14:50,Bernard Grandmaître Arena,309 McArthur Road,Public skating,Other,Other,No,https://ottawa.ca/en/recreation-and-parks/facilities/place-listing/bernard-grandmaitre-arena,#,East - Vanier,Skating,"Preschool, Children, Youth, Adult",PM,TRUE
1,Monday,08:00 - 09:00,Bob MacQuarrie Recreation Complex - Orléans,1490 Youville Drive,Aquafit General - Deep,Aquafit,Indoors,No,https://ottawa.ca/en/recreation-and-parks/facilities/place-listing/bob-macquarrie-recreation-complex-orleans,#,East - Orleans,Swimming,Adult,AM,FALSE
1,Monday,09:00 - 10:00,Bob MacQuarrie Recreation Complex - Orléans,1490 Youville Drive,Aquafit General - Deep,Aquafit,Indoors,No,https://ottawa.ca/en/recreation-and-parks/facilities/place-listing/bob-macquarrie-recreation-complex-orleans,#,East - Orleans,Swimming,Adult,AM,FALSE
1,Monday,19:30 - 20:30,Bob MacQuarrie Recreation Complex - Orléans,1490 Youville Drive,Aquafit General - Deep,Aquafit,Indoors,No,https://ottawa.ca/en/recreation-and-parks/facilities/place-listing/bob-macquarrie-recreation-complex-orleans,#,East - Orleans,Swimming,Adult,Evening,FALSE
2,Tuesday,08:00 - 09:00,Bob MacQuarrie Recreation Complex - Orléans,1490 Youville Drive,Aquafit General - Deep,Aquafit,Indoors,No,https://ottawa.ca/en/recreation-and-parks/facilities/place-listing/bob-macquarrie-recreation-complex-orleans,#,East - Orleans,Swimming,Adult,AM,FALSE
2,Tuesday,09:00 - 10:00,Bob MacQuarrie Recreation Complex - Orléans,1490 Youville Drive,Aquafit General - Deep,Aquafit,Indoors,No,https://ottawa.ca/en/recreation-and-parks/facilities/place-listing/bob-macquarrie-recreation-complex-orleans,#,East - Orleans,Swimming,Adult,AM,FALSE
3,Wednesday,08:00 - 09:00,Bob MacQuarrie Recreation Complex - Orléans,1490 Youville Drive,Aquafit General - Deep,Aquafit,Indoors,No,https://ottawa.ca/en/recreation-and-parks/facilities/place-listing/bob-macquarrie-recreation-complex-orleans,#,East - Orleans,Swimming,Adult,AM,FALSE
3,Wednesday,09:00 - 10:00,Bob MacQuarrie Recreation Complex - Orléans,1490 Youville Drive,Aquafit General - Deep,Aquafit,Indoors,No,https://ottawa.ca/en/recreation-and-parks/facilities/place-listing/bob-macquarrie-recreation-complex-orleans,#,East - Orleans,Swimming,Adult,AM,FALSE
4,Thursday,08:00 - 09:00,Bob MacQuarrie Recreation Complex - Orléans,1490 Youville Drive,Aquafit General - Deep,Aquafit,Indoors,No,https://ottawa.ca/en/recreation-and-parks/facilities/place-listing/bob-macquarrie-recreation-complex-orleans,#,East - Orleans,Swimming,Adult,AM,FALSE
4,Thursday,09:00 - 10:00,Bob MacQuarrie Recreation Complex - Orléans,1490 Youville Drive,Aquafit General - Deep,Aquafit,Indoors,No,https://ottawa.ca/en/recreation-and-parks/facilities/place-listing/bob-macquarrie-recreation-complex-orleans,#,East - Orleans,Swimming,Adult,AM,FALSE
5,Friday,08:00 - 09:00,Bob MacQuarrie Recreation Complex - Orléans,1490 Youville Drive,Aquafit General - Deep,Aquafit,Indoors,No,https://ottawa.ca/en/recreation-and-parks/facilities/place-listing/bob-macquarrie-recreation-complex-orleans,#,East - Orleans,Swimming,Adult,AM,FALSE
5,Friday,09:00 - 10:00,Bob MacQuarrie Recreation Complex - Orléans,1490 Youville Drive,Aquafit General - Deep,Aquafit,Indoors,No,https://ottawa.ca/en/recreation-and-parks/facilities/place-listing/bob-macquarrie-recreation-complex-orleans,#,East - Orleans,Swimming,Adult,AM,FALSE
6,Saturday,08:00 - 09:00,Bob MacQuarrie Recreation Complex - Orléans,1490 Youville Drive,Aquafit General - Deep,Aquafit,Indoors,No,https://ottawa.ca/en/recreation-and-parks/facilities/place-listing/bob-macquarrie-recreation-complex-orleans,#,East - Orleans,Swimming,Adult,AM,FALSE
1,Monday,08:00 - 09:00,Bob MacQuarrie Recreation Complex - Orléans,1490 Youville Drive,Aquafit General - Shallow,Aquafit,Indoors,No,https://ottawa.ca/en/recreation-and-parks/facilities/place-listing/bob-macquarrie-recreation-complex-orleans,#,East - Orleans,Swimming,Adult,AM,FALSE
1,Monday,09:00 - 10:00,Bob MacQuarrie Recreation Complex - Orléans,1490 Youville Drive,Aquafit General - Shallow,Aquafit,Indoors,No,https://ottawa.ca/en/recreation-and-parks/facilities/place-listing/bob-macquarrie-recreation-complex-orleans,#,East - Orleans,Swimming,Adult,AM,FALSE
1,Monday,19:30 - 20:30,Bob MacQuarrie Recreation Complex - Orléans,1490 Youville Drive,Aquafit General - Shallow,Aquafit,Indoors,No,https://ottawa.ca/en/recreation-and-parks/facilities/place-listing/bob-macquarrie-recreation-complex-orleans,#,East - Orleans,Swimming,Adult,Evening,FALSE
2,Tuesday,08:00 - 09:00,Bob MacQuarrie Recreation Complex - Orléans,1490 Youville Drive,Aquafit General - Shallow,Aquafit,Indoors,No,https://ottawa.ca/en/recreation-and-parks/facilities/place-listing/bob-macquarrie-recreation-complex-orleans,#,East - Orleans,Swimming,Adult,AM,FALSE
2,Tuesday,09:00 - 10:00,Bob MacQuarrie Recreation Complex - Orléans,1490 Youville Drive,Aquafit General - Shallow,Aquafit,Indoors,No,https://ottawa.ca/en/recreation-and-parks/facilities/place-listing/bob-macquarrie-recreation-complex-orleans,#,East - Orleans,Swimming,Adult,AM,FALSE
3,Wednesday,08:00 - 09:00,Bob MacQuarrie Recreation Complex - Orléans,1490 Youville Drive,Aquafit General - Shallow,Aquafit,Indoors,No,https://ottawa.ca/en/recreation-and-parks/facilities/place-listing/bob-macquarrie-recreation-complex-orleans,#,East - Orleans,Swimming,Adult,AM,FALSE
4,Thursday,08:00 - 09:00,Bob MacQuarrie Recreation Complex - Orléans,1490 Youville Drive,Aquafit General - Shallow,Aquafit,Indoors,No,https://ottawa.ca/en/recreation-and-parks/facilities/place-listing/bob-macquarrie-recreation-complex-orleans,#,East - Orleans,Swimming,Adult,AM,FALSE
4,Thursday,09:00 - 10:00,Bob MacQuarrie Recreation Complex - Orléans,1490 Youville Drive,Aquafit General - Shallow,Aquafit,Indoors,No,https://ottawa.ca/en/recreation-and-parks/facilities/place-listing/bob-macquarrie-recreation-complex-orleans,#,East - Orleans,Swimming,Adult,AM,FALSE
5,Friday,08:00 - 09:00,Bob MacQuarrie Recreation Complex - Orléans,1490 Youville Drive,Aquafit General - Shallow,Aquafit,Indoors,No,https://ottawa.ca/en/recreation-and-parks/facilities/place-listing/bob-macquarrie-recreation-complex-orleans,#,East - Orleans,Swimming,Adult,AM,FALSE
5,Friday,09:00 - 10:00,Bob MacQuarrie Recreation Complex - Orléans,1490 Youville Drive,Aquafit General - Shallow,Aquafit,Indoors,No,https://ottawa.ca/en/recreation-and-parks/facilities/place-listing/bob-macquarrie-recreation-complex-orleans,#,East - Orleans,Swimming,Adult,AM,FALSE
6,Saturday,08:00 - 09:00,Bob MacQuarrie Recreation Complex - Orléans,1490 Youville Drive,Aquafit General - Shallow,Aquafit,Indoors,No,https://ottawa.ca/en/recreation-and-parks/facilities/place-listing/bob-macquarrie-recreation-complex-orleans,#,East - Orleans,Swimming,Adult,AM,FALSE
7,Sunday,08:00 - 09:00,Bob MacQuarrie Recreation Complex - Orléans,1490 Youville Drive,Aquafit General - Shallow,Aquafit,Indoors,No,https://ottawa.ca/en/recreation-and-parks/facilities/place-listing/bob-macquarrie-recreation-complex-orleans,#,East - Orleans,Swimming,Adult,AM,FALSE
1,Monday,07:00 - 08:00,Bob MacQuarrie Recreation Complex - Orléans,1490 Youville Drive,Aquafit General - Therapeutic pool,Aquafit,Indoors,No,https://ottawa.ca/en/recreation-and-parks/facilities/place-listing/bob-macquarrie-recreation-complex-orleans,#,East - Orleans,Swimming,Adult,AM,FALSE
2,Tuesday,07:00 - 08:00,Bob MacQuarrie Recreation Complex - Orléans,1490 Youville Drive,Aquafit General - Therapeutic pool,Aquafit,Indoors,No,https://ottawa.ca/en/recreation-and-parks/facilities/place-listing/bob-macquarrie-recreation-complex-orleans,#,East - Orleans,Swimming,Adult,AM,FALSE
3,Wednesday,07:00 - 08:00,Bob MacQuarrie Recreation Complex - Orléans,1490 Youville Drive,Aquafit General - Therapeutic pool,Aquafit,Indoors,No,https://ottawa.ca/en/recreation-and-parks/facilities/place-listing/bob-macquarrie-recreation-complex-orleans,#,East - Orleans,Swimming,Adult,AM,FALSE
4,Thursday,07:00 - 08:00,Bob MacQuarrie Recreation Complex - Orléans,1490 Youville Drive,Aquafit General - Therapeutic pool,Aquafit,Indoors,No,https://ottawa.ca/en/recreation-and-parks/facilities/place-listing/bob-macquarrie-recreation-complex-orleans,#,East - Orleans,Swimming,Adult,AM,FALSE
5,Friday,07:00 - 08:00,Bob MacQuarrie Recreation Complex - Orléans,1490 Youville Drive,Aquafit General - Therapeutic pool,Aquafit,Indoors,No,https://ottawa.ca/en/recreation-and-parks/facilities/place-listing/bob-macquarrie-recreation-complex-orleans,#,East - Orleans,Swimming,Adult,AM,FALSE
1,Monday,13:00 - 14:00,Bob MacQuarrie Recreation Complex - Orléans,1490 Youville Drive,Aquafit Lite - Therapeutic pool,Aquafit,Indoors,No,https://ottawa.ca/en/recreation-and-parks/facilities/place-listing/bob-macquarrie-recreation-complex-orleans,#,East - Orleans,Swimming,Adult,PM,FALSE
2,Tuesday,13:00 - 14:00,Bob MacQuarrie Recreation Complex - Orléans,1490 Youville Drive,Aquafit Lite - Therapeutic pool,Aquafit,Indoors,No,https://ottawa.ca/en/recreation-and-parks/facilities/place-listing/bob-macquarrie-recreation-complex-orleans,#,East - Orleans,Swimming,Adult,PM,FALSE
3,Wednesday,13:00 - 14:00,Bob MacQuarrie Recreation Complex - Orléans,1490 Youville Drive,Aquafit Lite - Therapeutic pool,Aquafit,Indoors,No,https://ottawa.ca/en/recreation-and-parks/facilities/place-listing/bob-macquarrie-recreation-complex-orleans,#,East - Orleans,Swimming,Adult,PM,FALSE
1,Monday,06:00 - 08:00,Bob MacQuarrie Recreation Complex - Orléans,1490 Youville Drive,Lane swim,Lane Swim,Indoors,No,https://ottawa.ca/en/recreation-and-parks/facilities/place-listing/bob-macquarrie-recreation-complex-orleans,#,East - Orleans,Swimming,Adult,AM,FALSE
1,Monday,11:00 - 13:00,Bob MacQuarrie Recreation Complex - Orléans,1490 Youville Drive,Lane swim,Lane Swim,Indoors,No,https://ottawa.ca/en/recreation-and-parks/facilities/place-listing/bob-macquarrie-recreation-complex-orleans,#,East - Orleans,Swimming,Adult,"AM, PM",FALSE
2,Tuesday,10:00 - 14:00,Bob MacQuarrie Recreation Complex - Orléans,1490 Youville Drive,Lane swim,Lane Swim,Indoors,No,https://ottawa.ca/en/recreation-and-parks/facilities/place-listing/bob-macquarrie-recreation-complex-orleans,#,East - Orleans,Swimming,Adult,"AM, PM",FALSE
2,Tuesday,21:00 - 22:00,Bob MacQuarrie Recreation Complex - Orléans,1490 Youville Drive,Lane swim,Lane Swim,Indoors,No,https://ottawa.ca/en/recreation-and-parks/facilities/place-listing/bob-macquarrie-recreation-complex-orleans,#,East - Orleans,Swimming,Adult,Evening,FALSE
3,Wednesday,06:00 - 08:00,Bob MacQuarrie Recreation Complex - Orléans,1490 Youville Drive,Lane swim,Lane Swim,Indoors,No,https://ottawa.ca/en/recreation-and-parks/facilities/place-listing/bob-macquarrie-recreation-complex-orleans,#,East - Orleans,Swimming,Adult,AM,FALSE
3,Wednesday,10:00 - 13:00,Bob MacQuarrie Recreation Complex - Orléans,1490 Youville Drive,Lane swim,Lane Swim,Indoors,No,https://ottawa.ca/en/recreation-and-parks/facilities/place-listing/bob-macquarrie-recreation-complex-orleans,#,East - Orleans,Swimming,Adult,"AM, PM",FALSE
4,Thursday,10:00 - 14:00,Bob MacQuarrie Recreation Complex - Orléans,1490 Youville Drive,Lane swim,Lane Swim,Indoors,No,https://ottawa.ca/en/recreation-and-parks/facilities/place-listing/bob-macquarrie-recreation-complex-orleans,#,East - Orleans,Swimming,Adult,"AM, PM",FALSE
4,Thursday,21:30 - 22:30,Bob MacQuarrie Recreation Complex - Orléans,1490 Youville Drive,Lane swim,Lane Swim,Indoors,No,https://ottawa.ca/en/recreation-and-parks/facilities/place-listing/bob-macquarrie-recreation-complex-orleans,#,East - Orleans,Swimming,Adult,Evening,FALSE
5,Friday,06:00 - 08:00,Bob MacQuarrie Recreation Complex - Orléans,1490 Youville Drive,Lane swim,Lane Swim,Indoors,No,https://ottawa.ca/en/recreation-and-parks/facilities/place-listing/bob-macquarrie-recreation-complex-orleans,#,East - Orleans,Swimming,Adult,AM,FALSE
5,Friday,11:00 - 13:00,Bob MacQuarrie Recreation Complex - Orléans,1490 Youville Drive,Lane swim,Lane Swim,Indoors,No,https://ottawa.ca/en/recreation-and-parks/facilities/place-listing/bob-macquarrie-recreation-complex-orleans,#,East - Orleans,Swimming,Adult,"AM, PM",FALSE
2,Tuesday,14:00 - 16:00,Bob MacQuarrie Recreation Complex - Orléans,1490 Youville Drive,Public swim -25 metre pool only,Public Swim,Indoors,No,https://ottawa.ca/en/recreation-and-parks/facilities/place-listing/bob-macquarrie-recreation-complex-orleans,#,East - Orleans,Swimming,"Preschool, Children, Youth, Adult",PM,FALSE
4,Thursday,14:00 - 16:00,Bob MacQuarrie Recreation Complex - Orléans,1490 Youville Drive,Public swim -25 metre pool only,Public Swim,Indoors,No,https://ottawa.ca/en/recreation-and-parks/facilities/place-listing/bob-macquarrie-recreation-complex-orleans,#,East - Orleans,Swimming,"Preschool, Children, Youth, Adult",PM,FALSE
5,Friday,19:30 - 20:30,Bob MacQuarrie Recreation Complex - Orléans,1490 Youville Drive,Public swim -25 metre pool only,Public Swim,Indoors,No,https://ottawa.ca/en/recreation-and-parks/facilities/place-listing/bob-macquarrie-recreation-complex-orleans,#,East - Orleans,Swimming,"Preschool, Children, Youth, Adult",Evening,FALSE
6,Saturday,13:30 - 16:00,Bob MacQuarrie Recreation Complex - Orléans,1490 Youville Drive,Public swim -25 metre pool only,Public Swim,Indoors,No,https://ottawa.ca/en/recreation-and-parks/facilities/place-listing/bob-macquarrie-recreation-complex-orleans,#,East - Orleans,Swimming,"Preschool, Children, Youth, Adult",PM,TRUE
7,Sunday,13:30 - 16:00,Bob MacQuarrie Recreation Complex - Orléans,1490 Youville Drive,Public swim -25 metre pool only,Public Swim,Indoors,No,https://ottawa.ca/en/recreation-and-parks/facilities/place-listing/bob-macquarrie-recreation-complex-orleans,#,East - Orleans,Swimming,"Preschool, Children, Youth, Adult",PM,FALSE
2,Tuesday,10:00 - 12:00,Bob MacQuarrie Recreation Complex - Orléans,1490 Youville Drive,Public swim - therapeutic pool,Public Swim,Indoors,No,https://ottawa.ca/en/recreation-and-parks/facilities/place-listing/bob-macquarrie-recreation-complex-orleans,#,East - Orleans,Swimming,"Preschool, Children, Youth, Adult",AM,FALSE
4,Thursday,10:00 - 16:00,Bob MacQuarrie Recreation Complex - Orléans,1490 Youville Drive,Public swim - therapeutic pool,Public Swim,Indoors,No,https://ottawa.ca/en/recreation-and-parks/facilities/place-listing/bob-macquarrie-recreation-complex-orleans,#,East - Orleans,Swimming,"Preschool, Children, Youth, Adult","AM, PM",FALSE
5,Friday,11:00 - 12:00,Bob MacQuarrie Recreation Complex - Orléans,1490 Youville Drive,Public swim - therapeutic pool,Public Swim,Indoors,No,https://ottawa.ca/en/recreation-and-parks/facilities/place-listing/bob-macquarrie-recreation-complex-orleans,#,East - Orleans,Swimming,"Preschool, Children, Youth, Adult",AM,FALSE
5,Friday,19:30 - 20:30,Bob MacQuarrie Recreation Complex - Orléans,1490 Youville Drive,Public swim - therapeutic pool,Public Swim,Indoors,No,https://ottawa.ca/en/recreation-and-parks/facilities/place-listing/bob-macquarrie-recreation-complex-orleans,#,East - Orleans,Swimming,"Preschool, Children, Youth, Adult",Evening,FALSE
6,Saturday,14:30 - 16:00,Bob MacQuarrie Recreation Complex - Orléans,1490 Youville Drive,Public swim - therapeutic pool,Public Swim,Indoors,No,https://ottawa.ca/en/recreation-and-parks/facilities/place-listing/bob-macquarrie-recreation-complex-orleans,#,East - Orleans,Swimming,"Preschool, Children, Youth, Adult",PM,TRUE
7,Sunday,13:30 - 16:00,Bob MacQuarrie Recreation Complex - Orléans,1490 Youville Drive,Public swim - therapeutic pool,Public Swim,Indoors,No,https://ottawa.ca/en/recreation-and-parks/facilities/place-listing/bob-macquarrie-recreation-complex-orleans,#,East - Orleans,Swimming,"Preschool, Children, Youth, Adult",PM,FALSE
1,Monday,06:00 - 21:00,Bob MacQuarrie Recreation Complex - Orléans,1490 Youville Drive,Weight and cardio room,Other,Indoors,No,https://ottawa.ca/en/recreation-and-parks/facilities/place-listing/bob-macquarrie-recreation-complex-orleans,#,East - Orleans,Fitness,Adult,"AM, PM, Evening",FALSE
2,Tuesday,06:00 - 21:00,Bob MacQuarrie Recreation Complex - Orléans,1490 Youville Drive,Weight and cardio room,Other,Indoors,No,https://ottawa.ca/en/recreation-and-parks/facilities/place-listing/bob-macquarrie-recreation-complex-orleans,#,East - Orleans,Fitness,Adult,"AM, PM, Evening",FALSE
3,Wednesday,06:00 - 21:00,Bob MacQuarrie Recreation Complex - Orléans,1490 Youville Drive,Weight and cardio room,Other,Indoors,No,https://ottawa.ca/en/recreation-and-parks/facilities/place-listing/bob-macquarrie-recreation-complex-orleans,#,East - Orleans,Fitness,Adult,"AM, PM, Evening",FALSE
4,Thursday,06:00 - 21:00,Bob MacQuarrie Recreation Complex - Orléans,1490 Youville Drive,Weight and cardio room,Other,Indoors,No,https://ottawa.ca/en/recreation-and-parks/facilities/place-listing/bob-macquarrie-recreation-complex-orleans,#,East - Orleans,Fitness,Adult,"AM, PM, Evening",FALSE
5,Friday,06:00 - 21:00,Bob MacQuarrie Recreation Complex - Orléans,1490 Youville Drive,Weight and cardio room,Other,Indoors,No,https://ottawa.ca/en/recreation-and-parks/facilities/place-listing/bob-macquarrie-recreation-complex-orleans,#,East - Orleans,Fitness,Adult,"AM, PM, Evening",FALSE
6,Saturday,08:00 - 18:00,Bob MacQuarrie Recreation Complex - Orléans,1490 Youville Drive,Weight and cardio room,Other,Indoors,No,https://ottawa.ca/en/recreation-and-parks/facilities/place-listing/bob-macquarrie-recreation-complex-orleans,#,East - Orleans,Fitness,Adult,"AM, PM, Evening",FALSE
7,Sunday,08:00 - 18:00,Bob MacQuarrie Recreation Complex - Orléans,1490 Youville Drive,Weight and cardio room,Other,Indoors,No,https://ottawa.ca/en/recreation-and-parks/facilities/place-listing/bob-macquarrie-recreation-complex-orleans,#,East - Orleans,Fitness,Adult,"AM, PM, Evening",FALSE
5,Friday,12:00 - 12:55,Bob MacQuarrie Recreation Complex - Orléans,1490 Youville Drive,Pilates,Other,Indoors,No,https://ottawa.ca/en/recreation-and-parks/facilities/place-listing/bob-macquarrie-recreation-complex-orleans,#,East - Orleans,Group Fitness,Adult,PM,FALSE
1,Monday,10:30 - 11:25,Bob MacQuarrie Recreation Complex - Orléans,1490 Youville Drive,Cardio and strength,Other,Indoors,No,https://ottawa.ca/en/recreation-and-parks/facilities/place-listing/bob-macquarrie-recreation-complex-orleans,#,East - Orleans,Group Fitness,Adult,AM,FALSE
1,Monday,12:00 - 12:55,Bob MacQuarrie Recreation Complex - Orléans,1490 Youville Drive,Cardio and strength 50+,Other,Indoors,No,https://ottawa.ca/en/recreation-and-parks/facilities/place-listing/bob-macquarrie-recreation-complex-orleans,#,East - Orleans,Group Fitness,50+,PM,FALSE
3,Wednesday,12:00 - 12:55,Bob MacQuarrie Recreation Complex - Orléans,1490 Youville Drive,Cardio and strength 50+,Other,Indoors,No,https://ottawa.ca/en/recreation-and-parks/facilities/place-listing/bob-macquarrie-recreation-complex-orleans,#,East - Orleans,Group Fitness,50+,PM,FALSE
1,Monday,09:15 - 10:10,Bob MacQuarrie Recreation Complex - Orléans,1490 Youville Drive,Core conditioning,Other,Indoors,No,https://ottawa.ca/en/recreation-and-parks/facilities/place-listing/bob-macquarrie-recreation-complex-orleans,#,East - Orleans,Group Fitness,Adult,AM,FALSE
2,Tuesday,10:30 - 11:25,Bob MacQuarrie Recreation Complex - Orléans,1490 Youville Drive,Core conditioning,Other,Indoors,No,https://ottawa.ca/en/recreation-and-parks/facilities/place-listing/bob-macquarrie-recreation-complex-orleans,#,East - Orleans,Group Fitness,Adult,AM,FALSE
3,Wednesday,09:15 - 10:10,Bob MacQuarrie Recreation Complex - Orléans,1490 Youville Drive,Core conditioning,Other,Indoors,No,https://ottawa.ca/en/recreation-and-parks/facilities/place-listing/bob-macquarrie-recreation-complex-orleans,#,East - Orleans,Group Fitness,Adult,AM,FALSE
7,Sunday,10:15 - 11:10,Bob MacQuarrie Recreation Complex - Orléans,1490 Youville Drive,Core conditioning,Other,Indoors,No,https://ottawa.ca/en/recreation-and-parks/facilities/place-listing/bob-macquarrie-recreation-complex-orleans,#,East - Orleans,Group Fitness,Adult,AM,FALSE
2,Tuesday,18:45 - 19:40,Bob MacQuarrie Recreation Complex - Orléans,1490 Youville Drive,Zumba®,Other,Indoors,No,https://ottawa.ca/en/recreation-and-parks/facilities/place-listing/bob-macquarrie-recreation-complex-orleans,#,East - Orleans,Group Fitness,Adult,Evening,FALSE
4,Thursday,09:15 - 10:10,Bob MacQuarrie Recreation Complex - Orléans,1490 Youville Drive,Zumba®,Other,Indoors,No,https://ottawa.ca/en/recreation-and-parks/facilities/place-listing/bob-macquarrie-recreation-complex-orleans,#,East - Orleans,Group Fitness,Adult,AM,FALSE
4,Thursday,18:45 - 19:40,Bob MacQuarrie Recreation Complex - Orléans,1490 Youville Drive,Zumba®,Other,Indoors,No,https://ottawa.ca/en/recreation-and-parks/facilities/place-listing/bob-macquarrie-recreation-complex-orleans,#,East - Orleans,Group Fitness,Adult,Evening,FALSE
7,Sunday,09:00 - 09:55,Bob MacQuarrie Recreation Complex - Orléans,1490 Youville Drive,Zumba®,Other,Indoors,No,https://ottawa.ca/en/recreation-and-parks/facilities/place-listing/bob-macquarrie-recreation-complex-orleans,#,East - Orleans,Group Fitness,Adult,AM,FALSE
1,Monday,08:30 - 09:25,Bob MacQuarrie Recreation Complex - Orléans,1490 Youville Drive,Indoor cycling,Other,Indoors,Yes,https://ottawa.ca/en/recreation-and-parks/facilities/place-listing/bob-macquarrie-recreation-complex-orleans,https://reservation.frontdesksuite.ca/rcfs/bobmacquarrie/Home/Index?Culture=en&PageId=b5fc0b91-0930-4fc8-9a99-66c7cd158d06,East - Orleans,Group Fitness,Adult,AM,FALSE
2,Tuesday,06:30 - 07:25,Bob MacQuarrie Recreation Complex - Orléans,1490 Youville Drive,Indoor cycling,Other,Indoors,Yes,https://ottawa.ca/en/recreation-and-parks/facilities/place-listing/bob-macquarrie-recreation-complex-orleans,https://reservation.frontdesksuite.ca/rcfs/bobmacquarrie/Home/Index?Culture=en&PageId=b5fc0b91-0930-4fc8-9a99-66c7cd158d06,East - Orleans,Group Fitness,Adult,AM,FALSE
3,Wednesday,08:30 - 09:25,Bob MacQuarrie Recreation Complex - Orléans,1490 Youville Drive,Indoor cycling,Other,Indoors,Yes,https://ottawa.ca/en/recreation-and-parks/facilities/place-listing/bob-macquarrie-recreation-complex-orleans,https://reservation.frontdesksuite.ca/rcfs/bobmacquarrie/Home/Index?Culture=en&PageId=b5fc0b91-0930-4fc8-9a99-66c7cd158d06,East - Orleans,Group Fitness,Adult,AM,FALSE
4,Thursday,06:30 - 07:25,Bob MacQuarrie Recreation Complex - Orléans,1490 Youville Drive,Indoor cycling,Other,Indoors,Yes,https://ottawa.ca/en/recreation-and-parks/facilities/place-listing/bob-macquarrie-recreation-complex-orleans,https://reservation.frontdesksuite.ca/rcfs/bobmacquarrie/Home/Index?Culture=en&PageId=b5fc0b91-0930-4fc8-9a99-66c7cd158d06,East - Orleans,Group Fitness,Adult,AM,FALSE
5,Friday,08:30 - 09:25,Bob MacQuarrie Recreation Complex - Orléans,1490 Youville Drive,Indoor cycling,Other,Indoors,Yes,https://ottawa.ca/en/recreation-and-parks/facilities/place-listing/bob-macquarrie-recreation-complex-orleans,https://reservation.frontdesksuite.ca/rcfs/bobmacquarrie/Home/Index?Culture=en&PageId=b5fc0b91-0930-4fc8-9a99-66c7cd158d06,East - Orleans,Group Fitness,Adult,AM,FALSE
4,Thursday,10:30 - 11:25,Bob MacQuarrie Recreation Complex - Orléans,1490 Youville Drive,Yoga,Other,Indoors,No,https://ottawa.ca/en/recreation-and-parks/facilities/place-listing/bob-macquarrie-recreation-complex-orleans,#,East - Orleans,Group Fitness,Adult,AM,FALSE
5,Friday,10:30 - 11:25,Bob MacQuarrie Recreation Complex - Orléans,1490 Youville Drive,Yoga,Other,Indoors,No,https://ottawa.ca/en/recreation-and-parks/facilities/place-listing/bob-macquarrie-recreation-complex-orleans,#,East - Orleans,Group Fitness,Adult,AM,FALSE
6,Saturday,09:00 - 09:55,Bob MacQuarrie Recreation Complex - Orléans,1490 Youville Drive,Yoga,Other,Indoors,No,https://ottawa.ca/en/recreation-and-parks/facilities/place-listing/bob-macquarrie-recreation-complex-orleans,#,East - Orleans,Group Fitness,Adult,AM,FALSE
3,Wednesday,10:30 - 11:25,Bob MacQuarrie Recreation Complex - Orléans,1490 Youville Drive,HIIT,Other,Indoors,No,https://ottawa.ca/en/recreation-and-parks/facilities/place-listing/bob-macquarrie-recreation-complex-orleans,#,East - Orleans,Group Fitness,Adult,AM,FALSE
3,Wednesday,16:30 - 17:25,Bob MacQuarrie Recreation Complex - Orléans,1490 Youville Drive,HIIT,Other,Indoors,No,https://ottawa.ca/en/recreation-and-parks/facilities/place-listing/bob-macquarrie-recreation-complex-orleans,#,East - Orleans,Group Fitness,Adult,"PM, Evening",FALSE
5,Friday,09:15 - 10:10,Bob MacQuarrie Recreation Complex - Orléans,1490 Youville Drive,HIIT,Other,Indoors,No,https://ottawa.ca/en/recreation-and-parks/facilities/place-listing/bob-macquarrie-recreation-complex-orleans,#,East - Orleans,Group Fitness,Adult,AM,FALSE
2,Tuesday,16:30 - 17:25,Bob MacQuarrie Recreation Complex - Orléans,1490 Youville Drive,Step and Strength,Other,Indoors,No,https://ottawa.ca/en/recreation-and-parks/facilities/place-listing/bob-macquarrie-recreation-complex-orleans,#,East - Orleans,Group Fitness,Adult,"PM, Evening",FALSE
1,Monday,16:30 - 17:25,Bob MacQuarrie Recreation Complex - Orléans,1490 Youville Drive,Strength,Other,Indoors,No,https://ottawa.ca/en/recreation-and-parks/facilities/place-listing/bob-macquarrie-recreation-complex-orleans,#,East - Orleans,Group Fitness,Adult,"PM, Evening",FALSE
1,Monday,18:45 - 19:40,Bob MacQuarrie Recreation Complex - Orléans,1490 Youville Drive,Strength,Other,Indoors,No,https://ottawa.ca/en/recreation-and-parks/facilities/place-listing/bob-macquarrie-recreation-complex-orleans,#,East - Orleans,Group Fitness,Adult,Evening,FALSE
2,Tuesday,09:15 - 10:10,Bob MacQuarrie Recreation Complex - Orléans,1490 Youville Drive,Strength,Other,Indoors,No,https://ottawa.ca/en/recreation-and-parks/facilities/place-listing/bob-macquarrie-recreation-complex-orleans,#,East - Orleans,Group Fitness,Adult,AM,FALSE
3,Wednesday,18:45 - 19:40,Bob MacQuarrie Recreation Complex - Orléans,1490 Youville Drive,Strength,Other,Indoors,No,https://ottawa.ca/en/recreation-and-parks/facilities/place-listing/bob-macquarrie-recreation-complex-orleans,#,East - Orleans,Group Fitness,Adult,Evening,FALSE
5,Friday,16:30 - 17:25,Bob MacQuarrie Recreation Complex - Orléans,1490 Youville Drive,Strength,Other,Indoors,No,https://ottawa.ca/en/recreation-and-parks/facilities/place-listing/bob-macquarrie-recreation-complex-orleans,#,East - Orleans,Group Fitness,Adult,"PM, Evening",FALSE
6,Saturday,10:15 - 11:10,Bob MacQuarrie Recreation Complex - Orléans,1490 Youville Drive,Strength,Other,Indoors,No,https://ottawa.ca/en/recreation-and-parks/facilities/place-listing/bob-macquarrie-recreation-complex-orleans,#,East - Orleans,Group Fitness,Adult,AM,FALSE
4,Thursday,16:30 - 17:25,Bob MacQuarrie Recreation Complex - Orléans,1490 Youville Drive,20/20/20,Other,Indoors,No,https://ottawa.ca/en/recreation-and-parks/facilities/place-listing/bob-macquarrie-recreation-complex-orleans,#,East - Orleans,Group Fitness,Adult,"PM, Evening",FALSE
1,Monday,06:15 - 07:15,Bob MacQuarrie Recreation Complex - Orléans,1490 Youville Drive,"Racquetball - courts 4, 6, and 8",Other,Indoors,Yes,https://ottawa.ca/en/recreation-and-parks/facilities/place-listing/bob-macquarrie-recreation-complex-orleans,https://reservation.frontdesksuite.ca/rcfs/bobmacquarrie/Home/Index?Culture=en&PageId=b5fc0b91-0930-4fc8-9a99-66c7cd158d06,East - Orleans,Racquet Sport,Adult,AM,FALSE
1,Monday,07:15 - 08:15,Bob MacQuarrie Recreation Complex - Orléans,1490 Youville Drive,"Racquetball - courts 4, 6, and 8",Other,Indoors,Yes,https://ottawa.ca/en/recreation-and-parks/facilities/place-listing/bob-macquarrie-recreation-complex-orleans,https://reservation.frontdesksuite.ca/rcfs/bobmacquarrie/Home/Index?Culture=en&PageId=b5fc0b91-0930-4fc8-9a99-66c7cd158d06,East - Orleans,Racquet Sport,Adult,AM,FALSE
1,Monday,08:15 - 09:15,Bob MacQuarrie Recreation Complex - Orléans,1490 Youville Drive,"Racquetball - courts 4, 6, and 8",Other,Indoors,Yes,https://ottawa.ca/en/recreation-and-parks/facilities/place-listing/bob-macquarrie-recreation-complex-orleans,https://reservation.frontdesksuite.ca/rcfs/bobmacquarrie/Home/Index?Culture=en&PageId=b5fc0b91-0930-4fc8-9a99-66c7cd158d06,East - Orleans,Racquet Sport,Adult,AM,FALSE
1,Monday,09:15 - 10:15,Bob MacQuarrie Recreation Complex - Orléans,1490 Youville Drive,"Racquetball - courts 4, 6, and 8",Other,Indoors,Yes,https://ottawa.ca/en/recreation-and-parks/facilities/place-listing/bob-macquarrie-recreation-complex-orleans,https://reservation.frontdesksuite.ca/rcfs/bobmacquarrie/Home/Index?Culture=en&PageId=b5fc0b91-0930-4fc8-9a99-66c7cd158d06,East - Orleans,Racquet Sport,Adult,AM,FALSE
1,Monday,10:15 - 11:15,Bob MacQuarrie Recreation Complex - Orléans,1490 Youville Drive,"Racquetball - courts 4, 6, and 8",Other,Indoors,Yes,https://ottawa.ca/en/recreation-and-parks/facilities/place-listing/bob-macquarrie-recreation-complex-orleans,https://reservation.frontdesksuite.ca/rcfs/bobmacquarrie/Home/Index?Culture=en&PageId=b5fc0b91-0930-4fc8-9a99-66c7cd158d06,East - Orleans,Racquet Sport,Adult,AM,FALSE
1,Monday,11:15 - 12:15,Bob MacQuarrie Recreation Complex - Orléans,1490 Youville Drive,"Racquetball - courts 4, 6, and 8",Other,Indoors,Yes,https://ottawa.ca/en/recreation-and-parks/facilities/place-listing/bob-macquarrie-recreation-complex-orleans,https://reservation.frontdesksuite.ca/rcfs/bobmacquarrie/Home/Index?Culture=en&PageId=b5fc0b91-0930-4fc8-9a99-66c7cd158d06,East - Orleans,Racquet Sport,Adult,"AM, PM",FALSE
1,Monday,12:15 - 13:15,Bob MacQuarrie Recreation Complex - Orléans,1490 Youville Drive,"Racquetball - courts 4, 6, and 8",Other,Indoors,Yes,https://ottawa.ca/en/recreation-and-parks/facilities/place-listing/bob-macquarrie-recreation-complex-orleans,https://reservation.frontdesksuite.ca/rcfs/bobmacquarrie/Home/Index?Culture=en&PageId=b5fc0b91-0930-4fc8-9a99-66c7cd158d06,East - Orleans,Racquet Sport,Adult,PM,FALSE
1,Monday,13:15 - 14:15,Bob MacQuarrie Recreation Complex - Orléans,1490 Youville Drive,"Racquetball - courts 4, 6, and 8",Other,Indoors,Yes,https://ottawa.ca/en/recreation-and-parks/facilities/place-listing/bob-macquarrie-recreation-complex-orleans,https://reservation.frontdesksuite.ca/rcfs/bobmacquarrie/Home/Index?Culture=en&PageId=b5fc0b91-0930-4fc8-9a99-66c7cd158d06,East - Orleans,Racquet Sport,Adult,PM,FALSE
1,Monday,14:15 - 15:15,Bob MacQuarrie Recreation Complex - Orléans,1490 Youville Drive,"Racquetball - courts 4, 6, and 8",Other,Indoors,Yes,https://ottawa.ca/en/recreation-and-parks/facilities/place-listing/bob-macquarrie-recreation-complex-orleans,https://reservation.frontdesksuite.ca/rcfs/bobmacquarrie/Home/Index?Culture=en&PageId=b5fc0b91-0930-4fc8-9a99-66c7cd158d06,East - Orleans,Racquet Sport,Adult,PM,FALSE
1,Monday,15:15 - 16:15,Bob MacQuarrie Recreation Complex - Orléans,1490 Youville Drive,"Racquetball - courts 4, 6, and 8",Other,Indoors,Yes,https://ottawa.ca/en/recreation-and-parks/facilities/place-listing/bob-macquarrie-recreation-complex-orleans,https://reservation.frontdesksuite.ca/rcfs/bobmacquarrie/Home/Index?Culture=en&PageId=b5fc0b91-0930-4fc8-9a99-66c7cd158d06,East - Orleans,Racquet Sport,Adult,PM,FALSE
1,Monday,16:15 - 17:15,Bob MacQuarrie Recreation Complex - Orléans,1490 Youville Drive,"Racquetball - courts 4, 6, and 8",Other,Indoors,Yes,https://ottawa.ca/en/recreation-and-parks/facilities/place-listing/bob-macquarrie-recreation-complex-orleans,https://reservation.frontdesksuite.ca/rcfs/bobmacquarrie/Home/Index?Culture=en&PageId=b5fc0b91-0930-4fc8-9a99-66c7cd158d06,East - Orleans,Racquet Sport,Adult,"PM, Evening",FALSE
1,Monday,17:15 - 18:15,Bob MacQuarrie Recreation Complex - Orléans,1490 Youville Drive,"Racquetball - courts 4, 6, and 8",Other,Indoors,Yes,https://ottawa.ca/en/recreation-and-parks/facilities/place-listing/bob-macquarrie-recreation-complex-orleans,https://reservation.frontdesksuite.ca/rcfs/bobmacquarrie/Home/Index?Culture=en&PageId=b5fc0b91-0930-4fc8-9a99-66c7cd158d06,East - Orleans,Racquet Sport,Adult,Evening,FALSE
1,Monday,19:15 - 20:15,Bob MacQuarrie Recreation Complex - Orléans,1490 Youville Drive,"Racquetball - courts 4, 6, and 8",Other,Indoors,Yes,https://ottawa.ca/en/recreation-and-parks/facilities/place-listing/bob-macquarrie-recreation-complex-orleans,https://reservation.frontdesksuite.ca/rcfs/bobmacquarrie/Home/Index?Culture=en&PageId=b5fc0b91-0930-4fc8-9a99-66c7cd158d06,East - Orleans,Racquet Sport,Adult,Evening,FALSE
2,Tuesday,06:15 - 07:15,Bob MacQuarrie Recreation Complex - Orléans,1490 Youville Drive,"Racquetball - courts 4, 6, and 8",Other,Indoors,Yes,https://ottawa.ca/en/recreation-and-parks/facilities/place-listing/bob-macquarrie-recreation-complex-orleans,https://reservation.frontdesksuite.ca/rcfs/bobmacquarrie/Home/Index?Culture=en&PageId=b5fc0b91-0930-4fc8-9a99-66c7cd158d06,East - Orleans,Racquet Sport,Adult,AM,FALSE
2,Tuesday,07:15 - 08:15,Bob MacQuarrie Recreation Complex - Orléans,1490 Youville Drive,"Racquetball - courts 4, 6, and 8",Other,Indoors,Yes,https://ottawa.ca/en/recreation-and-parks/facilities/place-listing/bob-macquarrie-recreation-complex-orleans,https://reservation.frontdesksuite.ca/rcfs/bobmacquarrie/Home/Index?Culture=en&PageId=b5fc0b91-0930-4fc8-9a99-66c7cd158d06,East - Orleans,Racquet Sport,Adult,AM,FALSE
2,Tuesday,08:15 - 09:15,Bob MacQuarrie Recreation Complex - Orléans,1490 Youville Drive,"Racquetball - courts 4, 6, and 8",Other,Indoors,Yes,https://ottawa.ca/en/recreation-and-parks/facilities/place-listing/bob-macquarrie-recreation-complex-orleans,https://reservation.frontdesksuite.ca/rcfs/bobmacquarrie/Home/Index?Culture=en&PageId=b5fc0b91-0930-4fc8-9a99-66c7cd158d06,East - Orleans,Racquet Sport,Adult,AM,FALSE
2,Tuesday,09:15 - 10:15,Bob MacQuarrie Recreation Complex - Orléans,1490 Youville Drive,"Racquetball - courts 4, 6, and 8",Other,Indoors,Yes,https://ottawa.ca/en/recreation-and-parks/facilities/place-listing/bob-macquarrie-recreation-complex-orleans,https://reservation.frontdesksuite.ca/rcfs/bobmacquarrie/Home/Index?Culture=en&PageId=b5fc0b91-0930-4fc8-9a99-66c7cd158d06,East - Orleans,Racquet Sport,Adult,AM,FALSE
2,Tuesday,10:15 - 11:15,Bob MacQuarrie Recreation Complex - Orléans,1490 Youville Drive,"Racquetball - courts 4, 6, and 8",Other,Indoors,Yes,https://ottawa.ca/en/recreation-and-parks/facilities/place-listing/bob-macquarrie-recreation-complex-orleans,https://reservation.frontdesksuite.ca/rcfs/bobmacquarrie/Home/Index?Culture=en&PageId=b5fc0b91-0930-4fc8-9a99-66c7cd158d06,East - Orleans,Racquet Sport,Adult,AM,FALSE
2,Tuesday,11:15 - 12:15,Bob MacQuarrie Recreation Complex - Orléans,1490 Youville Drive,"Racquetball - courts 4, 6, and 8",Other,Indoors,Yes,https://ottawa.ca/en/recreation-and-parks/facilities/place-listing/bob-macquarrie-recreation-complex-orleans,https://reservation.frontdesksuite.ca/rcfs/bobmacquarrie/Home/Index?Culture=en&PageId=b5fc0b91-0930-4fc8-9a99-66c7cd158d06,East - Orleans,Racquet Sport,Adult,"AM, PM",FALSE
2,Tuesday,12:15 - 13:15,Bob MacQuarrie Recreation Complex - Orléans,1490 Youville Drive,"Racquetball - courts 4, 6, and 8",Other,Indoors,Yes,https://ottawa.ca/en/recreation-and-parks/facilities/place-listing/bob-macquarrie-recreation-complex-orleans,https://reservation.frontdesksuite.ca/rcfs/bobmacquarrie/Home/Index?Culture=en&PageId=b5fc0b91-0930-4fc8-9a99-66c7cd158d06,East - Orleans,Racquet Sport,Adult,PM,FALSE
2,Tuesday,13:15 - 14:15,Bob MacQuarrie Recreation Complex - Orléans,1490 Youville Drive,"Racquetball - courts 4, 6, and 8",Other,Indoors,Yes,https://ottawa.ca/en/recreation-and-parks/facilities/place-listing/bob-macquarrie-recreation-complex-orleans,https://reservation.frontdesksuite.ca/rcfs/bobmacquarrie/Home/Index?Culture=en&PageId=b5fc0b91-0930-4fc8-9a99-66c7cd158d06,East - Orleans,Racquet Sport,Adult,PM,FALSE
2,Tuesday,14:15 - 15:15,Bob MacQuarrie Recreation Complex - Orléans,1490 Youville Drive,"Racquetball - courts 4, 6, and 8",Other,Indoors,Yes,https://ottawa.ca/en/recreation-and-parks/facilities/place-listing/bob-macquarrie-recreation-complex-orleans,https://reservation.frontdesksuite.ca/rcfs/bobmacquarrie/Home/Index?Culture=en&PageId=b5fc0b91-0930-4fc8-9a99-66c7cd158d06,East - Orleans,Racquet Sport,Adult,PM,FALSE
2,Tuesday,15:15 - 16:15,Bob MacQuarrie Recreation Complex - Orléans,1490 Youville Drive,"Racquetball - courts 4, 6, and 8",Other,Indoors,Yes,https://ottawa.ca/en/recreation-and-parks/facilities/place-listing/bob-macquarrie-recreation-complex-orleans,https://reservation.frontdesksuite.ca/rcfs/bobmacquarrie/Home/Index?Culture=en&PageId=b5fc0b91-0930-4fc8-9a99-66c7cd158d06,East - Orleans,Racquet Sport,Adult,PM,FALSE
2,Tuesday,16:15 - 17:15,Bob MacQuarrie Recreation Complex - Orléans,1490 Youville Drive,"Racquetball - courts 4, 6, and 8",Other,Indoors,Yes,https://ottawa.ca/en/recreation-and-parks/facilities/place-listing/bob-macquarrie-recreation-complex-orleans,https://reservation.frontdesksuite.ca/rcfs/bobmacquarrie/Home/Index?Culture=en&PageId=b5fc0b91-0930-4fc8-9a99-66c7cd158d06,East - Orleans,Racquet Sport,Adult,"PM, Evening",FALSE
2,Tuesday,17:15 - 18:15,Bob MacQuarrie Recreation Complex - Orléans,1490 Youville Drive,"Racquetball - courts 4, 6, and 8",Other,Indoors,Yes,https://ottawa.ca/en/recreation-and-parks/facilities/place-listing/bob-macquarrie-recreation-complex-orleans,https://reservation.frontdesksuite.ca/rcfs/bobmacquarrie/Home/Index?Culture=en&PageId=b5fc0b91-0930-4fc8-9a99-66c7cd158d06,East - Orleans,Racquet Sport,Adult,Evening,FALSE
2,Tuesday,18:15 - 19:15,Bob MacQuarrie Recreation Complex - Orléans,1490 Youville Drive,"Racquetball - courts 4, 6, and 8",Other,Indoors,Yes,https://ottawa.ca/en/recreation-and-parks/facilities/place-listing/bob-macquarrie-recreation-complex-orleans,https://reservation.frontdesksuite.ca/rcfs/bobmacquarrie/Home/Index?Culture=en&PageId=b5fc0b91-0930-4fc8-9a99-66c7cd158d06,East - Orleans,Racquet Sport,Adult,Evening,FALSE
2,Tuesday,19:15 - 20:15,Bob MacQuarrie Recreation Complex - Orléans,1490 Youville Drive,"Racquetball - courts 4, 6, and 8",Other,Indoors,Yes,https://ottawa.ca/en/recreation-and-parks/facilities/place-listing/bob-macquarrie-recreation-complex-orleans,https://reservation.frontdesksuite.ca/rcfs/bobmacquarrie/Home/Index?Culture=en&PageId=b5fc0b91-0930-4fc8-9a99-66c7cd158d06,East - Orleans,Racquet Sport,Adult,Evening,FALSE
3,Wednesday,06:15 - 07:15,Bob MacQuarrie Recreation Complex - Orléans,1490 Youville Drive,"Racquetball - courts 4, 6, and 8",Other,Indoors,Yes,https://ottawa.ca/en/recreation-and-parks/facilities/place-listing/bob-macquarrie-recreation-complex-orleans,https://reservation.frontdesksuite.ca/rcfs/bobmacquarrie/Home/Index?Culture=en&PageId=b5fc0b91-0930-4fc8-9a99-66c7cd158d06,East - Orleans,Racquet Sport,Adult,AM,FALSE
3,Wednesday,07:15 - 08:15,Bob MacQuarrie Recreation Complex - Orléans,1490 Youville Drive,"Racquetball - courts 4, 6, and 8",Other,Indoors,Yes,https://ottawa.ca/en/recreation-and-parks/facilities/place-listing/bob-macquarrie-recreation-complex-orleans,https://reservation.frontdesksuite.ca/rcfs/bobmacquarrie/Home/Index?Culture=en&PageId=b5fc0b91-0930-4fc8-9a99-66c7cd158d06,East - Orleans,Racquet Sport,Adult,AM,FALSE
3,Wednesday,08:15 - 09:15,Bob MacQuarrie Recreation Complex - Orléans,1490 Youville Drive,"Racquetball - courts 4, 6, and 8",Other,Indoors,Yes,https://ottawa.ca/en/recreation-and-parks/facilities/place-listing/bob-macquarrie-recreation-complex-orleans,https://reservation.frontdesksuite.ca/rcfs/bobmacquarrie/Home/Index?Culture=en&PageId=b5fc0b91-0930-4fc8-9a99-66c7cd158d06,East - Orleans,Racquet Sport,Adult,AM,FALSE
3,Wednesday,09:15 - 10:15,Bob MacQuarrie Recreation Complex - Orléans,1490 Youville Drive,"Racquetball - courts 4, 6, and 8",Other,Indoors,Yes,https://ottawa.ca/en/recreation-and-parks/facilities/place-listing/bob-macquarrie-recreation-complex-orleans,https://reservation.frontdesksuite.ca/rcfs/bobmacquarrie/Home/Index?Culture=en&PageId=b5fc0b91-0930-4fc8-9a99-66c7cd158d06,East - Orleans,Racquet Sport,Adult,AM,FALSE
3,Wednesday,10:15 - 11:15,Bob MacQuarrie Recreation Complex - Orléans,1490 Youville Drive,"Racquetball - courts 4, 6, and 8",Other,Indoors,Yes,https://ottawa.ca/en/recreation-and-parks/facilities/place-listing/bob-macquarrie-recreation-complex-orleans,https://reservation.frontdesksuite.ca/rcfs/bobmacquarrie/Home/Index?Culture=en&PageId=b5fc0b91-0930-4fc8-9a99-66c7cd158d06,East - Orleans,Racquet Sport,Adult,AM,FALSE
3,Wednesday,11:15 - 12:15,Bob MacQuarrie Recreation Complex - Orléans,1490 Youville Drive,"Racquetball - courts 4, 6, and 8",Other,Indoors,Yes,https://ottawa.ca/en/recreation-and-parks/facilities/place-listing/bob-macquarrie-recreation-complex-orleans,https://reservation.frontdesksuite.ca/rcfs/bobmacquarrie/Home/Index?Culture=en&PageId=b5fc0b91-0930-4fc8-9a99-66c7cd158d06,East - Orleans,Racquet Sport,Adult,"AM, PM",FALSE
3,Wednesday,12:15 - 13:15,Bob MacQuarrie Recreation Complex - Orléans,1490 Youville Drive,"Racquetball - courts 4, 6, and 8",Other,Indoors,Yes,https://ottawa.ca/en/recreation-and-parks/facilities/place-listing/bob-macquarrie-recreation-complex-orleans,https://reservation.frontdesksuite.ca/rcfs/bobmacquarrie/Home/Index?Culture=en&PageId=b5fc0b91-0930-4fc8-9a99-66c7cd158d06,East - Orleans,Racquet Sport,Adult,PM,FALSE
3,Wednesday,13:15 - 14:15,Bob MacQuarrie Recreation Complex - Orléans,1490 Youville Drive,"Racquetball - courts 4, 6, and 8",Other,Indoors,Yes,https://ottawa.ca/en/recreation-and-parks/facilities/place-listing/bob-macquarrie-recreation-complex-orleans,https://reservation.frontdesksuite.ca/rcfs/bobmacquarrie/Home/Index?Culture=en&PageId=b5fc0b91-0930-4fc8-9a99-66c7cd158d06,East - Orleans,Racquet Sport,Adult,PM,FALSE
3,Wednesday,14:15 - 15:15,Bob MacQuarrie Recreation Complex - Orléans,1490 Youville Drive,"Racquetball - courts 4, 6, and 8",Other,Indoors,Yes,https://ottawa.ca/en/recreation-and-parks/facilities/place-listing/bob-macquarrie-recreation-complex-orleans,https://reservation.frontdesksuite.ca/rcfs/bobmacquarrie/Home/Index?Culture=en&PageId=b5fc0b91-0930-4fc8-9a99-66c7cd158d06,East - Orleans,Racquet Sport,Adult,PM,FALSE
3,Wednesday,15:15 - 16:15,Bob MacQuarrie Recreation Complex - Orléans,1490 Youville Drive,"Racquetball - courts 4, 6, and 8",Other,Indoors,Yes,https://ottawa.ca/en/recreation-and-parks/facilities/place-listing/bob-macquarrie-recreation-complex-orleans,https://reservation.frontdesksuite.ca/rcfs/bobmacquarrie/Home/Index?Culture=en&PageId=b5fc0b91-0930-4fc8-9a99-66c7cd158d06,East - Orleans,Racquet Sport,Adult,PM,FALSE
3,Wednesday,16:15 - 17:15,Bob MacQuarrie Recreation Complex - Orléans,1490 Youville Drive,"Racquetball - courts 4, 6, and 8",Other,Indoors,Yes,https://ottawa.ca/en/recreation-and-parks/facilities/place-listing/bob-macquarrie-recreation-complex-orleans,https://reservation.frontdesksuite.ca/rcfs/bobmacquarrie/Home/Index?Culture=en&PageId=b5fc0b91-0930-4fc8-9a99-66c7cd158d06,East - Orleans,Racquet Sport,Adult,"PM, Evening",FALSE
3,Wednesday,17:15 - 18:15,Bob MacQuarrie Recreation Complex - Orléans,1490 Youville Drive,"Racquetball - courts 4, 6, and 8",Other,Indoors,Yes,https://ottawa.ca/en/recreation-and-parks/facilities/place-listing/bob-macquarrie-recreation-complex-orleans,https://reservation.frontdesksuite.ca/rcfs/bobmacquarrie/Home/Index?Culture=en&PageId=b5fc0b91-0930-4fc8-9a99-66c7cd158d06,East - Orleans,Racquet Sport,Adult,Evening,FALSE
3,Wednesday,18:15 - 19:15,Bob MacQuarrie Recreation Complex - Orléans,1490 Youville Drive,"Racquetball - courts 4, 6, and 8",Other,Indoors,Yes,https://ottawa.ca/en/recreation-and-parks/facilities/place-listing/bob-macquarrie-recreation-complex-orleans,https://reservation.frontdesksuite.ca/rcfs/bobmacquarrie/Home/Index?Culture=en&PageId=b5fc0b91-0930-4fc8-9a99-66c7cd158d06,East - Orleans,Racquet Sport,Adult,Evening,FALSE
3,Wednesday,19:15 - 20:15,Bob MacQuarrie Recreation Complex - Orléans,1490 Youville Drive,"Racquetball - courts 4, 6, and 8",Other,Indoors,Yes,https://ottawa.ca/en/recreation-and-parks/facilities/place-listing/bob-macquarrie-recreation-complex-orleans,https://reservation.frontdesksuite.ca/rcfs/bobmacquarrie/Home/Index?Culture=en&PageId=b5fc0b91-0930-4fc8-9a99-66c7cd158d06,East - Orleans,Racquet Sport,Adult,Evening,FALSE
4,Thursday,06:15 - 07:15,Bob MacQuarrie Recreation Complex - Orléans,1490 Youville Drive,"Racquetball - courts 4, 6, and 8",Other,Indoors,Yes,https://ottawa.ca/en/recreation-and-parks/facilities/place-listing/bob-macquarrie-recreation-complex-orleans,https://reservation.frontdesksuite.ca/rcfs/bobmacquarrie/Home/Index?Culture=en&PageId=b5fc0b91-0930-4fc8-9a99-66c7cd158d06,East - Orleans,Racquet Sport,Adult,AM,FALSE
4,Thursday,07:15 - 08:15,Bob MacQuarrie Recreation Complex - Orléans,1490 Youville Drive,"Racquetball - courts 4, 6, and 8",Other,Indoors,Yes,https://ottawa.ca/en/recreation-and-parks/facilities/place-listing/bob-macquarrie-recreation-complex-orleans,https://reservation.frontdesksuite.ca/rcfs/bobmacquarrie/Home/Index?Culture=en&PageId=b5fc0b91-0930-4fc8-9a99-66c7cd158d06,East - Orleans,Racquet Sport,Adult,AM,FALSE
4,Thursday,08:15 - 09:15,Bob MacQuarrie Recreation Complex - Orléans,1490 Youville Drive,"Racquetball - courts 4, 6, and 8",Other,Indoors,Yes,https://ottawa.ca/en/recreation-and-parks/facilities/place-listing/bob-macquarrie-recreation-complex-orleans,https://reservation.frontdesksuite.ca/rcfs/bobmacquarrie/Home/Index?Culture=en&PageId=b5fc0b91-0930-4fc8-9a99-66c7cd158d06,East - Orleans,Racquet Sport,Adult,AM,FALSE
4,Thursday,09:15 - 10:15,Bob MacQuarrie Recreation Complex - Orléans,1490 Youville Drive,"Racquetball - courts 4, 6, and 8",Other,Indoors,Yes,https://ottawa.ca/en/recreation-and-parks/facilities/place-listing/bob-macquarrie-recreation-complex-orleans,https://reservation.frontdesksuite.ca/rcfs/bobmacquarrie/Home/Index?Culture=en&PageId=b5fc0b91-0930-4fc8-9a99-66c7cd158d06,East - Orleans,Racquet Sport,Adult,AM,FALSE
4,Thursday,10:15 - 11:15,Bob MacQuarrie Recreation Complex - Orléans,1490 Youville Drive,"Racquetball - courts 4, 6, and 8",Other,Indoors,Yes,https://ottawa.ca/en/recreation-and-parks/facilities/place-listing/bob-macquarrie-recreation-complex-orleans,https://reservation.frontdesksuite.ca/rcfs/bobmacquarrie/Home/Index?Culture=en&PageId=b5fc0b91-0930-4fc8-9a99-66c7cd158d06,East - Orleans,Racquet Sport,Adult,AM,FALSE
4,Thursday,11:15 - 12:15,Bob MacQuarrie Recreation Complex - Orléans,1490 Youville Drive,"Racquetball - courts 4, 6, and 8",Other,Indoors,Yes,https://ottawa.ca/en/recreation-and-parks/facilities/place-listing/bob-macquarrie-recreation-complex-orleans,https://reservation.frontdesksuite.ca/rcfs/bobmacquarrie/Home/Index?Culture=en&PageId=b5fc0b91-0930-4fc8-9a99-66c7cd158d06,East - Orleans,Racquet Sport,Adult,"AM, PM",FALSE
4,Thursday,12:15 - 13:15,Bob MacQuarrie Recreation Complex - Orléans,1490 Youville Drive,"Racquetball - courts 4, 6, and 8",Other,Indoors,Yes,https://ottawa.ca/en/recreation-and-parks/facilities/place-listing/bob-macquarrie-recreation-complex-orleans,https://reservation.frontdesksuite.ca/rcfs/bobmacquarrie/Home/Index?Culture=en&PageId=b5fc0b91-0930-4fc8-9a99-66c7cd158d06,East - Orleans,Racquet Sport,Adult,PM,FALSE
4,Thursday,13:15 - 14:15,Bob MacQuarrie Recreation Complex - Orléans,1490 Youville Drive,"Racquetball - courts 4, 6, and 8",Other,Indoors,Yes,https://ottawa.ca/en/recreation-and-parks/facilities/place-listing/bob-macquarrie-recreation-complex-orleans,https://reservation.frontdesksuite.ca/rcfs/bobmacquarrie/Home/Index?Culture=en&PageId=b5fc0b91-0930-4fc8-9a99-66c7cd158d06,East - Orleans,Racquet Sport,Adult,PM,FALSE
4,Thursday,14:15 - 15:15,Bob MacQuarrie Recreation Complex - Orléans,1490 Youville Drive,"Racquetball - courts 4, 6, and 8",Other,Indoors,Yes,https://ottawa.ca/en/recreation-and-parks/facilities/place-listing/bob-macquarrie-recreation-complex-orleans,https://reservation.frontdesksuite.ca/rcfs/bobmacquarrie/Home/Index?Culture=en&PageId=b5fc0b91-0930-4fc8-9a99-66c7cd158d06,East - Orleans,Racquet Sport,Adult,PM,FALSE
4,Thursday,15:15 - 16:15,Bob MacQuarrie Recreation Complex - Orléans,1490 Youville Drive,"Racquetball - courts 4, 6, and 8",Other,Indoors,Yes,https://ottawa.ca/en/recreation-and-parks/facilities/place-listing/bob-macquarrie-recreation-complex-orleans,https://reservation.frontdesksuite.ca/rcfs/bobmacquarrie/Home/Index?Culture=en&PageId=b5fc0b91-0930-4fc8-9a99-66c7cd158d06,East - Orleans,Racquet Sport,Adult,PM,FALSE
4,Thursday,16:15 - 17:15,Bob MacQuarrie Recreation Complex - Orléans,1490 Youville Drive,"Racquetball - courts 4, 6, and 8",Other,Indoors,Yes,https://ottawa.ca/en/recreation-and-parks/facilities/place-listing/bob-macquarrie-recreation-complex-orleans,https://reservation.frontdesksuite.ca/rcfs/bobmacquarrie/Home/Index?Culture=en&PageId=b5fc0b91-0930-4fc8-9a99-66c7cd158d06,East - Orleans,Racquet Sport,Adult,"PM, Evening",FALSE
4,Thursday,17:15 - 18:15,Bob MacQuarrie Recreation Complex - Orléans,1490 Youville Drive,"Racquetball - courts 4, 6, and 8",Other,Indoors,Yes,https://ottawa.ca/en/recreation-and-parks/facilities/place-listing/bob-macquarrie-recreation-complex-orleans,https://reservation.frontdesksuite.ca/rcfs/bobmacquarrie/Home/Index?Culture=en&PageId=b5fc0b91-0930-4fc8-9a99-66c7cd158d06,East - Orleans,Racquet Sport,Adult,Evening,FALSE
4,Thursday,18:15 - 19:15,Bob MacQuarrie Recreation Complex - Orléans,1490 Youville Drive,"Racquetball - courts 4, 6, and 8",Other,Indoors,Yes,https://ottawa.ca/en/recreation-and-parks/facilities/place-listing/bob-macquarrie-recreation-complex-orleans,https://reservation.frontdesksuite.ca/rcfs/bobmacquarrie/Home/Index?Culture=en&PageId=b5fc0b91-0930-4fc8-9a99-66c7cd158d06,East - Orleans,Racquet Sport,Adult,Evening,FALSE
4,Thursday,19:15 - 20:15,Bob MacQuarrie Recreation Complex - Orléans,1490 Youville Drive,"Racquetball - courts 4, 6, and 8",Other,Indoors,Yes,https://ottawa.ca/en/recreation-and-parks/facilities/place-listing/bob-macquarrie-recreation-complex-orleans,https://reservation.frontdesksuite.ca/rcfs/bobmacquarrie/Home/Index?Culture=en&PageId=b5fc0b91-0930-4fc8-9a99-66c7cd158d06,East - Orleans,Racquet Sport,Adult,Evening,FALSE
5,Friday,06:15 - 07:15,Bob MacQuarrie Recreation Complex - Orléans,1490 Youville Drive,"Racquetball - courts 4, 6, and 8",Other,Indoors,Yes,https://ottawa.ca/en/recreation-and-parks/facilities/place-listing/bob-macquarrie-recreation-complex-orleans,https://reservation.frontdesksuite.ca/rcfs/bobmacquarrie/Home/Index?Culture=en&PageId=b5fc0b91-0930-4fc8-9a99-66c7cd158d06,East - Orleans,Racquet Sport,Adult,AM,FALSE
5,Friday,07:15 - 08:15,Bob MacQuarrie Recreation Complex - Orléans,1490 Youville Drive,"Racquetball - courts 4, 6, and 8",Other,Indoors,Yes,https://ottawa.ca/en/recreation-and-parks/facilities/place-listing/bob-macquarrie-recreation-complex-orleans,https://reservation.frontdesksuite.ca/rcfs/bobmacquarrie/Home/Index?Culture=en&PageId=b5fc0b91-0930-4fc8-9a99-66c7cd158d06,East - Orleans,Racquet Sport,Adult,AM,FALSE
5,Friday,08:15 - 09:15,Bob MacQuarrie Recreation Complex - Orléans,1490 Youville Drive,"Racquetball - courts 4, 6, and 8",Other,Indoors,Yes,https://ottawa.ca/en/recreation-and-parks/facilities/place-listing/bob-macquarrie-recreation-complex-orleans,https://reservation.frontdesksuite.ca/rcfs/bobmacquarrie/Home/Index?Culture=en&PageId=b5fc0b91-0930-4fc8-9a99-66c7cd158d06,East - Orleans,Racquet Sport,Adult,AM,FALSE
5,Friday,09:15 - 10:15,Bob MacQuarrie Recreation Complex - Orléans,1490 Youville Drive,"Racquetball - courts 4, 6, and 8",Other,Indoors,Yes,https://ottawa.ca/en/recreation-and-parks/facilities/place-listing/bob-macquarrie-recreation-complex-orleans,https://reservation.frontdesksuite.ca/rcfs/bobmacquarrie/Home/Index?Culture=en&PageId=b5fc0b91-0930-4fc8-9a99-66c7cd158d06,East - Orleans,Racquet Sport,Adult,AM,FALSE
5,Friday,10:15 - 11:15,Bob MacQuarrie Recreation Complex - Orléans,1490 Youville Drive,"Racquetball - courts 4, 6, and 8",Other,Indoors,Yes,https://ottawa.ca/en/recreation-and-parks/facilities/place-listing/bob-macquarrie-recreation-complex-orleans,https://reservation.frontdesksuite.ca/rcfs/bobmacquarrie/Home/Index?Culture=en&PageId=b5fc0b91-0930-4fc8-9a99-66c7cd158d06,East - Orleans,Racquet Sport,Adult,AM,FALSE
5,Friday,11:15 - 12:15,Bob MacQuarrie Recreation Complex - Orléans,1490 Youville Drive,"Racquetball - courts 4, 6, and 8",Other,Indoors,Yes,https://ottawa.ca/en/recreation-and-parks/facilities/place-listing/bob-macquarrie-recreation-complex-orleans,https://reservation.frontdesksuite.ca/rcfs/bobmacquarrie/Home/Index?Culture=en&PageId=b5fc0b91-0930-4fc8-9a99-66c7cd158d06,East - Orleans,Racquet Sport,Adult,"AM, PM",FALSE
5,Friday,12:15 - 13:15,Bob MacQuarrie Recreation Complex - Orléans,1490 Youville Drive,"Racquetball - courts 4, 6, and 8",Other,Indoors,Yes,https://ottawa.ca/en/recreation-and-parks/facilities/place-listing/bob-macquarrie-recreation-complex-orleans,https://reservation.frontdesksuite.ca/rcfs/bobmacquarrie/Home/Index?Culture=en&PageId=b5fc0b91-0930-4fc8-9a99-66c7cd158d06,East - Orleans,Racquet Sport,Adult,PM,FALSE
5,Friday,13:15 - 14:15,Bob MacQuarrie Recreation Complex - Orléans,1490 Youville Drive,"Racquetball - courts 4, 6, and 8",Other,Indoors,Yes,https://ottawa.ca/en/recreation-and-parks/facilities/place-listing/bob-macquarrie-recreation-complex-orleans,https://reservation.frontdesksuite.ca/rcfs/bobmacquarrie/Home/Index?Culture=en&PageId=b5fc0b91-0930-4fc8-9a99-66c7cd158d06,East - Orleans,Racquet Sport,Adult,PM,FALSE
5,Friday,14:15 - 15:15,Bob MacQuarrie Recreation Complex - Orléans,1490 Youville Drive,"Racquetball - courts 4, 6, and 8",Other,Indoors,Yes,https://ottawa.ca/en/recreation-and-parks/facilities/place-listing/bob-macquarrie-recreation-complex-orleans,https://reservation.frontdesksuite.ca/rcfs/bobmacquarrie/Home/Index?Culture=en&PageId=b5fc0b91-0930-4fc8-9a99-66c7cd158d06,East - Orleans,Racquet Sport,Adult,PM,FALSE
5,Friday,15:15 - 16:15,Bob MacQuarrie Recreation Complex - Orléans,1490 Youville Drive,"Racquetball - courts 4, 6, and 8",Other,Indoors,Yes,https://ottawa.ca/en/recreation-and-parks/facilities/place-listing/bob-macquarrie-recreation-complex-orleans,https://reservation.frontdesksuite.ca/rcfs/bobmacquarrie/Home/Index?Culture=en&PageId=b5fc0b91-0930-4fc8-9a99-66c7cd158d06,East - Orleans,Racquet Sport,Adult,PM,FALSE
5,Friday,16:15 - 17:15,Bob MacQuarrie Recreation Complex - Orléans,1490 Youville Drive,"Racquetball - courts 4, 6, and 8",Other,Indoors,Yes,https://ottawa.ca/en/recreation-and-parks/facilities/place-listing/bob-macquarrie-recreation-complex-orleans,https://reservation.frontdesksuite.ca/rcfs/bobmacquarrie/Home/Index?Culture=en&PageId=b5fc0b91-0930-4fc8-9a99-66c7cd158d06,East - Orleans,Racquet Sport,Adult,"PM, Evening",FALSE
5,Friday,17:15 - 18:15,Bob MacQuarrie Recreation Complex - Orléans,1490 Youville Drive,"Racquetball - courts 4, 6, and 8",Other,Indoors,Yes,https://ottawa.ca/en/recreation-and-parks/facilities/place-listing/bob-macquarrie-recreation-complex-orleans,https://reservation.frontdesksuite.ca/rcfs/bobmacquarrie/Home/Index?Culture=en&PageId=b5fc0b91-0930-4fc8-9a99-66c7cd158d06,East - Orleans,Racquet Sport,Adult,Evening,FALSE
5,Friday,18:15 - 19:15,Bob MacQuarrie Recreation Complex - Orléans,1490 Youville Drive,"Racquetball - courts 4, 6, and 8",Other,Indoors,Yes,https://ottawa.ca/en/recreation-and-parks/facilities/place-listing/bob-macquarrie-recreation-complex-orleans,https://reservation.frontdesksuite.ca/rcfs/bobmacquarrie/Home/Index?Culture=en&PageId=b5fc0b91-0930-4fc8-9a99-66c7cd158d06,East - Orleans,Racquet Sport,Adult,Evening,FALSE
5,Friday,19:15 - 20:15,Bob MacQuarrie Recreation Complex - Orléans,1490 Youville Drive,"Racquetball - courts 4, 6, and 8",Other,Indoors,Yes,https://ottawa.ca/en/recreation-and-parks/facilities/place-listing/bob-macquarrie-recreation-complex-orleans,https://reservation.frontdesksuite.ca/rcfs/bobmacquarrie/Home/Index?Culture=en&PageId=b5fc0b91-0930-4fc8-9a99-66c7cd158d06,East - Orleans,Racquet Sport,Adult,Evening,FALSE
6,Saturday,08:00 - 09:00,Bob MacQuarrie Recreation Complex - Orléans,1490 Youville Drive,"Racquetball - courts 4, 6, and 8",Other,Indoors,Yes,https://ottawa.ca/en/recreation-and-parks/facilities/place-listing/bob-macquarrie-recreation-complex-orleans,https://reservation.frontdesksuite.ca/rcfs/bobmacquarrie/Home/Index?Culture=en&PageId=b5fc0b91-0930-4fc8-9a99-66c7cd158d06,East - Orleans,Racquet Sport,Adult,AM,FALSE
6,Saturday,09:00 - 10:00,Bob MacQuarrie Recreation Complex - Orléans,1490 Youville Drive,"Racquetball - courts 4, 6, and 8",Other,Indoors,Yes,https://ottawa.ca/en/recreation-and-parks/facilities/place-listing/bob-macquarrie-recreation-complex-orleans,https://reservation.frontdesksuite.ca/rcfs/bobmacquarrie/Home/Index?Culture=en&PageId=b5fc0b91-0930-4fc8-9a99-66c7cd158d06,East - Orleans,Racquet Sport,Adult,AM,FALSE
6,Saturday,10:00 - 11:00,Bob MacQuarrie Recreation Complex - Orléans,1490 Youville Drive,"Racquetball - courts 4, 6, and 8",Other,Indoors,Yes,https://ottawa.ca/en/recreation-and-parks/facilities/place-listing/bob-macquarrie-recreation-complex-orleans,https://reservation.frontdesksuite.ca/rcfs/bobmacquarrie/Home/Index?Culture=en&PageId=b5fc0b91-0930-4fc8-9a99-66c7cd158d06,East - Orleans,Racquet Sport,Adult,AM,FALSE
6,Saturday,11:00 - 12:00,Bob MacQuarrie Recreation Complex - Orléans,1490 Youville Drive,"Racquetball - courts 4, 6, and 8",Other,Indoors,Yes,https://ottawa.ca/en/recreation-and-parks/facilities/place-listing/bob-macquarrie-recreation-complex-orleans,https://reservation.frontdesksuite.ca/rcfs/bobmacquarrie/Home/Index?Culture=en&PageId=b5fc0b91-0930-4fc8-9a99-66c7cd158d06,East - Orleans,Racquet Sport,Adult,AM,FALSE
6,Saturday,12:00 - 13:00,Bob MacQuarrie Recreation Complex - Orléans,1490 Youville Drive,"Racquetball - courts 4, 6, and 8",Other,Indoors,Yes,https://ottawa.ca/en/recreation-and-parks/facilities/place-listing/bob-macquarrie-recreation-complex-orleans,https://reservation.frontdesksuite.ca/rcfs/bobmacquarrie/Home/Index?Culture=en&PageId=b5fc0b91-0930-4fc8-9a99-66c7cd158d06,East - Orleans,Racquet Sport,Adult,PM,FALSE
6,Saturday,13:00 - 14:00,Bob MacQuarrie Recreation Complex - Orléans,1490 Youville Drive,"Racquetball - courts 4, 6, and 8",Other,Indoors,Yes,https://ottawa.ca/en/recreation-and-parks/facilities/place-listing/bob-macquarrie-recreation-complex-orleans,https://reservation.frontdesksuite.ca/rcfs/bobmacquarrie/Home/Index?Culture=en&PageId=b5fc0b91-0930-4fc8-9a99-66c7cd158d06,East - Orleans,Racquet Sport,Adult,PM,FALSE
6,Saturday,14:00 - 15:00,Bob MacQuarrie Recreation Complex - Orléans,1490 Youville Drive,"Racquetball - courts 4, 6, and 8",Other,Indoors,Yes,https://ottawa.ca/en/recreation-and-parks/facilities/place-listing/bob-macquarrie-recreation-complex-orleans,https://reservation.frontdesksuite.ca/rcfs/bobmacquarrie/Home/Index?Culture=en&PageId=b5fc0b91-0930-4fc8-9a99-66c7cd158d06,East - Orleans,Racquet Sport,Adult,PM,FALSE
6,Saturday,15:00 - 16:00,Bob MacQuarrie Recreation Complex - Orléans,1490 Youville Drive,"Racquetball - courts 4, 6, and 8",Other,Indoors,Yes,https://ottawa.ca/en/recreation-and-parks/facilities/place-listing/bob-macquarrie-recreation-complex-orleans,https://reservation.frontdesksuite.ca/rcfs/bobmacquarrie/Home/Index?Culture=en&PageId=b5fc0b91-0930-4fc8-9a99-66c7cd158d06,East - Orleans,Racquet Sport,Adult,PM,FALSE
6,Saturday,16:00 - 17:00,Bob MacQuarrie Recreation Complex - Orléans,1490 Youville Drive,"Racquetball - courts 4, 6, and 8",Other,Indoors,Yes,https://ottawa.ca/en/recreation-and-parks/facilities/place-listing/bob-macquarrie-recreation-complex-orleans,https://reservation.frontdesksuite.ca/rcfs/bobmacquarrie/Home/Index?Culture=en&PageId=b5fc0b91-0930-4fc8-9a99-66c7cd158d06,East - Orleans,Racquet Sport,Adult,PM,FALSE
6,Saturday,17:00 - 18:00,Bob MacQuarrie Recreation Complex - Orléans,1490 Youville Drive,"Racquetball - courts 4, 6, and 8",Other,Indoors,Yes,https://ottawa.ca/en/recreation-and-parks/facilities/place-listing/bob-macquarrie-recreation-complex-orleans,https://reservation.frontdesksuite.ca/rcfs/bobmacquarrie/Home/Index?Culture=en&PageId=b5fc0b91-0930-4fc8-9a99-66c7cd158d06,East - Orleans,Racquet Sport,Adult,Evening,FALSE
7,Sunday,08:00 - 09:00,Bob MacQuarrie Recreation Complex - Orléans,1490 Youville Drive,"Racquetball - courts 4, 6, and 8",Other,Indoors,Yes,https://ottawa.ca/en/recreation-and-parks/facilities/place-listing/bob-macquarrie-recreation-complex-orleans,https://reservation.frontdesksuite.ca/rcfs/bobmacquarrie/Home/Index?Culture=en&PageId=b5fc0b91-0930-4fc8-9a99-66c7cd158d06,East - Orleans,Racquet Sport,Adult,AM,FALSE
7,Sunday,09:00 - 10:00,Bob MacQuarrie Recreation Complex - Orléans,1490 Youville Drive,"Racquetball - courts 4, 6, and 8",Other,Indoors,Yes,https://ottawa.ca/en/recreation-and-parks/facilities/place-listing/bob-macquarrie-recreation-complex-orleans,https://reservation.frontdesksuite.ca/rcfs/bobmacquarrie/Home/Index?Culture=en&PageId=b5fc0b91-0930-4fc8-9a99-66c7cd158d06,East - Orleans,Racquet Sport,Adult,AM,FALSE
7,Sunday,10:00 - 11:00,Bob MacQuarrie Recreation Complex - Orléans,1490 Youville Drive,"Racquetball - courts 4, 6, and 8",Other,Indoors,Yes,https://ottawa.ca/en/recreation-and-parks/facilities/place-listing/bob-macquarrie-recreation-complex-orleans,https://reservation.frontdesksuite.ca/rcfs/bobmacquarrie/Home/Index?Culture=en&PageId=b5fc0b91-0930-4fc8-9a99-66c7cd158d06,East - Orleans,Racquet Sport,Adult,AM,FALSE
7,Sunday,11:00 - 12:00,Bob MacQuarrie Recreation Complex - Orléans,1490 Youville Drive,"Racquetball - courts 4, 6, and 8",Other,Indoors,Yes,https://ottawa.ca/en/recreation-and-parks/facilities/place-listing/bob-macquarrie-recreation-complex-orleans,https://reservation.frontdesksuite.ca/rcfs/bobmacquarrie/Home/Index?Culture=en&PageId=b5fc0b91-0930-4fc8-9a99-66c7cd158d06,East - Orleans,Racquet Sport,Adult,AM,FALSE
7,Sunday,12:00 - 13:00,Bob MacQuarrie Recreation Complex - Orléans,1490 Youville Drive,"Racquetball - courts 4, 6, and 8",Other,Indoors,Yes,https://ottawa.ca/en/recreation-and-parks/facilities/place-listing/bob-macquarrie-recreation-complex-orleans,https://reservation.frontdesksuite.ca/rcfs/bobmacquarrie/Home/Index?Culture=en&PageId=b5fc0b91-0930-4fc8-9a99-66c7cd158d06,East - Orleans,Racquet Sport,Adult,PM,FALSE
7,Sunday,13:00 - 14:00,Bob MacQuarrie Recreation Complex - Orléans,1490 Youville Drive,"Racquetball - courts 4, 6, and 8",Other,Indoors,Yes,https://ottawa.ca/en/recreation-and-parks/facilities/place-listing/bob-macquarrie-recreation-complex-orleans,https://reservation.frontdesksuite.ca/rcfs/bobmacquarrie/Home/Index?Culture=en&PageId=b5fc0b91-0930-4fc8-9a99-66c7cd158d06,East - Orleans,Racquet Sport,Adult,PM,FALSE
7,Sunday,14:00 - 15:00,Bob MacQuarrie Recreation Complex - Orléans,1490 Youville Drive,"Racquetball - courts 4, 6, and 8",Other,Indoors,Yes,https://ottawa.ca/en/recreation-and-parks/facilities/place-listing/bob-macquarrie-recreation-complex-orleans,https://reservation.frontdesksuite.ca/rcfs/bobmacquarrie/Home/Index?Culture=en&PageId=b5fc0b91-0930-4fc8-9a99-66c7cd158d06,East - Orleans,Racquet Sport,Adult,PM,FALSE
7,Sunday,15:00 - 16:00,Bob MacQuarrie Recreation Complex - Orléans,1490 Youville Drive,"Racquetball - courts 4, 6, and 8",Other,Indoors,Yes,https://ottawa.ca/en/recreation-and-parks/facilities/place-listing/bob-macquarrie-recreation-complex-orleans,https://reservation.frontdesksuite.ca/rcfs/bobmacquarrie/Home/Index?Culture=en&PageId=b5fc0b91-0930-4fc8-9a99-66c7cd158d06,East - Orleans,Racquet Sport,Adult,PM,FALSE
7,Sunday,16:00 - 17:00,Bob MacQuarrie Recreation Complex - Orléans,1490 Youville Drive,"Racquetball - courts 4, 6, and 8",Other,Indoors,Yes,https://ottawa.ca/en/recreation-and-parks/facilities/place-listing/bob-macquarrie-recreation-complex-orleans,https://reservation.frontdesksuite.ca/rcfs/bobmacquarrie/Home/Index?Culture=en&PageId=b5fc0b91-0930-4fc8-9a99-66c7cd158d06,East - Orleans,Racquet Sport,Adult,PM,FALSE
7,Sunday,17:00 - 18:00,Bob MacQuarrie Recreation Complex - Orléans,1490 Youville Drive,"Racquetball - courts 4, 6, and 8",Other,Indoors,Yes,https://ottawa.ca/en/recreation-and-parks/facilities/place-listing/bob-macquarrie-recreation-complex-orleans,https://reservation.frontdesksuite.ca/rcfs/bobmacquarrie/Home/Index?Culture=en&PageId=b5fc0b91-0930-4fc8-9a99-66c7cd158d06,East - Orleans,Racquet Sport,Adult,Evening,FALSE
1,Monday,06:00 - 07:00,Bob MacQuarrie Recreation Complex - Orléans,1490 Youville Drive,"Squash courts 1, 2, 3, 5, 7 and 9",Other,Indoors,Yes,https://ottawa.ca/en/recreation-and-parks/facilities/place-listing/bob-macquarrie-recreation-complex-orleans,https://reservation.frontdesksuite.ca/rcfs/bobmacquarrie/Home/Index?Culture=en&PageId=b5fc0b91-0930-4fc8-9a99-66c7cd158d06,East - Orleans,Racquet Sport,Adult,AM,FALSE
1,Monday,07:00 - 08:00,Bob MacQuarrie Recreation Complex - Orléans,1490 Youville Drive,"Squash courts 1, 2, 3, 5, 7 and 9",Other,Indoors,Yes,https://ottawa.ca/en/recreation-and-parks/facilities/place-listing/bob-macquarrie-recreation-complex-orleans,https://reservation.frontdesksuite.ca/rcfs/bobmacquarrie/Home/Index?Culture=en&PageId=b5fc0b91-0930-4fc8-9a99-66c7cd158d06,East - Orleans,Racquet Sport,Adult,AM,FALSE
1,Monday,08:00 - 09:00,Bob MacQuarrie Recreation Complex - Orléans,1490 Youville Drive,"Squash courts 1, 2, 3, 5, 7 and 9",Other,Indoors,Yes,https://ottawa.ca/en/recreation-and-parks/facilities/place-listing/bob-macquarrie-recreation-complex-orleans,https://reservation.frontdesksuite.ca/rcfs/bobmacquarrie/Home/Index?Culture=en&PageId=b5fc0b91-0930-4fc8-9a99-66c7cd158d06,East - Orleans,Racquet Sport,Adult,AM,FALSE
1,Monday,09:00 - 10:00,Bob MacQuarrie Recreation Complex - Orléans,1490 Youville Drive,"Squash courts 1, 2, 3, 5, 7 and 9",Other,Indoors,Yes,https://ottawa.ca/en/recreation-and-parks/facilities/place-listing/bob-macquarrie-recreation-complex-orleans,https://reservation.frontdesksuite.ca/rcfs/bobmacquarrie/Home/Index?Culture=en&PageId=b5fc0b91-0930-4fc8-9a99-66c7cd158d06,East - Orleans,Racquet Sport,Adult,AM,FALSE
1,Monday,10:00 - 11:00,Bob MacQuarrie Recreation Complex - Orléans,1490 Youville Drive,"Squash courts 1, 2, 3, 5, 7 and 9",Other,Indoors,Yes,https://ottawa.ca/en/recreation-and-parks/facilities/place-listing/bob-macquarrie-recreation-complex-orleans,https://reservation.frontdesksuite.ca/rcfs/bobmacquarrie/Home/Index?Culture=en&PageId=b5fc0b91-0930-4fc8-9a99-66c7cd158d06,East - Orleans,Racquet Sport,Adult,AM,FALSE
1,Monday,11:00 - 12:00,Bob MacQuarrie Recreation Complex - Orléans,1490 Youville Drive,"Squash courts 1, 2, 3, 5, 7 and 9",Other,Indoors,Yes,https://ottawa.ca/en/recreation-and-parks/facilities/place-listing/bob-macquarrie-recreation-complex-orleans,https://reservation.frontdesksuite.ca/rcfs/bobmacquarrie/Home/Index?Culture=en&PageId=b5fc0b91-0930-4fc8-9a99-66c7cd158d06,East - Orleans,Racquet Sport,Adult,AM,FALSE
1,Monday,12:00 - 13:00,Bob MacQuarrie Recreation Complex - Orléans,1490 Youville Drive,"Squash courts 1, 2, 3, 5, 7 and 9",Other,Indoors,Yes,https://ottawa.ca/en/recreation-and-parks/facilities/place-listing/bob-macquarrie-recreation-complex-orleans,https://reservation.frontdesksuite.ca/rcfs/bobmacquarrie/Home/Index?Culture=en&PageId=b5fc0b91-0930-4fc8-9a99-66c7cd158d06,East - Orleans,Racquet Sport,Adult,PM,FALSE
1,Monday,13:00 - 14:00,Bob MacQuarrie Recreation Complex - Orléans,1490 Youville Drive,"Squash courts 1, 2, 3, 5, 7 and 9",Other,Indoors,Yes,https://ottawa.ca/en/recreation-and-parks/facilities/place-listing/bob-macquarrie-recreation-complex-orleans,https://reservation.frontdesksuite.ca/rcfs/bobmacquarrie/Home/Index?Culture=en&PageId=b5fc0b91-0930-4fc8-9a99-66c7cd158d06,East - Orleans,Racquet Sport,Adult,PM,FALSE
1,Monday,14:00 - 15:00,Bob MacQuarrie Recreation Complex - Orléans,1490 Youville Drive,"Squash courts 1, 2, 3, 5, 7 and 9",Other,Indoors,Yes,https://ottawa.ca/en/recreation-and-parks/facilities/place-listing/bob-macquarrie-recreation-complex-orleans,https://reservation.frontdesksuite.ca/rcfs/bobmacquarrie/Home/Index?Culture=en&PageId=b5fc0b91-0930-4fc8-9a99-66c7cd158d06,East - Orleans,Racquet Sport,Adult,PM,FALSE
1,Monday,15:00 - 16:00,Bob MacQuarrie Recreation Complex - Orléans,1490 Youville Drive,"Squash courts 1, 2, 3, 5, 7 and 9",Other,Indoors,Yes,https://ottawa.ca/en/recreation-and-parks/facilities/place-listing/bob-macquarrie-recreation-complex-orleans,https://reservation.frontdesksuite.ca/rcfs/bobmacquarrie/Home/Index?Culture=en&PageId=b5fc0b91-0930-4fc8-9a99-66c7cd158d06,East - Orleans,Racquet Sport,Adult,PM,FALSE
1,Monday,16:00 - 17:00,Bob MacQuarrie Recreation Complex - Orléans,1490 Youville Drive,"Squash courts 1, 2, 3, 5, 7 and 9",Other,Indoors,Yes,https://ottawa.ca/en/recreation-and-parks/facilities/place-listing/bob-macquarrie-recreation-complex-orleans,https://reservation.frontdesksuite.ca/rcfs/bobmacquarrie/Home/Index?Culture=en&PageId=b5fc0b91-0930-4fc8-9a99-66c7cd158d06,East - Orleans,Racquet Sport,Adult,PM,FALSE
1,Monday,17:00 - 18:00,Bob MacQuarrie Recreation Complex - Orléans,1490 Youville Drive,"Squash courts 1, 2, 3, 5, 7 and 9",Other,Indoors,Yes,https://ottawa.ca/en/recreation-and-parks/facilities/place-listing/bob-macquarrie-recreation-complex-orleans,https://reservation.frontdesksuite.ca/rcfs/bobmacquarrie/Home/Index?Culture=en&PageId=b5fc0b91-0930-4fc8-9a99-66c7cd158d06,East - Orleans,Racquet Sport,Adult,Evening,FALSE
1,Monday,18:00 - 19:00,Bob MacQuarrie Recreation Complex - Orléans,1490 Youville Drive,"Squash courts 1, 2, 3, 5, 7 and 9",Other,Indoors,Yes,https://ottawa.ca/en/recreation-and-parks/facilities/place-listing/bob-macquarrie-recreation-complex-orleans,https://reservation.frontdesksuite.ca/rcfs/bobmacquarrie/Home/Index?Culture=en&PageId=b5fc0b91-0930-4fc8-9a99-66c7cd158d06,East - Orleans,Racquet Sport,Adult,Evening,FALSE
1,Monday,19:00 - 20:00,Bob MacQuarrie Recreation Complex - Orléans,1490 Youville Drive,"Squash courts 1, 2, 3, 5, 7 and 9",Other,Indoors,Yes,https://ottawa.ca/en/recreation-and-parks/facilities/place-listing/bob-macquarrie-recreation-complex-orleans,https://reservation.frontdesksuite.ca/rcfs/bobmacquarrie/Home/Index?Culture=en&PageId=b5fc0b91-0930-4fc8-9a99-66c7cd158d06,East - Orleans,Racquet Sport,Adult,Evening,FALSE
1,Monday,20:00 - 21:00,Bob MacQuarrie Recreation Complex - Orléans,1490 Youville Drive,"Squash courts 1, 2, 3, 5, 7 and 9",Other,Indoors,Yes,https://ottawa.ca/en/recreation-and-parks/facilities/place-listing/bob-macquarrie-recreation-complex-orleans,https://reservation.frontdesksuite.ca/rcfs/bobmacquarrie/Home/Index?Culture=en&PageId=b5fc0b91-0930-4fc8-9a99-66c7cd158d06,East - Orleans,Racquet Sport,Adult,Evening,FALSE
2,Tuesday,06:00 - 07:00,Bob MacQuarrie Recreation Complex - Orléans,1490 Youville Drive,"Squash courts 1, 2, 3, 5, 7 and 9",Other,Indoors,Yes,https://ottawa.ca/en/recreation-and-parks/facilities/place-listing/bob-macquarrie-recreation-complex-orleans,https://reservation.frontdesksuite.ca/rcfs/bobmacquarrie/Home/Index?Culture=en&PageId=b5fc0b91-0930-4fc8-9a99-66c7cd158d06,East - Orleans,Racquet Sport,Adult,AM,FALSE
2,Tuesday,07:00 - 08:00,Bob MacQuarrie Recreation Complex - Orléans,1490 Youville Drive,"Squash courts 1, 2, 3, 5, 7 and 9",Other,Indoors,Yes,https://ottawa.ca/en/recreation-and-parks/facilities/place-listing/bob-macquarrie-recreation-complex-orleans,https://reservation.frontdesksuite.ca/rcfs/bobmacquarrie/Home/Index?Culture=en&PageId=b5fc0b91-0930-4fc8-9a99-66c7cd158d06,East - Orleans,Racquet Sport,Adult,AM,FALSE
2,Tuesday,08:00 - 09:00,Bob MacQuarrie Recreation Complex - Orléans,1490 Youville Drive,"Squash courts 1, 2, 3, 5, 7 and 9",Other,Indoors,Yes,https://ottawa.ca/en/recreation-and-parks/facilities/place-listing/bob-macquarrie-recreation-complex-orleans,https://reservation.frontdesksuite.ca/rcfs/bobmacquarrie/Home/Index?Culture=en&PageId=b5fc0b91-0930-4fc8-9a99-66c7cd158d06,East - Orleans,Racquet Sport,Adult,AM,FALSE
2,Tuesday,09:00 - 10:00,Bob MacQuarrie Recreation Complex - Orléans,1490 Youville Drive,"Squash courts 1, 2, 3, 5, 7 and 9",Other,Indoors,Yes,https://ottawa.ca/en/recreation-and-parks/facilities/place-listing/bob-macquarrie-recreation-complex-orleans,https://reservation.frontdesksuite.ca/rcfs/bobmacquarrie/Home/Index?Culture=en&PageId=b5fc0b91-0930-4fc8-9a99-66c7cd158d06,East - Orleans,Racquet Sport,Adult,AM,FALSE
2,Tuesday,10:00 - 11:00,Bob MacQuarrie Recreation Complex - Orléans,1490 Youville Drive,"Squash courts 1, 2, 3, 5, 7 and 9",Other,Indoors,Yes,https://ottawa.ca/en/recreation-and-parks/facilities/place-listing/bob-macquarrie-recreation-complex-orleans,https://reservation.frontdesksuite.ca/rcfs/bobmacquarrie/Home/Index?Culture=en&PageId=b5fc0b91-0930-4fc8-9a99-66c7cd158d06,East - Orleans,Racquet Sport,Adult,AM,FALSE
2,Tuesday,11:00 - 12:00,Bob MacQuarrie Recreation Complex - Orléans,1490 Youville Drive,"Squash courts 1, 2, 3, 5, 7 and 9",Other,Indoors,Yes,https://ottawa.ca/en/recreation-and-parks/facilities/place-listing/bob-macquarrie-recreation-complex-orleans,https://reservation.frontdesksuite.ca/rcfs/bobmacquarrie/Home/Index?Culture=en&PageId=b5fc0b91-0930-4fc8-9a99-66c7cd158d06,East - Orleans,Racquet Sport,Adult,AM,FALSE
2,Tuesday,12:00 - 13:00,Bob MacQuarrie Recreation Complex - Orléans,1490 Youville Drive,"Squash courts 1, 2, 3, 5, 7 and 9",Other,Indoors,Yes,https://ottawa.ca/en/recreation-and-parks/facilities/place-listing/bob-macquarrie-recreation-complex-orleans,https://reservation.frontdesksuite.ca/rcfs/bobmacquarrie/Home/Index?Culture=en&PageId=b5fc0b91-0930-4fc8-9a99-66c7cd158d06,East - Orleans,Racquet Sport,Adult,PM,FALSE
2,Tuesday,13:00 - 14:00,Bob MacQuarrie Recreation Complex - Orléans,1490 Youville Drive,"Squash courts 1, 2, 3, 5, 7 and 9",Other,Indoors,Yes,https://ottawa.ca/en/recreation-and-parks/facilities/place-listing/bob-macquarrie-recreation-complex-orleans,https://reservation.frontdesksuite.ca/rcfs/bobmacquarrie/Home/Index?Culture=en&PageId=b5fc0b91-0930-4fc8-9a99-66c7cd158d06,East - Orleans,Racquet Sport,Adult,PM,FALSE
2,Tuesday,14:00 - 15:00,Bob MacQuarrie Recreation Complex - Orléans,1490 Youville Drive,"Squash courts 1, 2, 3, 5, 7 and 9",Other,Indoors,Yes,https://ottawa.ca/en/recreation-and-parks/facilities/place-listing/bob-macquarrie-recreation-complex-orleans,https://reservation.frontdesksuite.ca/rcfs/bobmacquarrie/Home/Index?Culture=en&PageId=b5fc0b91-0930-4fc8-9a99-66c7cd158d06,East - Orleans,Racquet Sport,Adult,PM,FALSE
2,Tuesday,15:00 - 16:00,Bob MacQuarrie Recreation Complex - Orléans,1490 Youville Drive,"Squash courts 1, 2, 3, 5, 7 and 9",Other,Indoors,Yes,https://ottawa.ca/en/recreation-and-parks/facilities/place-listing/bob-macquarrie-recreation-complex-orleans,https://reservation.frontdesksuite.ca/rcfs/bobmacquarrie/Home/Index?Culture=en&PageId=b5fc0b91-0930-4fc8-9a99-66c7cd158d06,East - Orleans,Racquet Sport,Adult,PM,FALSE
2,Tuesday,16:00 - 17:00,Bob MacQuarrie Recreation Complex - Orléans,1490 Youville Drive,"Squash courts 1, 2, 3, 5, 7 and 9",Other,Indoors,Yes,https://ottawa.ca/en/recreation-and-parks/facilities/place-listing/bob-macquarrie-recreation-complex-orleans,https://reservation.frontdesksuite.ca/rcfs/bobmacquarrie/Home/Index?Culture=en&PageId=b5fc0b91-0930-4fc8-9a99-66c7cd158d06,East - Orleans,Racquet Sport,Adult,PM,FALSE
2,Tuesday,17:00 - 18:00,Bob MacQuarrie Recreation Complex - Orléans,1490 Youville Drive,"Squash courts 1, 2, 3, 5, 7 and 9",Other,Indoors,Yes,https://ottawa.ca/en/recreation-and-parks/facilities/place-listing/bob-macquarrie-recreation-complex-orleans,https://reservation.frontdesksuite.ca/rcfs/bobmacquarrie/Home/Index?Culture=en&PageId=b5fc0b91-0930-4fc8-9a99-66c7cd158d06,East - Orleans,Racquet Sport,Adult,Evening,FALSE
2,Tuesday,18:00 - 19:00,Bob MacQuarrie Recreation Complex - Orléans,1490 Youville Drive,"Squash courts 1, 2, 3, 5, 7 and 9",Other,Indoors,Yes,https://ottawa.ca/en/recreation-and-parks/facilities/place-listing/bob-macquarrie-recreation-complex-orleans,https://reservation.frontdesksuite.ca/rcfs/bobmacquarrie/Home/Index?Culture=en&PageId=b5fc0b91-0930-4fc8-9a99-66c7cd158d06,East - Orleans,Racquet Sport,Adult,Evening,FALSE
2,Tuesday,19:00 - 20:00,Bob MacQuarrie Recreation Complex - Orléans,1490 Youville Drive,"Squash courts 1, 2, 3, 5, 7 and 9",Other,Indoors,Yes,https://ottawa.ca/en/recreation-and-parks/facilities/place-listing/bob-macquarrie-recreation-complex-orleans,https://reservation.frontdesksuite.ca/rcfs/bobmacquarrie/Home/Index?Culture=en&PageId=b5fc0b91-0930-4fc8-9a99-66c7cd158d06,East - Orleans,Racquet Sport,Adult,Evening,FALSE
2,Tuesday,20:00 - 21:00,Bob MacQuarrie Recreation Complex - Orléans,1490 Youville Drive,"Squash courts 1, 2, 3, 5, 7 and 9",Other,Indoors,Yes,https://ottawa.ca/en/recreation-and-parks/facilities/place-listing/bob-macquarrie-recreation-complex-orleans,https://reservation.frontdesksuite.ca/rcfs/bobmacquarrie/Home/Index?Culture=en&PageId=b5fc0b91-0930-4fc8-9a99-66c7cd158d06,East - Orleans,Racquet Sport,Adult,Evening,FALSE
3,Wednesday,06:00 - 07:00,Bob MacQuarrie Recreation Complex - Orléans,1490 Youville Drive,"Squash courts 1, 2, 3, 5, 7 and 9",Other,Indoors,Yes,https://ottawa.ca/en/recreation-and-parks/facilities/place-listing/bob-macquarrie-recreation-complex-orleans,https://reservation.frontdesksuite.ca/rcfs/bobmacquarrie/Home/Index?Culture=en&PageId=b5fc0b91-0930-4fc8-9a99-66c7cd158d06,East - Orleans,Racquet Sport,Adult,AM,FALSE
3,Wednesday,07:00 - 08:00,Bob MacQuarrie Recreation Complex - Orléans,1490 Youville Drive,"Squash courts 1, 2, 3, 5, 7 and 9",Other,Indoors,Yes,https://ottawa.ca/en/recreation-and-parks/facilities/place-listing/bob-macquarrie-recreation-complex-orleans,https://reservation.frontdesksuite.ca/rcfs/bobmacquarrie/Home/Index?Culture=en&PageId=b5fc0b91-0930-4fc8-9a99-66c7cd158d06,East - Orleans,Racquet Sport,Adult,AM,FALSE
3,Wednesday,08:00 - 09:00,Bob MacQuarrie Recreation Complex - Orléans,1490 Youville Drive,"Squash courts 1, 2, 3, 5, 7 and 9",Other,Indoors,Yes,https://ottawa.ca/en/recreation-and-parks/facilities/place-listing/bob-macquarrie-recreation-complex-orleans,https://reservation.frontdesksuite.ca/rcfs/bobmacquarrie/Home/Index?Culture=en&PageId=b5fc0b91-0930-4fc8-9a99-66c7cd158d06,East - Orleans,Racquet Sport,Adult,AM,FALSE
3,Wednesday,09:00 - 10:00,Bob MacQuarrie Recreation Complex - Orléans,1490 Youville Drive,"Squash courts 1, 2, 3, 5, 7 and 9",Other,Indoors,Yes,https://ottawa.ca/en/recreation-and-parks/facilities/place-listing/bob-macquarrie-recreation-complex-orleans,https://reservation.frontdesksuite.ca/rcfs/bobmacquarrie/Home/Index?Culture=en&PageId=b5fc0b91-0930-4fc8-9a99-66c7cd158d06,East - Orleans,Racquet Sport,Adult,AM,FALSE
3,Wednesday,10:00 - 11:00,Bob MacQuarrie Recreation Complex - Orléans,1490 Youville Drive,"Squash courts 1, 2, 3, 5, 7 and 9",Other,Indoors,Yes,https://ottawa.ca/en/recreation-and-parks/facilities/place-listing/bob-macquarrie-recreation-complex-orleans,https://reservation.frontdesksuite.ca/rcfs/bobmacquarrie/Home/Index?Culture=en&PageId=b5fc0b91-0930-4fc8-9a99-66c7cd158d06,East - Orleans,Racquet Sport,Adult,AM,FALSE
3,Wednesday,11:00 - 12:00,Bob MacQuarrie Recreation Complex - Orléans,1490 Youville Drive,"Squash courts 1, 2, 3, 5, 7 and 9",Other,Indoors,Yes,https://ottawa.ca/en/recreation-and-parks/facilities/place-listing/bob-macquarrie-recreation-complex-orleans,https://reservation.frontdesksuite.ca/rcfs/bobmacquarrie/Home/Index?Culture=en&PageId=b5fc0b91-0930-4fc8-9a99-66c7cd158d06,East - Orleans,Racquet Sport,Adult,AM,FALSE
3,Wednesday,12:00 - 13:00,Bob MacQuarrie Recreation Complex - Orléans,1490 Youville Drive,"Squash courts 1, 2, 3, 5, 7 and 9",Other,Indoors,Yes,https://ottawa.ca/en/recreation-and-parks/facilities/place-listing/bob-macquarrie-recreation-complex-orleans,https://reservation.frontdesksuite.ca/rcfs/bobmacquarrie/Home/Index?Culture=en&PageId=b5fc0b91-0930-4fc8-9a99-66c7cd158d06,East - Orleans,Racquet Sport,Adult,PM,FALSE
3,Wednesday,13:00 - 14:00,Bob MacQuarrie Recreation Complex - Orléans,1490 Youville Drive,"Squash courts 1, 2, 3, 5, 7 and 9",Other,Indoors,Yes,https://ottawa.ca/en/recreation-and-parks/facilities/place-listing/bob-macquarrie-recreation-complex-orleans,https://reservation.frontdesksuite.ca/rcfs/bobmacquarrie/Home/Index?Culture=en&PageId=b5fc0b91-0930-4fc8-9a99-66c7cd158d06,East - Orleans,Racquet Sport,Adult,PM,FALSE
3,Wednesday,14:00 - 15:00,Bob MacQuarrie Recreation Complex - Orléans,1490 Youville Drive,"Squash courts 1, 2, 3, 5, 7 and 9",Other,Indoors,Yes,https://ottawa.ca/en/recreation-and-parks/facilities/place-listing/bob-macquarrie-recreation-complex-orleans,https://reservation.frontdesksuite.ca/rcfs/bobmacquarrie/Home/Index?Culture=en&PageId=b5fc0b91-0930-4fc8-9a99-66c7cd158d06,East - Orleans,Racquet Sport,Adult,PM,FALSE
3,Wednesday,15:00 - 16:00,Bob MacQuarrie Recreation Complex - Orléans,1490 Youville Drive,"Squash courts 1, 2, 3, 5, 7 and 9",Other,Indoors,Yes,https://ottawa.ca/en/recreation-and-parks/facilities/place-listing/bob-macquarrie-recreation-complex-orleans,https://reservation.frontdesksuite.ca/rcfs/bobmacquarrie/Home/Index?Culture=en&PageId=b5fc0b91-0930-4fc8-9a99-66c7cd158d06,East - Orleans,Racquet Sport,Adult,PM,FALSE
3,Wednesday,16:00 - 17:00,Bob MacQuarrie Recreation Complex - Orléans,1490 Youville Drive,"Squash courts 1, 2, 3, 5, 7 and 9",Other,Indoors,Yes,https://ottawa.ca/en/recreation-and-parks/facilities/place-listing/bob-macquarrie-recreation-complex-orleans,https://reservation.frontdesksuite.ca/rcfs/bobmacquarrie/Home/Index?Culture=en&PageId=b5fc0b91-0930-4fc8-9a99-66c7cd158d06,East - Orleans,Racquet Sport,Adult,PM,FALSE
3,Wednesday,17:00 - 18:00,Bob MacQuarrie Recreation Complex - Orléans,1490 Youville Drive,"Squash courts 1, 2, 3, 5, 7 and 9",Other,Indoors,Yes,https://ottawa.ca/en/recreation-and-parks/facilities/place-listing/bob-macquarrie-recreation-complex-orleans,https://reservation.frontdesksuite.ca/rcfs/bobmacquarrie/Home/Index?Culture=en&PageId=b5fc0b91-0930-4fc8-9a99-66c7cd158d06,East - Orleans,Racquet Sport,Adult,Evening,FALSE
3,Wednesday,18:00 - 19:00,Bob MacQuarrie Recreation Complex - Orléans,1490 Youville Drive,"Squash courts 1, 2, 3, 5, 7 and 9",Other,Indoors,Yes,https://ottawa.ca/en/recreation-and-parks/facilities/place-listing/bob-macquarrie-recreation-complex-orleans,https://reservation.frontdesksuite.ca/rcfs/bobmacquarrie/Home/Index?Culture=en&PageId=b5fc0b91-0930-4fc8-9a99-66c7cd158d06,East - Orleans,Racquet Sport,Adult,Evening,FALSE
3,Wednesday,19:00 - 20:00,Bob MacQuarrie Recreation Complex - Orléans,1490 Youville Drive,"Squash courts 1, 2, 3, 5, 7 and 9",Other,Indoors,Yes,https://ottawa.ca/en/recreation-and-parks/facilities/place-listing/bob-macquarrie-recreation-complex-orleans,https://reservation.frontdesksuite.ca/rcfs/bobmacquarrie/Home/Index?Culture=en&PageId=b5fc0b91-0930-4fc8-9a99-66c7cd158d06,East - Orleans,Racquet Sport,Adult,Evening,FALSE
3,Wednesday,20:00 - 21:00,Bob MacQuarrie Recreation Complex - Orléans,1490 Youville Drive,"Squash courts 1, 2, 3, 5, 7 and 9",Other,Indoors,Yes,https://ottawa.ca/en/recreation-and-parks/facilities/place-listing/bob-macquarrie-recreation-complex-orleans,https://reservation.frontdesksuite.ca/rcfs/bobmacquarrie/Home/Index?Culture=en&PageId=b5fc0b91-0930-4fc8-9a99-66c7cd158d06,East - Orleans,Racquet Sport,Adult,Evening,FALSE
4,Thursday,06:00 - 07:00,Bob MacQuarrie Recreation Complex - Orléans,1490 Youville Drive,"Squash courts 1, 2, 3, 5, 7 and 9",Other,Indoors,Yes,https://ottawa.ca/en/recreation-and-parks/facilities/place-listing/bob-macquarrie-recreation-complex-orleans,https://reservation.frontdesksuite.ca/rcfs/bobmacquarrie/Home/Index?Culture=en&PageId=b5fc0b91-0930-4fc8-9a99-66c7cd158d06,East - Orleans,Racquet Sport,Adult,AM,FALSE
4,Thursday,07:00 - 08:00,Bob MacQuarrie Recreation Complex - Orléans,1490 Youville Drive,"Squash courts 1, 2, 3, 5, 7 and 9",Other,Indoors,Yes,https://ottawa.ca/en/recreation-and-parks/facilities/place-listing/bob-macquarrie-recreation-complex-orleans,https://reservation.frontdesksuite.ca/rcfs/bobmacquarrie/Home/Index?Culture=en&PageId=b5fc0b91-0930-4fc8-9a99-66c7cd158d06,East - Orleans,Racquet Sport,Adult,AM,FALSE
4,Thursday,08:00 - 09:00,Bob MacQuarrie Recreation Complex - Orléans,1490 Youville Drive,"Squash courts 1, 2, 3, 5, 7 and 9",Other,Indoors,Yes,https://ottawa.ca/en/recreation-and-parks/facilities/place-listing/bob-macquarrie-recreation-complex-orleans,https://reservation.frontdesksuite.ca/rcfs/bobmacquarrie/Home/Index?Culture=en&PageId=b5fc0b91-0930-4fc8-9a99-66c7cd158d06,East - Orleans,Racquet Sport,Adult,AM,FALSE
4,Thursday,09:00 - 10:00,Bob MacQuarrie Recreation Complex - Orléans,1490 Youville Drive,"Squash courts 1, 2, 3, 5, 7 and 9",Other,Indoors,Yes,https://ottawa.ca/en/recreation-and-parks/facilities/place-listing/bob-macquarrie-recreation-complex-orleans,https://reservation.frontdesksuite.ca/rcfs/bobmacquarrie/Home/Index?Culture=en&PageId=b5fc0b91-0930-4fc8-9a99-66c7cd158d06,East - Orleans,Racquet Sport,Adult,AM,FALSE
4,Thursday,10:00 - 11:00,Bob MacQuarrie Recreation Complex - Orléans,1490 Youville Drive,"Squash courts 1, 2, 3, 5, 7 and 9",Other,Indoors,Yes,https://ottawa.ca/en/recreation-and-parks/facilities/place-listing/bob-macquarrie-recreation-complex-orleans,https://reservation.frontdesksuite.ca/rcfs/bobmacquarrie/Home/Index?Culture=en&PageId=b5fc0b91-0930-4fc8-9a99-66c7cd158d06,East - Orleans,Racquet Sport,Adult,AM,FALSE
4,Thursday,11:00 - 12:00,Bob MacQuarrie Recreation Complex - Orléans,1490 Youville Drive,"Squash courts 1, 2, 3, 5, 7 and 9",Other,Indoors,Yes,https://ottawa.ca/en/recreation-and-parks/facilities/place-listing/bob-macquarrie-recreation-complex-orleans,https://reservation.frontdesksuite.ca/rcfs/bobmacquarrie/Home/Index?Culture=en&PageId=b5fc0b91-0930-4fc8-9a99-66c7cd158d06,East - Orleans,Racquet Sport,Adult,AM,FALSE
4,Thursday,12:00 - 13:00,Bob MacQuarrie Recreation Complex - Orléans,1490 Youville Drive,"Squash courts 1, 2, 3, 5, 7 and 9",Other,Indoors,Yes,https://ottawa.ca/en/recreation-and-parks/facilities/place-listing/bob-macquarrie-recreation-complex-orleans,https://reservation.frontdesksuite.ca/rcfs/bobmacquarrie/Home/Index?Culture=en&PageId=b5fc0b91-0930-4fc8-9a99-66c7cd158d06,East - Orleans,Racquet Sport,Adult,PM,FALSE
4,Thursday,13:00 - 14:00,Bob MacQuarrie Recreation Complex - Orléans,1490 Youville Drive,"Squash courts 1, 2, 3, 5, 7 and 9",Other,Indoors,Yes,https://ottawa.ca/en/recreation-and-parks/facilities/place-listing/bob-macquarrie-recreation-complex-orleans,https://reservation.frontdesksuite.ca/rcfs/bobmacquarrie/Home/Index?Culture=en&PageId=b5fc0b91-0930-4fc8-9a99-66c7cd158d06,East - Orleans,Racquet Sport,Adult,PM,FALSE
4,Thursday,14:00 - 15:00,Bob MacQuarrie Recreation Complex - Orléans,1490 Youville Drive,"Squash courts 1, 2, 3, 5, 7 and 9",Other,Indoors,Yes,https://ottawa.ca/en/recreation-and-parks/facilities/place-listing/bob-macquarrie-recreation-complex-orleans,https://reservation.frontdesksuite.ca/rcfs/bobmacquarrie/Home/Index?Culture=en&PageId=b5fc0b91-0930-4fc8-9a99-66c7cd158d06,East - Orleans,Racquet Sport,Adult,PM,FALSE
4,Thursday,15:00 - 16:00,Bob MacQuarrie Recreation Complex - Orléans,1490 Youville Drive,"Squash courts 1, 2, 3, 5, 7 and 9",Other,Indoors,Yes,https://ottawa.ca/en/recreation-and-parks/facilities/place-listing/bob-macquarrie-recreation-complex-orleans,https://reservation.frontdesksuite.ca/rcfs/bobmacquarrie/Home/Index?Culture=en&PageId=b5fc0b91-0930-4fc8-9a99-66c7cd158d06,East - Orleans,Racquet Sport,Adult,PM,FALSE
4,Thursday,16:00 - 17:00,Bob MacQuarrie Recreation Complex - Orléans,1490 Youville Drive,"Squash courts 1, 2, 3, 5, 7 and 9",Other,Indoors,Yes,https://ottawa.ca/en/recreation-and-parks/facilities/place-listing/bob-macquarrie-recreation-complex-orleans,https://reservation.frontdesksuite.ca/rcfs/bobmacquarrie/Home/Index?Culture=en&PageId=b5fc0b91-0930-4fc8-9a99-66c7cd158d06,East - Orleans,Racquet Sport,Adult,PM,FALSE
4,Thursday,17:00 - 18:00,Bob MacQuarrie Recreation Complex - Orléans,1490 Youville Drive,"Squash courts 1, 2, 3, 5, 7 and 9",Other,Indoors,Yes,https://ottawa.ca/en/recreation-and-parks/facilities/place-listing/bob-macquarrie-recreation-complex-orleans,https://reservation.frontdesksuite.ca/rcfs/bobmacquarrie/Home/Index?Culture=en&PageId=b5fc0b91-0930-4fc8-9a99-66c7cd158d06,East - Orleans,Racquet Sport,Adult,Evening,FALSE
4,Thursday,18:00 - 19:00,Bob MacQuarrie Recreation Complex - Orléans,1490 Youville Drive,"Squash courts 1, 2, 3, 5, 7 and 9",Other,Indoors,Yes,https://ottawa.ca/en/recreation-and-parks/facilities/place-listing/bob-macquarrie-recreation-complex-orleans,https://reservation.frontdesksuite.ca/rcfs/bobmacquarrie/Home/Index?Culture=en&PageId=b5fc0b91-0930-4fc8-9a99-66c7cd158d06,East - Orleans,Racquet Sport,Adult,Evening,FALSE
4,Thursday,19:00 - 20:00,Bob MacQuarrie Recreation Complex - Orléans,1490 Youville Drive,"Squash courts 1, 2, 3, 5, 7 and 9",Other,Indoors,Yes,https://ottawa.ca/en/recreation-and-parks/facilities/place-listing/bob-macquarrie-recreation-complex-orleans,https://reservation.frontdesksuite.ca/rcfs/bobmacquarrie/Home/Index?Culture=en&PageId=b5fc0b91-0930-4fc8-9a99-66c7cd158d06,East - Orleans,Racquet Sport,Adult,Evening,FALSE
4,Thursday,20:00 - 21:00,Bob MacQuarrie Recreation Complex - Orléans,1490 Youville Drive,"Squash courts 1, 2, 3, 5, 7 and 9",Other,Indoors,Yes,https://ottawa.ca/en/recreation-and-parks/facilities/place-listing/bob-macquarrie-recreation-complex-orleans,https://reservation.frontdesksuite.ca/rcfs/bobmacquarrie/Home/Index?Culture=en&PageId=b5fc0b91-0930-4fc8-9a99-66c7cd158d06,East - Orleans,Racquet Sport,Adult,Evening,FALSE
5,Friday,06:00 - 07:00,Bob MacQuarrie Recreation Complex - Orléans,1490 Youville Drive,"Squash courts 1, 2, 3, 5, 7 and 9",Other,Indoors,Yes,https://ottawa.ca/en/recreation-and-parks/facilities/place-listing/bob-macquarrie-recreation-complex-orleans,https://reservation.frontdesksuite.ca/rcfs/bobmacquarrie/Home/Index?Culture=en&PageId=b5fc0b91-0930-4fc8-9a99-66c7cd158d06,East - Orleans,Racquet Sport,Adult,AM,FALSE
5,Friday,07:00 - 08:00,Bob MacQuarrie Recreation Complex - Orléans,1490 Youville Drive,"Squash courts 1, 2, 3, 5, 7 and 9",Other,Indoors,Yes,https://ottawa.ca/en/recreation-and-parks/facilities/place-listing/bob-macquarrie-recreation-complex-orleans,https://reservation.frontdesksuite.ca/rcfs/bobmacquarrie/Home/Index?Culture=en&PageId=b5fc0b91-0930-4fc8-9a99-66c7cd158d06,East - Orleans,Racquet Sport,Adult,AM,FALSE
5,Friday,08:00 - 09:00,Bob MacQuarrie Recreation Complex - Orléans,1490 Youville Drive,"Squash courts 1, 2, 3, 5, 7 and 9",Other,Indoors,Yes,https://ottawa.ca/en/recreation-and-parks/facilities/place-listing/bob-macquarrie-recreation-complex-orleans,https://reservation.frontdesksuite.ca/rcfs/bobmacquarrie/Home/Index?Culture=en&PageId=b5fc0b91-0930-4fc8-9a99-66c7cd158d06,East - Orleans,Racquet Sport,Adult,AM,FALSE
5,Friday,09:00 - 10:00,Bob MacQuarrie Recreation Complex - Orléans,1490 Youville Drive,"Squash courts 1, 2, 3, 5, 7 and 9",Other,Indoors,Yes,https://ottawa.ca/en/recreation-and-parks/facilities/place-listing/bob-macquarrie-recreation-complex-orleans,https://reservation.frontdesksuite.ca/rcfs/bobmacquarrie/Home/Index?Culture=en&PageId=b5fc0b91-0930-4fc8-9a99-66c7cd158d06,East - Orleans,Racquet Sport,Adult,AM,FALSE
5,Friday,10:00 - 11:00,Bob MacQuarrie Recreation Complex - Orléans,1490 Youville Drive,"Squash courts 1, 2, 3, 5, 7 and 9",Other,Indoors,Yes,https://ottawa.ca/en/recreation-and-parks/facilities/place-listing/bob-macquarrie-recreation-complex-orleans,https://reservation.frontdesksuite.ca/rcfs/bobmacquarrie/Home/Index?Culture=en&PageId=b5fc0b91-0930-4fc8-9a99-66c7cd158d06,East - Orleans,Racquet Sport,Adult,AM,FALSE
5,Friday,11:00 - 12:00,Bob MacQuarrie Recreation Complex - Orléans,1490 Youville Drive,"Squash courts 1, 2, 3, 5, 7 and 9",Other,Indoors,Yes,https://ottawa.ca/en/recreation-and-parks/facilities/place-listing/bob-macquarrie-recreation-complex-orleans,https://reservation.frontdesksuite.ca/rcfs/bobmacquarrie/Home/Index?Culture=en&PageId=b5fc0b91-0930-4fc8-9a99-66c7cd158d06,East - Orleans,Racquet Sport,Adult,AM,FALSE
5,Friday,12:00 - 13:00,Bob MacQuarrie Recreation Complex - Orléans,1490 Youville Drive,"Squash courts 1, 2, 3, 5, 7 and 9",Other,Indoors,Yes,https://ottawa.ca/en/recreation-and-parks/facilities/place-listing/bob-macquarrie-recreation-complex-orleans,https://reservation.frontdesksuite.ca/rcfs/bobmacquarrie/Home/Index?Culture=en&PageId=b5fc0b91-0930-4fc8-9a99-66c7cd158d06,East - Orleans,Racquet Sport,Adult,PM,FALSE
5,Friday,13:00 - 14:00,Bob MacQuarrie Recreation Complex - Orléans,1490 Youville Drive,"Squash courts 1, 2, 3, 5, 7 and 9",Other,Indoors,Yes,https://ottawa.ca/en/recreation-and-parks/facilities/place-listing/bob-macquarrie-recreation-complex-orleans,https://reservation.frontdesksuite.ca/rcfs/bobmacquarrie/Home/Index?Culture=en&PageId=b5fc0b91-0930-4fc8-9a99-66c7cd158d06,East - Orleans,Racquet Sport,Adult,PM,FALSE
5,Friday,14:00 - 15:00,Bob MacQuarrie Recreation Complex - Orléans,1490 Youville Drive,"Squash courts 1, 2, 3, 5, 7 and 9",Other,Indoors,Yes,https://ottawa.ca/en/recreation-and-parks/facilities/place-listing/bob-macquarrie-recreation-complex-orleans,https://reservation.frontdesksuite.ca/rcfs/bobmacquarrie/Home/Index?Culture=en&PageId=b5fc0b91-0930-4fc8-9a99-66c7cd158d06,East - Orleans,Racquet Sport,Adult,PM,FALSE
5,Friday,15:00 - 16:00,Bob MacQuarrie Recreation Complex - Orléans,1490 Youville Drive,"Squash courts 1, 2, 3, 5, 7 and 9",Other,Indoors,Yes,https://ottawa.ca/en/recreation-and-parks/facilities/place-listing/bob-macquarrie-recreation-complex-orleans,https://reservation.frontdesksuite.ca/rcfs/bobmacquarrie/Home/Index?Culture=en&PageId=b5fc0b91-0930-4fc8-9a99-66c7cd158d06,East - Orleans,Racquet Sport,Adult,PM,FALSE
5,Friday,16:00 - 17:00,Bob MacQuarrie Recreation Complex - Orléans,1490 Youville Drive,"Squash courts 1, 2, 3, 5, 7 and 9",Other,Indoors,Yes,https://ottawa.ca/en/recreation-and-parks/facilities/place-listing/bob-macquarrie-recreation-complex-orleans,https://reservation.frontdesksuite.ca/rcfs/bobmacquarrie/Home/Index?Culture=en&PageId=b5fc0b91-0930-4fc8-9a99-66c7cd158d06,East - Orleans,Racquet Sport,Adult,PM,FALSE
5,Friday,17:00 - 18:00,Bob MacQuarrie Recreation Complex - Orléans,1490 Youville Drive,"Squash courts 1, 2, 3, 5, 7 and 9",Other,Indoors,Yes,https://ottawa.ca/en/recreation-and-parks/facilities/place-listing/bob-macquarrie-recreation-complex-orleans,https://reservation.frontdesksuite.ca/rcfs/bobmacquarrie/Home/Index?Culture=en&PageId=b5fc0b91-0930-4fc8-9a99-66c7cd158d06,East - Orleans,Racquet Sport,Adult,Evening,FALSE
5,Friday,18:00 - 19:00,Bob MacQuarrie Recreation Complex - Orléans,1490 Youville Drive,"Squash courts 1, 2, 3, 5, 7 and 9",Other,Indoors,Yes,https://ottawa.ca/en/recreation-and-parks/facilities/place-listing/bob-macquarrie-recreation-complex-orleans,https://reservation.frontdesksuite.ca/rcfs/bobmacquarrie/Home/Index?Culture=en&PageId=b5fc0b91-0930-4fc8-9a99-66c7cd158d06,East - Orleans,Racquet Sport,Adult,Evening,FALSE
5,Friday,19:00 - 20:00,Bob MacQuarrie Recreation Complex - Orléans,1490 Youville Drive,"Squash courts 1, 2, 3, 5, 7 and 9",Other,Indoors,Yes,https://ottawa.ca/en/recreation-and-parks/facilities/place-listing/bob-macquarrie-recreation-complex-orleans,https://reservation.frontdesksuite.ca/rcfs/bobmacquarrie/Home/Index?Culture=en&PageId=b5fc0b91-0930-4fc8-9a99-66c7cd158d06,East - Orleans,Racquet Sport,Adult,Evening,FALSE
5,Friday,20:00 - 21:00,Bob MacQuarrie Recreation Complex - Orléans,1490 Youville Drive,"Squash courts 1, 2, 3, 5, 7 and 9",Other,Indoors,Yes,https://ottawa.ca/en/recreation-and-parks/facilities/place-listing/bob-macquarrie-recreation-complex-orleans,https://reservation.frontdesksuite.ca/rcfs/bobmacquarrie/Home/Index?Culture=en&PageId=b5fc0b91-0930-4fc8-9a99-66c7cd158d06,East - Orleans,Racquet Sport,Adult,Evening,FALSE
6,Saturday,08:00 - 09:00,Bob MacQuarrie Recreation Complex - Orléans,1490 Youville Drive,"Squash courts 1, 2, 3, 5, 7 and 9",Other,Indoors,Yes,https://ottawa.ca/en/recreation-and-parks/facilities/place-listing/bob-macquarrie-recreation-complex-orleans,https://reservation.frontdesksuite.ca/rcfs/bobmacquarrie/Home/Index?Culture=en&PageId=b5fc0b91-0930-4fc8-9a99-66c7cd158d06,East - Orleans,Racquet Sport,Adult,AM,FALSE
6,Saturday,09:00 - 10:00,Bob MacQuarrie Recreation Complex - Orléans,1490 Youville Drive,"Squash courts 1, 2, 3, 5, 7 and 9",Other,Indoors,Yes,https://ottawa.ca/en/recreation-and-parks/facilities/place-listing/bob-macquarrie-recreation-complex-orleans,https://reservation.frontdesksuite.ca/rcfs/bobmacquarrie/Home/Index?Culture=en&PageId=b5fc0b91-0930-4fc8-9a99-66c7cd158d06,East - Orleans,Racquet Sport,Adult,AM,FALSE
6,Saturday,12:00 - 13:00,Bob MacQuarrie Recreation Complex - Orléans,1490 Youville Drive,"Squash courts 1, 2, 3, 5, 7 and 9",Other,Indoors,Yes,https://ottawa.ca/en/recreation-and-parks/facilities/place-listing/bob-macquarrie-recreation-complex-orleans,https://reservation.frontdesksuite.ca/rcfs/bobmacquarrie/Home/Index?Culture=en&PageId=b5fc0b91-0930-4fc8-9a99-66c7cd158d06,East - Orleans,Racquet Sport,Adult,PM,FALSE
6,Saturday,13:00 - 14:00,Bob MacQuarrie Recreation Complex - Orléans,1490 Youville Drive,"Squash courts 1, 2, 3, 5, 7 and 9",Other,Indoors,Yes,https://ottawa.ca/en/recreation-and-parks/facilities/place-listing/bob-macquarrie-recreation-complex-orleans,https://reservation.frontdesksuite.ca/rcfs/bobmacquarrie/Home/Index?Culture=en&PageId=b5fc0b91-0930-4fc8-9a99-66c7cd158d06,East - Orleans,Racquet Sport,Adult,PM,FALSE
6,Saturday,14:00 - 15:00,Bob MacQuarrie Recreation Complex - Orléans,1490 Youville Drive,"Squash courts 1, 2, 3, 5, 7 and 9",Other,Indoors,Yes,https://ottawa.ca/en/recreation-and-parks/facilities/place-listing/bob-macquarrie-recreation-complex-orleans,https://reservation.frontdesksuite.ca/rcfs/bobmacquarrie/Home/Index?Culture=en&PageId=b5fc0b91-0930-4fc8-9a99-66c7cd158d06,East - Orleans,Racquet Sport,Adult,PM,FALSE
6,Saturday,15:00 - 16:00,Bob MacQuarrie Recreation Complex - Orléans,1490 Youville Drive,"Squash courts 1, 2, 3, 5, 7 and 9",Other,Indoors,Yes,https://ottawa.ca/en/recreation-and-parks/facilities/place-listing/bob-macquarrie-recreation-complex-orleans,https://reservation.frontdesksuite.ca/rcfs/bobmacquarrie/Home/Index?Culture=en&PageId=b5fc0b91-0930-4fc8-9a99-66c7cd158d06,East - Orleans,Racquet Sport,Adult,PM,FALSE
6,Saturday,16:00 - 17:00,Bob MacQuarrie Recreation Complex - Orléans,1490 Youville Drive,"Squash courts 1, 2, 3, 5, 7 and 9",Other,Indoors,Yes,https://ottawa.ca/en/recreation-and-parks/facilities/place-listing/bob-macquarrie-recreation-complex-orleans,https://reservation.frontdesksuite.ca/rcfs/bobmacquarrie/Home/Index?Culture=en&PageId=b5fc0b91-0930-4fc8-9a99-66c7cd158d06,East - Orleans,Racquet Sport,Adult,PM,FALSE
6,Saturday,17:00 - 18:00,Bob MacQuarrie Recreation Complex - Orléans,1490 Youville Drive,"Squash courts 1, 2, 3, 5, 7 and 9",Other,Indoors,Yes,https://ottawa.ca/en/recreation-and-parks/facilities/place-listing/bob-macquarrie-recreation-complex-orleans,https://reservation.frontdesksuite.ca/rcfs/bobmacquarrie/Home/Index?Culture=en&PageId=b5fc0b91-0930-4fc8-9a99-66c7cd158d06,East - Orleans,Racquet Sport,Adult,Evening,FALSE
7,Sunday,08:00 - 09:00,Bob MacQuarrie Recreation Complex - Orléans,1490 Youville Drive,"Squash courts 1, 2, 3, 5, 7 and 9",Other,Indoors,Yes,https://ottawa.ca/en/recreation-and-parks/facilities/place-listing/bob-macquarrie-recreation-complex-orleans,https://reservation.frontdesksuite.ca/rcfs/bobmacquarrie/Home/Index?Culture=en&PageId=b5fc0b91-0930-4fc8-9a99-66c7cd158d06,East - Orleans,Racquet Sport,Adult,AM,FALSE
7,Sunday,09:00 - 10:00,Bob MacQuarrie Recreation Complex - Orléans,1490 Youville Drive,"Squash courts 1, 2, 3, 5, 7 and 9",Other,Indoors,Yes,https://ottawa.ca/en/recreation-and-parks/facilities/place-listing/bob-macquarrie-recreation-complex-orleans,https://reservation.frontdesksuite.ca/rcfs/bobmacquarrie/Home/Index?Culture=en&PageId=b5fc0b91-0930-4fc8-9a99-66c7cd158d06,East - Orleans,Racquet Sport,Adult,AM,FALSE
7,Sunday,10:00 - 11:00,Bob MacQuarrie Recreation Complex - Orléans,1490 Youville Drive,"Squash courts 1, 2, 3, 5, 7 and 9",Other,Indoors,Yes,https://ottawa.ca/en/recreation-and-parks/facilities/place-listing/bob-macquarrie-recreation-complex-orleans,https://reservation.frontdesksuite.ca/rcfs/bobmacquarrie/Home/Index?Culture=en&PageId=b5fc0b91-0930-4fc8-9a99-66c7cd158d06,East - Orleans,Racquet Sport,Adult,AM,FALSE
7,Sunday,11:00 - 12:00,Bob MacQuarrie Recreation Complex - Orléans,1490 Youville Drive,"Squash courts 1, 2, 3, 5, 7 and 9",Other,Indoors,Yes,https://ottawa.ca/en/recreation-and-parks/facilities/place-listing/bob-macquarrie-recreation-complex-orleans,https://reservation.frontdesksuite.ca/rcfs/bobmacquarrie/Home/Index?Culture=en&PageId=b5fc0b91-0930-4fc8-9a99-66c7cd158d06,East - Orleans,Racquet Sport,Adult,AM,FALSE
7,Sunday,12:00 - 13:00,Bob MacQuarrie Recreation Complex - Orléans,1490 Youville Drive,"Squash courts 1, 2, 3, 5, 7 and 9",Other,Indoors,Yes,https://ottawa.ca/en/recreation-and-parks/facilities/place-listing/bob-macquarrie-recreation-complex-orleans,https://reservation.frontdesksuite.ca/rcfs/bobmacquarrie/Home/Index?Culture=en&PageId=b5fc0b91-0930-4fc8-9a99-66c7cd158d06,East - Orleans,Racquet Sport,Adult,PM,FALSE
7,Sunday,13:00 - 14:00,Bob MacQuarrie Recreation Complex - Orléans,1490 Youville Drive,"Squash courts 1, 2, 3, 5, 7 and 9",Other,Indoors,Yes,https://ottawa.ca/en/recreation-and-parks/facilities/place-listing/bob-macquarrie-recreation-complex-orleans,https://reservation.frontdesksuite.ca/rcfs/bobmacquarrie/Home/Index?Culture=en&PageId=b5fc0b91-0930-4fc8-9a99-66c7cd158d06,East - Orleans,Racquet Sport,Adult,PM,FALSE
7,Sunday,14:00 - 15:00,Bob MacQuarrie Recreation Complex - Orléans,1490 Youville Drive,"Squash courts 1, 2, 3, 5, 7 and 9",Other,Indoors,Yes,https://ottawa.ca/en/recreation-and-parks/facilities/place-listing/bob-macquarrie-recreation-complex-orleans,https://reservation.frontdesksuite.ca/rcfs/bobmacquarrie/Home/Index?Culture=en&PageId=b5fc0b91-0930-4fc8-9a99-66c7cd158d06,East - Orleans,Racquet Sport,Adult,PM,FALSE
7,Sunday,15:00 - 16:00,Bob MacQuarrie Recreation Complex - Orléans,1490 Youville Drive,"Squash courts 1, 2, 3, 5, 7 and 9",Other,Indoors,Yes,https://ottawa.ca/en/recreation-and-parks/facilities/place-listing/bob-macquarrie-recreation-complex-orleans,https://reservation.frontdesksuite.ca/rcfs/bobmacquarrie/Home/Index?Culture=en&PageId=b5fc0b91-0930-4fc8-9a99-66c7cd158d06,East - Orleans,Racquet Sport,Adult,PM,FALSE
7,Sunday,16:00 - 17:00,Bob MacQuarrie Recreation Complex - Orléans,1490 Youville Drive,"Squash courts 1, 2, 3, 5, 7 and 9",Other,Indoors,Yes,https://ottawa.ca/en/recreation-and-parks/facilities/place-listing/bob-macquarrie-recreation-complex-orleans,https://reservation.frontdesksuite.ca/rcfs/bobmacquarrie/Home/Index?Culture=en&PageId=b5fc0b91-0930-4fc8-9a99-66c7cd158d06,East - Orleans,Racquet Sport,Adult,PM,FALSE
7,Sunday,17:00 - 18:00,Bob MacQuarrie Recreation Complex - Orléans,1490 Youville Drive,"Squash courts 1, 2, 3, 5, 7 and 9",Other,Indoors,Yes,https://ottawa.ca/en/recreation-and-parks/facilities/place-listing/bob-macquarrie-recreation-complex-orleans,https://reservation.frontdesksuite.ca/rcfs/bobmacquarrie/Home/Index?Culture=en&PageId=b5fc0b91-0930-4fc8-9a99-66c7cd158d06,East - Orleans,Racquet Sport,Adult,Evening,FALSE
1,Monday,07:30 - 13:00,Brewer Pool and Arena,100 Brewer Way,Lane swim,Lane Swim,Indoors,No,https://ottawa.ca/en/recreation-and-parks/facilities/place-listing/brewer-pool-and-arena,#,South,Swimming,Adult,"AM, PM",FALSE
1,Monday,20:35 - 21:35,Brewer Pool and Arena,100 Brewer Way,Lane swim,Lane Swim,Indoors,No,https://ottawa.ca/en/recreation-and-parks/facilities/place-listing/brewer-pool-and-arena,#,South,Swimming,Adult,Evening,FALSE
2,Tuesday,08:00 - 09:00,Brewer Pool and Arena,100 Brewer Way,Lane swim,Lane Swim,Indoors,No,https://ottawa.ca/en/recreation-and-parks/facilities/place-listing/brewer-pool-and-arena,#,South,Swimming,Adult,AM,FALSE
2,Tuesday,11:00 - 12:00,Brewer Pool and Arena,100 Brewer Way,Lane swim,Lane Swim,Indoors,No,https://ottawa.ca/en/recreation-and-parks/facilities/place-listing/brewer-pool-and-arena,#,South,Swimming,Adult,AM,FALSE
2,Tuesday,20:00 - 21:30,Brewer Pool and Arena,100 Brewer Way,Lane swim,Lane Swim,Indoors,No,https://ottawa.ca/en/recreation-and-parks/facilities/place-listing/brewer-pool-and-arena,#,South,Swimming,Adult,Evening,FALSE
3,Wednesday,07:30 - 09:30,Brewer Pool and Arena,100 Brewer Way,Lane swim,Lane Swim,Indoors,No,https://ottawa.ca/en/recreation-and-parks/facilities/place-listing/brewer-pool-and-arena,#,South,Swimming,Adult,AM,FALSE
3,Wednesday,11:30 - 13:00,Brewer Pool and Arena,100 Brewer Way,Lane swim,Lane Swim,Indoors,No,https://ottawa.ca/en/recreation-and-parks/facilities/place-listing/brewer-pool-and-arena,#,South,Swimming,Adult,"AM, PM",FALSE
3,Wednesday,20:00 - 21:30,Brewer Pool and Arena,100 Brewer Way,Lane swim,Lane Swim,Indoors,No,https://ottawa.ca/en/recreation-and-parks/facilities/place-listing/brewer-pool-and-arena,#,South,Swimming,Adult,Evening,FALSE
4,Thursday,08:00 - 09:00,Brewer Pool and Arena,100 Brewer Way,Lane swim,Lane Swim,Indoors,No,https://ottawa.ca/en/recreation-and-parks/facilities/place-listing/brewer-pool-and-arena,#,South,Swimming,Adult,AM,FALSE
4,Thursday,11:00 - 12:00,Brewer Pool and Arena,100 Brewer Way,Lane swim,Lane Swim,Indoors,No,https://ottawa.ca/en/recreation-and-parks/facilities/place-listing/brewer-pool-and-arena,#,South,Swimming,Adult,AM,FALSE
5,Friday,07:30 - 09:30,Brewer Pool and Arena,100 Brewer Way,Lane swim,Lane Swim,Indoors,No,https://ottawa.ca/en/recreation-and-parks/facilities/place-listing/brewer-pool-and-arena,#,South,Swimming,Adult,AM,FALSE
5,Friday,11:30 - 13:00,Brewer Pool and Arena,100 Brewer Way,Lane swim,Lane Swim,Indoors,No,https://ottawa.ca/en/recreation-and-parks/facilities/place-listing/brewer-pool-and-arena,#,South,Swimming,Adult,"AM, PM",FALSE
6,Saturday,07:30 - 09:00,Brewer Pool and Arena,100 Brewer Way,Lane swim,Lane Swim,Indoors,No,https://ottawa.ca/en/recreation-and-parks/facilities/place-listing/brewer-pool-and-arena,#,South,Swimming,Adult,AM,TRUE
6,Saturday,12:00 - 13:30,Brewer Pool and Arena,100 Brewer Way,Lane swim,Lane Swim,Indoors,No,https://ottawa.ca/en/recreation-and-parks/facilities/place-listing/brewer-pool-and-arena,#,South,Swimming,Adult,PM,TRUE
7,Sunday,12:30 - 14:00,Brewer Pool and Arena,100 Brewer Way,Lane swim,Lane Swim,Indoors,No,https://ottawa.ca/en/recreation-and-parks/facilities/place-listing/brewer-pool-and-arena,#,South,Swimming,Adult,PM,FALSE
6,Saturday,13:30 - 14:30,Brewer Pool and Arena,100 Brewer Way,Public swim,Public Swim,Indoors,No,https://ottawa.ca/en/recreation-and-parks/facilities/place-listing/brewer-pool-and-arena,#,South,Swimming,"Preschool, Children, Youth, Adult",PM,TRUE
7,Sunday,14:00 - 15:00,Brewer Pool and Arena,100 Brewer Way,Public swim,Public Swim,Indoors,No,https://ottawa.ca/en/recreation-and-parks/facilities/place-listing/brewer-pool-and-arena,#,South,Swimming,"Preschool, Children, Youth, Adult",PM,FALSE
2,Tuesday,09:05 - 10:00,Brewer Pool and Arena,100 Brewer Way,Aquafit,Aquafit,Indoors,No,https://ottawa.ca/en/recreation-and-parks/facilities/place-listing/brewer-pool-and-arena,#,South,Swimming,Adult,AM,FALSE
2,Tuesday,10:00 - 10:55,Brewer Pool and Arena,100 Brewer Way,Aquafit,Aquafit,Indoors,No,https://ottawa.ca/en/recreation-and-parks/facilities/place-listing/brewer-pool-and-arena,#,South,Swimming,Adult,AM,FALSE
3,Wednesday,09:35 - 10:30,Brewer Pool and Arena,100 Brewer Way,Aquafit,Aquafit,Indoors,No,https://ottawa.ca/en/recreation-and-parks/facilities/place-listing/brewer-pool-and-arena,#,South,Swimming,Adult,AM,FALSE
3,Wednesday,10:30 - 11:25,Brewer Pool and Arena,100 Brewer Way,Aquafit,Aquafit,Indoors,No,https://ottawa.ca/en/recreation-and-parks/facilities/place-listing/brewer-pool-and-arena,#,South,Swimming,Adult,AM,FALSE
4,Thursday,09:05 - 10:00,Brewer Pool and Arena,100 Brewer Way,Aquafit,Aquafit,Indoors,No,https://ottawa.ca/en/recreation-and-parks/facilities/place-listing/brewer-pool-and-arena,#,South,Swimming,Adult,AM,FALSE
4,Thursday,10:00 - 10:55,Brewer Pool and Arena,100 Brewer Way,Aquafit,Aquafit,Indoors,No,https://ottawa.ca/en/recreation-and-parks/facilities/place-listing/brewer-pool-and-arena,#,South,Swimming,Adult,AM,FALSE
5,Friday,09:35 - 10:30,Brewer Pool and Arena,100 Brewer Way,Aquafit,Aquafit,Indoors,No,https://ottawa.ca/en/recreation-and-parks/facilities/place-listing/brewer-pool-and-arena,#,South,Swimming,Adult,AM,FALSE
5,Friday,10:30 - 11:25,Brewer Pool and Arena,100 Brewer Way,Aquafit,Aquafit,Indoors,No,https://ottawa.ca/en/recreation-and-parks/facilities/place-listing/brewer-pool-and-arena,#,South,Swimming,Adult,AM,FALSE
6,Saturday,20:00 - 20:50,Brewer Pool and Arena,100 Brewer Way,Public skating,Other,Indoors,No,https://ottawa.ca/en/recreation-and-parks/facilities/place-listing/brewer-pool-and-arena,#,South,Skating,"Preschool, Children, Youth, Adult",Evening,TRUE
7,Sunday,15:00 - 15:50,Brewer Pool and Arena,100 Brewer Way,Public skating,Other,Indoors,No,https://ottawa.ca/en/recreation-and-parks/facilities/place-listing/brewer-pool-and-arena,#,South,Skating,"Preschool, Children, Youth, Adult",PM,FALSE
6,Saturday,19:00 - 19:50,Brewer Pool and Arena,100 Brewer Way,Family skating,Other,Indoors,No,https://ottawa.ca/en/recreation-and-parks/facilities/place-listing/brewer-pool-and-arena,#,South,Skating,"Preschool, Children, Youth, Adult",Evening,TRUE
7,Sunday,14:00 - 14:50,Brewer Pool and Arena,100 Brewer Way,Family skating,Other,Indoors,No,https://ottawa.ca/en/recreation-and-parks/facilities/place-listing/brewer-pool-and-arena,#,South,Skating,"Preschool, Children, Youth, Adult",PM,FALSE
1,Monday,09:00 - 10:00,Canterbury Recreation Complex,2185 Arch Street,Table tennis,Other,Other,Yes,https://ottawa.ca/en/recreation-and-parks/facilities/place-listing/canterbury-recreation-complex,https://reservation.frontdesksuite.ca/rcfs/canterbury/Home/Index?Culture=en&PageId=0e1e3db9-9620-48ac-9753-b67951a68fa6,South,Racquet Sport,Adult,AM,FALSE
1,Monday,10:10 - 11:10,Canterbury Recreation Complex,2185 Arch Street,Table tennis,Other,Other,Yes,https://ottawa.ca/en/recreation-and-parks/facilities/place-listing/canterbury-recreation-complex,https://reservation.frontdesksuite.ca/rcfs/canterbury/Home/Index?Culture=en&PageId=0e1e3db9-9620-48ac-9753-b67951a68fa6,South,Racquet Sport,Adult,AM,FALSE
1,Monday,11:20 - 12:20,Canterbury Recreation Complex,2185 Arch Street,Table tennis,Other,Other,Yes,https://ottawa.ca/en/recreation-and-parks/facilities/place-listing/canterbury-recreation-complex,https://reservation.frontdesksuite.ca/rcfs/canterbury/Home/Index?Culture=en&PageId=0e1e3db9-9620-48ac-9753-b67951a68fa6,South,Racquet Sport,Adult,"AM, PM",FALSE
3,Wednesday,09:00 - 10:00,Canterbury Recreation Complex,2185 Arch Street,Table tennis,Other,Other,Yes,https://ottawa.ca/en/recreation-and-parks/facilities/place-listing/canterbury-recreation-complex,https://reservation.frontdesksuite.ca/rcfs/canterbury/Home/Index?Culture=en&PageId=0e1e3db9-9620-48ac-9753-b67951a68fa6,South,Racquet Sport,Adult,AM,FALSE
3,Wednesday,10:10 - 11:10,Canterbury Recreation Complex,2185 Arch Street,Table tennis,Other,Other,Yes,https://ottawa.ca/en/recreation-and-parks/facilities/place-listing/canterbury-recreation-complex,https://reservation.frontdesksuite.ca/rcfs/canterbury/Home/Index?Culture=en&PageId=0e1e3db9-9620-48ac-9753-b67951a68fa6,South,Racquet Sport,Adult,AM,FALSE
3,Wednesday,11:20 - 12:20,Canterbury Recreation Complex,2185 Arch Street,Table tennis,Other,Other,Yes,https://ottawa.ca/en/recreation-and-parks/facilities/place-listing/canterbury-recreation-complex,https://reservation.frontdesksuite.ca/rcfs/canterbury/Home/Index?Culture=en&PageId=0e1e3db9-9620-48ac-9753-b67951a68fa6,South,Racquet Sport,Adult,"AM, PM",FALSE
6,Saturday,12:00 - 13:00,Canterbury Recreation Complex,2185 Arch Street,Table tennis,Other,Other,Yes,https://ottawa.ca/en/recreation-and-parks/facilities/place-listing/canterbury-recreation-complex,https://reservation.frontdesksuite.ca/rcfs/canterbury/Home/Index?Culture=en&PageId=0e1e3db9-9620-48ac-9753-b67951a68fa6,South,Racquet Sport,Adult,PM,FALSE
6,Saturday,13:10 - 14:10,Canterbury Recreation Complex,2185 Arch Street,Table tennis,Other,Other,Yes,https://ottawa.ca/en/recreation-and-parks/facilities/place-listing/canterbury-recreation-complex,https://reservation.frontdesksuite.ca/rcfs/canterbury/Home/Index?Culture=en&PageId=0e1e3db9-9620-48ac-9753-b67951a68fa6,South,Racquet Sport,Adult,PM,FALSE
6,Saturday,14:20 - 15:20,Canterbury Recreation Complex,2185 Arch Street,Table tennis,Other,Other,Yes,https://ottawa.ca/en/recreation-and-parks/facilities/place-listing/canterbury-recreation-complex,https://reservation.frontdesksuite.ca/rcfs/canterbury/Home/Index?Culture=en&PageId=0e1e3db9-9620-48ac-9753-b67951a68fa6,South,Racquet Sport,Adult,PM,FALSE
7,Sunday,12:00 - 13:00,Canterbury Recreation Complex,2185 Arch Street,Table tennis,Other,Other,Yes,https://ottawa.ca/en/recreation-and-parks/facilities/place-listing/canterbury-recreation-complex,https://reservation.frontdesksuite.ca/rcfs/canterbury/Home/Index?Culture=en&PageId=0e1e3db9-9620-48ac-9753-b67951a68fa6,South,Racquet Sport,Adult,PM,FALSE
7,Sunday,13:10 - 14:10,Canterbury Recreation Complex,2185 Arch Street,Table tennis,Other,Other,Yes,https://ottawa.ca/en/recreation-and-parks/facilities/place-listing/canterbury-recreation-complex,https://reservation.frontdesksuite.ca/rcfs/canterbury/Home/Index?Culture=en&PageId=0e1e3db9-9620-48ac-9753-b67951a68fa6,South,Racquet Sport,Adult,PM,FALSE
7,Sunday,14:20 - 15:20,Canterbury Recreation Complex,2185 Arch Street,Table tennis,Other,Other,Yes,https://ottawa.ca/en/recreation-and-parks/facilities/place-listing/canterbury-recreation-complex,https://reservation.frontdesksuite.ca/rcfs/canterbury/Home/Index?Culture=en&PageId=0e1e3db9-9620-48ac-9753-b67951a68fa6,South,Racquet Sport,Adult,PM,FALSE
1,Monday,11:00 - 12:00,Canterbury Recreation Complex,2185 Arch Street,Adult skating,Other,Other,No,https://ottawa.ca/en/recreation-and-parks/facilities/place-listing/canterbury-recreation-complex,#,South,Skating,Adult,AM,FALSE
3,Wednesday,11:00 - 12:00,Canterbury Recreation Complex,2185 Arch Street,Adult skating,Other,Other,No,https://ottawa.ca/en/recreation-and-parks/facilities/place-listing/canterbury-recreation-complex,#,South,Skating,Adult,AM,FALSE
5,Friday,11:00 - 12:00,Canterbury Recreation Complex,2185 Arch Street,Adult skating,Other,Other,No,https://ottawa.ca/en/recreation-and-parks/facilities/place-listing/canterbury-recreation-complex,#,South,Skating,Adult,AM,FALSE
6,Saturday,16:00 - 17:00,Canterbury Recreation Complex,2185 Arch Street,Family skating,Other,Other,No,https://ottawa.ca/en/recreation-and-parks/facilities/place-listing/canterbury-recreation-complex,#,South,Skating,"Preschool, Children, Youth, Adult",PM,FALSE
1,Monday,12:00 - 13:00,Canterbury Recreation Complex,2185 Arch Street,Public skating,Other,Other,No,https://ottawa.ca/en/recreation-and-parks/facilities/place-listing/canterbury-recreation-complex,#,South,Skating,"Preschool, Children, Youth, Adult",PM,FALSE
3,Wednesday,12:00 - 13:00,Canterbury Recreation Complex,2185 Arch Street,Public skating,Other,Other,No,https://ottawa.ca/en/recreation-and-parks/facilities/place-listing/canterbury-recreation-complex,#,South,Skating,"Preschool, Children, Youth, Adult",PM,FALSE
5,Friday,12:00 - 13:00,Canterbury Recreation Complex,2185 Arch Street,Public skating,Other,Other,No,https://ottawa.ca/en/recreation-and-parks/facilities/place-listing/canterbury-recreation-complex,#,South,Skating,"Preschool, Children, Youth, Adult",PM,FALSE
6,Saturday,17:00 - 18:00,Canterbury Recreation Complex,2185 Arch Street,Public skating,Other,Other,No,https://ottawa.ca/en/recreation-and-parks/facilities/place-listing/canterbury-recreation-complex,#,South,Skating,"Preschool, Children, Youth, Adult",Evening,FALSE
1,Monday,08:15 - 09:15,CARDELREC Recreation Complex Goulbourn,1500 Shea Road,50 + Swim,Other,Indoors,Yes,https://ottawa.ca/en/recreation-and-parks/facilities/place-listing/cardelrec-recreation-complex-goulbourn,https://reservation.frontdesksuite.ca/rcfs/cardelrec/Home/Index?Culture=en&PageId=a10d1358-60a7-46b6-b5e9-5b990594b108,West - Stittsville,Swimming,50+,AM,FALSE
1,Monday,10:15 - 11:15,CARDELREC Recreation Complex Goulbourn,1500 Shea Road,50 + Swim,Other,Indoors,Yes,https://ottawa.ca/en/recreation-and-parks/facilities/place-listing/cardelrec-recreation-complex-goulbourn,https://reservation.frontdesksuite.ca/rcfs/cardelrec/Home/Index?Culture=en&PageId=a10d1358-60a7-46b6-b5e9-5b990594b108,West - Stittsville,Swimming,50+,AM,FALSE
2,Tuesday,09:30 - 10:30,CARDELREC Recreation Complex Goulbourn,1500 Shea Road,50 + Swim,Other,Indoors,Yes,https://ottawa.ca/en/recreation-and-parks/facilities/place-listing/cardelrec-recreation-complex-goulbourn,https://reservation.frontdesksuite.ca/rcfs/cardelrec/Home/Index?Culture=en&PageId=a10d1358-60a7-46b6-b5e9-5b990594b108,West - Stittsville,Swimming,50+,AM,FALSE
2,Tuesday,12:30 - 13:30,CARDELREC Recreation Complex Goulbourn,1500 Shea Road,50 + Swim,Other,Indoors,Yes,https://ottawa.ca/en/recreation-and-parks/facilities/place-listing/cardelrec-recreation-complex-goulbourn,https://reservation.frontdesksuite.ca/rcfs/cardelrec/Home/Index?Culture=en&PageId=a10d1358-60a7-46b6-b5e9-5b990594b108,West - Stittsville,Swimming,50+,PM,FALSE
3,Wednesday,10:15 - 11:15,CARDELREC Recreation Complex Goulbourn,1500 Shea Road,50 + Swim,Other,Indoors,Yes,https://ottawa.ca/en/recreation-and-parks/facilities/place-listing/cardelrec-recreation-complex-goulbourn,https://reservation.frontdesksuite.ca/rcfs/cardelrec/Home/Index?Culture=en&PageId=a10d1358-60a7-46b6-b5e9-5b990594b108,West - Stittsville,Swimming,50+,AM,FALSE
4,Thursday,09:30 - 10:30,CARDELREC Recreation Complex Goulbourn,1500 Shea Road,50 + Swim,Other,Indoors,Yes,https://ottawa.ca/en/recreation-and-parks/facilities/place-listing/cardelrec-recreation-complex-goulbourn,https://reservation.frontdesksuite.ca/rcfs/cardelrec/Home/Index?Culture=en&PageId=a10d1358-60a7-46b6-b5e9-5b990594b108,West - Stittsville,Swimming,50+,AM,FALSE
5,Friday,10:15 - 11:15,CARDELREC Recreation Complex Goulbourn,1500 Shea Road,50 + Swim,Other,Indoors,Yes,https://ottawa.ca/en/recreation-and-parks/facilities/place-listing/cardelrec-recreation-complex-goulbourn,https://reservation.frontdesksuite.ca/rcfs/cardelrec/Home/Index?Culture=en&PageId=a10d1358-60a7-46b6-b5e9-5b990594b108,West - Stittsville,Swimming,50+,AM,FALSE
4,Thursday,13:15 - 14:15,CARDELREC Recreation Complex Goulbourn,1500 Shea Road,Alternate needs swim,Other,Indoors,Yes,https://ottawa.ca/en/recreation-and-parks/facilities/place-listing/cardelrec-recreation-complex-goulbourn,https://reservation.frontdesksuite.ca/rcfs/cardelrec/Home/Index?Culture=en&PageId=a10d1358-60a7-46b6-b5e9-5b990594b108,West - Stittsville,Swimming,Adult,PM,FALSE
1,Monday,07:15 - 08:15,CARDELREC Recreation Complex Goulbourn,1500 Shea Road,Lane Swim,Lane Swim,Indoors,Yes,https://ottawa.ca/en/recreation-and-parks/facilities/place-listing/cardelrec-recreation-complex-goulbourn,https://reservation.frontdesksuite.ca/rcfs/cardelrec/Home/Index?Culture=en&PageId=a10d1358-60a7-46b6-b5e9-5b990594b108,West - Stittsville,Swimming,Adult,AM,FALSE
1,Monday,11:15 - 12:15,CARDELREC Recreation Complex Goulbourn,1500 Shea Road,Lane Swim,Lane Swim,Indoors,Yes,https://ottawa.ca/en/recreation-and-parks/facilities/place-listing/cardelrec-recreation-complex-goulbourn,https://reservation.frontdesksuite.ca/rcfs/cardelrec/Home/Index?Culture=en&PageId=a10d1358-60a7-46b6-b5e9-5b990594b108,West - Stittsville,Swimming,Adult,"AM, PM",FALSE
1,Monday,12:15 - 13:15,CARDELREC Recreation Complex Goulbourn,1500 Shea Road,Lane Swim,Lane Swim,Indoors,Yes,https://ottawa.ca/en/recreation-and-parks/facilities/place-listing/cardelrec-recreation-complex-goulbourn,https://reservation.frontdesksuite.ca/rcfs/cardelrec/Home/Index?Culture=en&PageId=a10d1358-60a7-46b6-b5e9-5b990594b108,West - Stittsville,Swimming,Adult,PM,FALSE
1,Monday,20:45 - 21:45,CARDELREC Recreation Complex Goulbourn,1500 Shea Road,Lane Swim,Lane Swim,Indoors,Yes,https://ottawa.ca/en/recreation-and-parks/facilities/place-listing/cardelrec-recreation-complex-goulbourn,https://reservation.frontdesksuite.ca/rcfs/cardelrec/Home/Index?Culture=en&PageId=a10d1358-60a7-46b6-b5e9-5b990594b108,West - Stittsville,Swimming,Adult,Evening,FALSE
2,Tuesday,08:30 - 09:30,CARDELREC Recreation Complex Goulbourn,1500 Shea Road,Lane Swim,Lane Swim,Indoors,Yes,https://ottawa.ca/en/recreation-and-parks/facilities/place-listing/cardelrec-recreation-complex-goulbourn,https://reservation.frontdesksuite.ca/rcfs/cardelrec/Home/Index?Culture=en&PageId=a10d1358-60a7-46b6-b5e9-5b990594b108,West - Stittsville,Swimming,Adult,AM,FALSE
2,Tuesday,11:30 - 12:30,CARDELREC Recreation Complex Goulbourn,1500 Shea Road,Lane Swim,Lane Swim,Indoors,Yes,https://ottawa.ca/en/recreation-and-parks/facilities/place-listing/cardelrec-recreation-complex-goulbourn,https://reservation.frontdesksuite.ca/rcfs/cardelrec/Home/Index?Culture=en&PageId=a10d1358-60a7-46b6-b5e9-5b990594b108,West - Stittsville,Swimming,Adult,"AM, PM",FALSE
2,Tuesday,13:30 - 14:30,CARDELREC Recreation Complex Goulbourn,1500 Shea Road,Lane Swim,Lane Swim,Indoors,Yes,https://ottawa.ca/en/recreation-and-parks/facilities/place-listing/cardelrec-recreation-complex-goulbourn,https://reservation.frontdesksuite.ca/rcfs/cardelrec/Home/Index?Culture=en&PageId=a10d1358-60a7-46b6-b5e9-5b990594b108,West - Stittsville,Swimming,Adult,PM,FALSE
2,Tuesday,20:45 - 21:45,CARDELREC Recreation Complex Goulbourn,1500 Shea Road,Lane Swim,Lane Swim,Indoors,Yes,https://ottawa.ca/en/recreation-and-parks/facilities/place-listing/cardelrec-recreation-complex-goulbourn,https://reservation.frontdesksuite.ca/rcfs/cardelrec/Home/Index?Culture=en&PageId=a10d1358-60a7-46b6-b5e9-5b990594b108,West - Stittsville,Swimming,Adult,Evening,FALSE
3,Wednesday,07:15 - 08:15,CARDELREC Recreation Complex Goulbourn,1500 Shea Road,Lane Swim,Lane Swim,Indoors,Yes,https://ottawa.ca/en/recreation-and-parks/facilities/place-listing/cardelrec-recreation-complex-goulbourn,https://reservation.frontdesksuite.ca/rcfs/cardelrec/Home/Index?Culture=en&PageId=a10d1358-60a7-46b6-b5e9-5b990594b108,West - Stittsville,Swimming,Adult,AM,FALSE
3,Wednesday,11:15 - 12:15,CARDELREC Recreation Complex Goulbourn,1500 Shea Road,Lane Swim,Lane Swim,Indoors,Yes,https://ottawa.ca/en/recreation-and-parks/facilities/place-listing/cardelrec-recreation-complex-goulbourn,https://reservation.frontdesksuite.ca/rcfs/cardelrec/Home/Index?Culture=en&PageId=a10d1358-60a7-46b6-b5e9-5b990594b108,West - Stittsville,Swimming,Adult,"AM, PM",FALSE
3,Wednesday,12:15 - 13:15,CARDELREC Recreation Complex Goulbourn,1500 Shea Road,Lane Swim,Lane Swim,Indoors,Yes,https://ottawa.ca/en/recreation-and-parks/facilities/place-listing/cardelrec-recreation-complex-goulbourn,https://reservation.frontdesksuite.ca/rcfs/cardelrec/Home/Index?Culture=en&PageId=a10d1358-60a7-46b6-b5e9-5b990594b108,West - Stittsville,Swimming,Adult,PM,FALSE
3,Wednesday,20:45 - 21:45,CARDELREC Recreation Complex Goulbourn,1500 Shea Road,Lane Swim,Lane Swim,Indoors,Yes,https://ottawa.ca/en/recreation-and-parks/facilities/place-listing/cardelrec-recreation-complex-goulbourn,https://reservation.frontdesksuite.ca/rcfs/cardelrec/Home/Index?Culture=en&PageId=a10d1358-60a7-46b6-b5e9-5b990594b108,West - Stittsville,Swimming,Adult,Evening,FALSE
4,Thursday,08:30 - 09:30,CARDELREC Recreation Complex Goulbourn,1500 Shea Road,Lane Swim,Lane Swim,Indoors,Yes,https://ottawa.ca/en/recreation-and-parks/facilities/place-listing/cardelrec-recreation-complex-goulbourn,https://reservation.frontdesksuite.ca/rcfs/cardelrec/Home/Index?Culture=en&PageId=a10d1358-60a7-46b6-b5e9-5b990594b108,West - Stittsville,Swimming,Adult,AM,FALSE
4,Thursday,10:30 - 11:30,CARDELREC Recreation Complex Goulbourn,1500 Shea Road,Lane Swim,Lane Swim,Indoors,Yes,https://ottawa.ca/en/recreation-and-parks/facilities/place-listing/cardelrec-recreation-complex-goulbourn,https://reservation.frontdesksuite.ca/rcfs/cardelrec/Home/Index?Culture=en&PageId=a10d1358-60a7-46b6-b5e9-5b990594b108,West - Stittsville,Swimming,Adult,AM,FALSE
4,Thursday,11:30 - 12:30,CARDELREC Recreation Complex Goulbourn,1500 Shea Road,Lane Swim,Lane Swim,Indoors,Yes,https://ottawa.ca/en/recreation-and-parks/facilities/place-listing/cardelrec-recreation-complex-goulbourn,https://reservation.frontdesksuite.ca/rcfs/cardelrec/Home/Index?Culture=en&PageId=a10d1358-60a7-46b6-b5e9-5b990594b108,West - Stittsville,Swimming,Adult,"AM, PM",FALSE
4,Thursday,20:45 - 21:45,CARDELREC Recreation Complex Goulbourn,1500 Shea Road,Lane Swim,Lane Swim,Indoors,Yes,https://ottawa.ca/en/recreation-and-parks/facilities/place-listing/cardelrec-recreation-complex-goulbourn,https://reservation.frontdesksuite.ca/rcfs/cardelrec/Home/Index?Culture=en&PageId=a10d1358-60a7-46b6-b5e9-5b990594b108,West - Stittsville,Swimming,Adult,Evening,FALSE
5,Friday,07:15 - 08:15,CARDELREC Recreation Complex Goulbourn,1500 Shea Road,Lane Swim,Lane Swim,Indoors,Yes,https://ottawa.ca/en/recreation-and-parks/facilities/place-listing/cardelrec-recreation-complex-goulbourn,https://reservation.frontdesksuite.ca/rcfs/cardelrec/Home/Index?Culture=en&PageId=a10d1358-60a7-46b6-b5e9-5b990594b108,West - Stittsville,Swimming,Adult,AM,FALSE
5,Friday,12:15 - 13:15,CARDELREC Recreation Complex Goulbourn,1500 Shea Road,Lane Swim,Lane Swim,Indoors,Yes,https://ottawa.ca/en/recreation-and-parks/facilities/place-listing/cardelrec-recreation-complex-goulbourn,https://reservation.frontdesksuite.ca/rcfs/cardelrec/Home/Index?Culture=en&PageId=a10d1358-60a7-46b6-b5e9-5b990594b108,West - Stittsville,Swimming,Adult,PM,FALSE
5,Friday,20:30 - 21:30,CARDELREC Recreation Complex Goulbourn,1500 Shea Road,Lane Swim,Lane Swim,Indoors,Yes,https://ottawa.ca/en/recreation-and-parks/facilities/place-listing/cardelrec-recreation-complex-goulbourn,https://reservation.frontdesksuite.ca/rcfs/cardelrec/Home/Index?Culture=en&PageId=a10d1358-60a7-46b6-b5e9-5b990594b108,West - Stittsville,Swimming,Adult,Evening,FALSE
6,Saturday,12:30 - 13:30,CARDELREC Recreation Complex Goulbourn,1500 Shea Road,Lane Swim,Lane Swim,Indoors,Yes,https://ottawa.ca/en/recreation-and-parks/facilities/place-listing/cardelrec-recreation-complex-goulbourn,https://reservation.frontdesksuite.ca/rcfs/cardelrec/Home/Index?Culture=en&PageId=a10d1358-60a7-46b6-b5e9-5b990594b108,West - Stittsville,Swimming,Adult,PM,TRUE
7,Sunday,12:30 - 13:30,CARDELREC Recreation Complex Goulbourn,1500 Shea Road,Lane Swim,Lane Swim,Indoors,Yes,https://ottawa.ca/en/recreation-and-parks/facilities/place-listing/cardelrec-recreation-complex-goulbourn,https://reservation.frontdesksuite.ca/rcfs/cardelrec/Home/Index?Culture=en&PageId=a10d1358-60a7-46b6-b5e9-5b990594b108,West - Stittsville,Swimming,Adult,PM,FALSE
7,Sunday,19:00 - 20:00,CARDELREC Recreation Complex Goulbourn,1500 Shea Road,Lane Swim,Lane Swim,Indoors,Yes,https://ottawa.ca/en/recreation-and-parks/facilities/place-listing/cardelrec-recreation-complex-goulbourn,https://reservation.frontdesksuite.ca/rcfs/cardelrec/Home/Index?Culture=en&PageId=a10d1358-60a7-46b6-b5e9-5b990594b108,West - Stittsville,Swimming,Adult,Evening,FALSE
1,Monday,11:15 - 12:15,CARDELREC Recreation Complex Goulbourn,1500 Shea Road,Preschool Swim,Other,Indoors,Yes,https://ottawa.ca/en/recreation-and-parks/facilities/place-listing/cardelrec-recreation-complex-goulbourn,https://reservation.frontdesksuite.ca/rcfs/cardelrec/Home/Index?Culture=en&PageId=a10d1358-60a7-46b6-b5e9-5b990594b108,West - Stittsville,Swimming,Preschool,"AM, PM",FALSE
1,Monday,12:15 - 13:15,CARDELREC Recreation Complex Goulbourn,1500 Shea Road,Preschool Swim,Other,Indoors,Yes,https://ottawa.ca/en/recreation-and-parks/facilities/place-listing/cardelrec-recreation-complex-goulbourn,https://reservation.frontdesksuite.ca/rcfs/cardelrec/Home/Index?Culture=en&PageId=a10d1358-60a7-46b6-b5e9-5b990594b108,West - Stittsville,Swimming,Preschool,PM,FALSE
2,Tuesday,08:30 - 09:30,CARDELREC Recreation Complex Goulbourn,1500 Shea Road,Preschool Swim,Other,Indoors,Yes,https://ottawa.ca/en/recreation-and-parks/facilities/place-listing/cardelrec-recreation-complex-goulbourn,https://reservation.frontdesksuite.ca/rcfs/cardelrec/Home/Index?Culture=en&PageId=a10d1358-60a7-46b6-b5e9-5b990594b108,West - Stittsville,Swimming,Preschool,AM,FALSE
2,Tuesday,11:30 - 12:30,CARDELREC Recreation Complex Goulbourn,1500 Shea Road,Preschool Swim,Other,Indoors,Yes,https://ottawa.ca/en/recreation-and-parks/facilities/place-listing/cardelrec-recreation-complex-goulbourn,https://reservation.frontdesksuite.ca/rcfs/cardelrec/Home/Index?Culture=en&PageId=a10d1358-60a7-46b6-b5e9-5b990594b108,West - Stittsville,Swimming,Preschool,"AM, PM",FALSE
2,Tuesday,13:30 - 14:30,CARDELREC Recreation Complex Goulbourn,1500 Shea Road,Preschool Swim,Other,Indoors,Yes,https://ottawa.ca/en/recreation-and-parks/facilities/place-listing/cardelrec-recreation-complex-goulbourn,https://reservation.frontdesksuite.ca/rcfs/cardelrec/Home/Index?Culture=en&PageId=a10d1358-60a7-46b6-b5e9-5b990594b108,West - Stittsville,Swimming,Preschool,PM,FALSE
3,Wednesday,11:15 - 12:15,CARDELREC Recreation Complex Goulbourn,1500 Shea Road,Preschool Swim,Other,Indoors,Yes,https://ottawa.ca/en/recreation-and-parks/facilities/place-listing/cardelrec-recreation-complex-goulbourn,https://reservation.frontdesksuite.ca/rcfs/cardelrec/Home/Index?Culture=en&PageId=a10d1358-60a7-46b6-b5e9-5b990594b108,West - Stittsville,Swimming,Preschool,"AM, PM",FALSE
3,Wednesday,12:15 - 13:15,CARDELREC Recreation Complex Goulbourn,1500 Shea Road,Preschool Swim,Other,Indoors,Yes,https://ottawa.ca/en/recreation-and-parks/facilities/place-listing/cardelrec-recreation-complex-goulbourn,https://reservation.frontdesksuite.ca/rcfs/cardelrec/Home/Index?Culture=en&PageId=a10d1358-60a7-46b6-b5e9-5b990594b108,West - Stittsville,Swimming,Preschool,PM,FALSE
4,Thursday,08:30 - 09:30,CARDELREC Recreation Complex Goulbourn,1500 Shea Road,Preschool Swim,Other,Indoors,Yes,https://ottawa.ca/en/recreation-and-parks/facilities/place-listing/cardelrec-recreation-complex-goulbourn,https://reservation.frontdesksuite.ca/rcfs/cardelrec/Home/Index?Culture=en&PageId=a10d1358-60a7-46b6-b5e9-5b990594b108,West - Stittsville,Swimming,Preschool,AM,FALSE
4,Thursday,10:30 - 11:30,CARDELREC Recreation Complex Goulbourn,1500 Shea Road,Preschool Swim,Other,Indoors,Yes,https://ottawa.ca/en/recreation-and-parks/facilities/place-listing/cardelrec-recreation-complex-goulbourn,https://reservation.frontdesksuite.ca/rcfs/cardelrec/Home/Index?Culture=en&PageId=a10d1358-60a7-46b6-b5e9-5b990594b108,West - Stittsville,Swimming,Preschool,AM,FALSE
4,Thursday,11:30 - 12:30,CARDELREC Recreation Complex Goulbourn,1500 Shea Road,Preschool Swim,Other,Indoors,Yes,https://ottawa.ca/en/recreation-and-parks/facilities/place-listing/cardelrec-recreation-complex-goulbourn,https://reservation.frontdesksuite.ca/rcfs/cardelrec/Home/Index?Culture=en&PageId=a10d1358-60a7-46b6-b5e9-5b990594b108,West - Stittsville,Swimming,Preschool,"AM, PM",FALSE
5,Friday,12:15 - 13:15,CARDELREC Recreation Complex Goulbourn,1500 Shea Road,Preschool Swim,Other,Indoors,Yes,https://ottawa.ca/en/recreation-and-parks/facilities/place-listing/cardelrec-recreation-complex-goulbourn,https://reservation.frontdesksuite.ca/rcfs/cardelrec/Home/Index?Culture=en&PageId=a10d1358-60a7-46b6-b5e9-5b990594b108,West - Stittsville,Swimming,Preschool,PM,FALSE
6,Saturday,12:30 - 13:30,CARDELREC Recreation Complex Goulbourn,1500 Shea Road,Preschool Swim,Other,Indoors,Yes,https://ottawa.ca/en/recreation-and-parks/facilities/place-listing/cardelrec-recreation-complex-goulbourn,https://reservation.frontdesksuite.ca/rcfs/cardelrec/Home/Index?Culture=en&PageId=a10d1358-60a7-46b6-b5e9-5b990594b108,West - Stittsville,Swimming,Preschool,PM,TRUE
7,Sunday,12:30 - 13:30,CARDELREC Recreation Complex Goulbourn,1500 Shea Road,Preschool Swim,Other,Indoors,Yes,https://ottawa.ca/en/recreation-and-parks/facilities/place-listing/cardelrec-recreation-complex-goulbourn,https://reservation.frontdesksuite.ca/rcfs/cardelrec/Home/Index?Culture=en&PageId=a10d1358-60a7-46b6-b5e9-5b990594b108,West - Stittsville,Swimming,Preschool,PM,FALSE
1,Monday,09:15 - 10:15,CARDELREC Recreation Complex Goulbourn,1500 Shea Road,Public swim with no slide,Public Swim,Indoors,Yes,https://ottawa.ca/en/recreation-and-parks/facilities/place-listing/cardelrec-recreation-complex-goulbourn,https://reservation.frontdesksuite.ca/rcfs/cardelrec/Home/Index?Culture=en&PageId=a10d1358-60a7-46b6-b5e9-5b990594b108,West - Stittsville,Swimming,"Preschool, Children, Youth, Adult",AM,FALSE
1,Monday,13:15 - 14:15,CARDELREC Recreation Complex Goulbourn,1500 Shea Road,Public swim with no slide,Public Swim,Indoors,Yes,https://ottawa.ca/en/recreation-and-parks/facilities/place-listing/cardelrec-recreation-complex-goulbourn,https://reservation.frontdesksuite.ca/rcfs/cardelrec/Home/Index?Culture=en&PageId=a10d1358-60a7-46b6-b5e9-5b990594b108,West - Stittsville,Swimming,"Preschool, Children, Youth, Adult",PM,FALSE
3,Wednesday,13:15 - 14:15,CARDELREC Recreation Complex Goulbourn,1500 Shea Road,Public swim with no slide,Public Swim,Indoors,Yes,https://ottawa.ca/en/recreation-and-parks/facilities/place-listing/cardelrec-recreation-complex-goulbourn,https://reservation.frontdesksuite.ca/rcfs/cardelrec/Home/Index?Culture=en&PageId=a10d1358-60a7-46b6-b5e9-5b990594b108,West - Stittsville,Swimming,"Preschool, Children, Youth, Adult",PM,FALSE
5,Friday,13:15 - 14:15,CARDELREC Recreation Complex Goulbourn,1500 Shea Road,Public swim with no slide,Public Swim,Indoors,Yes,https://ottawa.ca/en/recreation-and-parks/facilities/place-listing/cardelrec-recreation-complex-goulbourn,https://reservation.frontdesksuite.ca/rcfs/cardelrec/Home/Index?Culture=en&PageId=a10d1358-60a7-46b6-b5e9-5b990594b108,West - Stittsville,Swimming,"Preschool, Children, Youth, Adult",PM,FALSE
5,Friday,19:00 - 20:30,CARDELREC Recreation Complex Goulbourn,1500 Shea Road,Public swim with no slide,Public Swim,Indoors,Yes,https://ottawa.ca/en/recreation-and-parks/facilities/place-listing/cardelrec-recreation-complex-goulbourn,https://reservation.frontdesksuite.ca/rcfs/cardelrec/Home/Index?Culture=en&PageId=a10d1358-60a7-46b6-b5e9-5b990594b108,West - Stittsville,Swimming,"Preschool, Children, Youth, Adult",Evening,FALSE
6,Saturday,13:30 - 16:00,CARDELREC Recreation Complex Goulbourn,1500 Shea Road,Public swim with slide,Public Swim,Indoors,Yes,https://ottawa.ca/en/recreation-and-parks/facilities/place-listing/cardelrec-recreation-complex-goulbourn,https://reservation.frontdesksuite.ca/rcfs/cardelrec/Home/Index?Culture=en&PageId=a10d1358-60a7-46b6-b5e9-5b990594b108,West - Stittsville,Swimming,"Preschool, Children, Youth, Adult",PM,TRUE
7,Sunday,13:30 - 16:00,CARDELREC Recreation Complex Goulbourn,1500 Shea Road,Public swim with slide,Public Swim,Indoors,Yes,https://ottawa.ca/en/recreation-and-parks/facilities/place-listing/cardelrec-recreation-complex-goulbourn,https://reservation.frontdesksuite.ca/rcfs/cardelrec/Home/Index?Culture=en&PageId=a10d1358-60a7-46b6-b5e9-5b990594b108,West - Stittsville,Swimming,"Preschool, Children, Youth, Adult",PM,FALSE
1,Monday,07:15 - 14:15,CARDELREC Recreation Complex Goulbourn,1500 Shea Road,Therapeutic Pool,Other,Indoors,Yes,https://ottawa.ca/en/recreation-and-parks/facilities/place-listing/cardelrec-recreation-complex-goulbourn,https://reservation.frontdesksuite.ca/rcfs/cardelrec/Home/Index?Culture=en&PageId=a10d1358-60a7-46b6-b5e9-5b990594b108,West - Stittsville,Swimming,Adult,"AM, PM",FALSE
1,Monday,20:45 - 21:45,CARDELREC Recreation Complex Goulbourn,1500 Shea Road,Therapeutic Pool,Other,Indoors,Yes,https://ottawa.ca/en/recreation-and-parks/facilities/place-listing/cardelrec-recreation-complex-goulbourn,https://reservation.frontdesksuite.ca/rcfs/cardelrec/Home/Index?Culture=en&PageId=a10d1358-60a7-46b6-b5e9-5b990594b108,West - Stittsville,Swimming,Adult,Evening,FALSE
2,Tuesday,08:30 - 10:30,CARDELREC Recreation Complex Goulbourn,1500 Shea Road,Therapeutic Pool,Other,Indoors,Yes,https://ottawa.ca/en/recreation-and-parks/facilities/place-listing/cardelrec-recreation-complex-goulbourn,https://reservation.frontdesksuite.ca/rcfs/cardelrec/Home/Index?Culture=en&PageId=a10d1358-60a7-46b6-b5e9-5b990594b108,West - Stittsville,Swimming,Adult,AM,FALSE
2,Tuesday,11:30 - 14:30,CARDELREC Recreation Complex Goulbourn,1500 Shea Road,Therapeutic Pool,Other,Indoors,Yes,https://ottawa.ca/en/recreation-and-parks/facilities/place-listing/cardelrec-recreation-complex-goulbourn,https://reservation.frontdesksuite.ca/rcfs/cardelrec/Home/Index?Culture=en&PageId=a10d1358-60a7-46b6-b5e9-5b990594b108,West - Stittsville,Swimming,Adult,"AM, PM",FALSE
2,Tuesday,19:45 - 21:45,CARDELREC Recreation Complex Goulbourn,1500 Shea Road,Therapeutic Pool,Other,Indoors,Yes,https://ottawa.ca/en/recreation-and-parks/facilities/place-listing/cardelrec-recreation-complex-goulbourn,https://reservation.frontdesksuite.ca/rcfs/cardelrec/Home/Index?Culture=en&PageId=a10d1358-60a7-46b6-b5e9-5b990594b108,West - Stittsville,Swimming,Adult,Evening,FALSE
3,Wednesday,07:15 - 14:15,CARDELREC Recreation Complex Goulbourn,1500 Shea Road,Therapeutic Pool,Other,Indoors,Yes,https://ottawa.ca/en/recreation-and-parks/facilities/place-listing/cardelrec-recreation-complex-goulbourn,https://reservation.frontdesksuite.ca/rcfs/cardelrec/Home/Index?Culture=en&PageId=a10d1358-60a7-46b6-b5e9-5b990594b108,West - Stittsville,Swimming,Adult,"AM, PM",FALSE
3,Wednesday,20:45 - 21:45,CARDELREC Recreation Complex Goulbourn,1500 Shea Road,Therapeutic Pool,Other,Indoors,Yes,https://ottawa.ca/en/recreation-and-parks/facilities/place-listing/cardelrec-recreation-complex-goulbourn,https://reservation.frontdesksuite.ca/rcfs/cardelrec/Home/Index?Culture=en&PageId=a10d1358-60a7-46b6-b5e9-5b990594b108,West - Stittsville,Swimming,Adult,Evening,FALSE
4,Thursday,08:30 - 12:30,CARDELREC Recreation Complex Goulbourn,1500 Shea Road,Therapeutic Pool,Other,Indoors,Yes,https://ottawa.ca/en/recreation-and-parks/facilities/place-listing/cardelrec-recreation-complex-goulbourn,https://reservation.frontdesksuite.ca/rcfs/cardelrec/Home/Index?Culture=en&PageId=a10d1358-60a7-46b6-b5e9-5b990594b108,West - Stittsville,Swimming,Adult,"AM, PM",FALSE
4,Thursday,14:15 - 15:30,CARDELREC Recreation Complex Goulbourn,1500 Shea Road,Therapeutic Pool,Other,Indoors,Yes,https://ottawa.ca/en/recreation-and-parks/facilities/place-listing/cardelrec-recreation-complex-goulbourn,https://reservation.frontdesksuite.ca/rcfs/cardelrec/Home/Index?Culture=en&PageId=a10d1358-60a7-46b6-b5e9-5b990594b108,West - Stittsville,Swimming,Adult,PM,FALSE
4,Thursday,19:45 - 21:45,CARDELREC Recreation Complex Goulbourn,1500 Shea Road,Therapeutic Pool,Other,Indoors,Yes,https://ottawa.ca/en/recreation-and-parks/facilities/place-listing/cardelrec-recreation-complex-goulbourn,https://reservation.frontdesksuite.ca/rcfs/cardelrec/Home/Index?Culture=en&PageId=a10d1358-60a7-46b6-b5e9-5b990594b108,West - Stittsville,Swimming,Adult,Evening,FALSE
5,Friday,07:15 - 11:15,CARDELREC Recreation Complex Goulbourn,1500 Shea Road,Therapeutic Pool,Other,Indoors,Yes,https://ottawa.ca/en/recreation-and-parks/facilities/place-listing/cardelrec-recreation-complex-goulbourn,https://reservation.frontdesksuite.ca/rcfs/cardelrec/Home/Index?Culture=en&PageId=a10d1358-60a7-46b6-b5e9-5b990594b108,West - Stittsville,Swimming,Adult,AM,FALSE
5,Friday,12:15 - 14:15,CARDELREC Recreation Complex Goulbourn,1500 Shea Road,Therapeutic Pool,Other,Indoors,Yes,https://ottawa.ca/en/recreation-and-parks/facilities/place-listing/cardelrec-recreation-complex-goulbourn,https://reservation.frontdesksuite.ca/rcfs/cardelrec/Home/Index?Culture=en&PageId=a10d1358-60a7-46b6-b5e9-5b990594b108,West - Stittsville,Swimming,Adult,PM,FALSE
5,Friday,19:00 - 21:30,CARDELREC Recreation Complex Goulbourn,1500 Shea Road,Therapeutic Pool,Other,Indoors,Yes,https://ottawa.ca/en/recreation-and-parks/facilities/place-listing/cardelrec-recreation-complex-goulbourn,https://reservation.frontdesksuite.ca/rcfs/cardelrec/Home/Index?Culture=en&PageId=a10d1358-60a7-46b6-b5e9-5b990594b108,West - Stittsville,Swimming,Adult,Evening,FALSE
6,Saturday,12:30 - 16:00,CARDELREC Recreation Complex Goulbourn,1500 Shea Road,Therapeutic Pool,Other,Indoors,Yes,https://ottawa.ca/en/recreation-and-parks/facilities/place-listing/cardelrec-recreation-complex-goulbourn,https://reservation.frontdesksuite.ca/rcfs/cardelrec/Home/Index?Culture=en&PageId=a10d1358-60a7-46b6-b5e9-5b990594b108,West - Stittsville,Swimming,Adult,PM,TRUE
7,Sunday,12:30 - 16:00,CARDELREC Recreation Complex Goulbourn,1500 Shea Road,Therapeutic Pool,Other,Indoors,Yes,https://ottawa.ca/en/recreation-and-parks/facilities/place-listing/cardelrec-recreation-complex-goulbourn,https://reservation.frontdesksuite.ca/rcfs/cardelrec/Home/Index?Culture=en&PageId=a10d1358-60a7-46b6-b5e9-5b990594b108,West - Stittsville,Swimming,Adult,PM,FALSE
7,Sunday,19:00 - 20:00,CARDELREC Recreation Complex Goulbourn,1500 Shea Road,Therapeutic Pool,Other,Indoors,Yes,https://ottawa.ca/en/recreation-and-parks/facilities/place-listing/cardelrec-recreation-complex-goulbourn,https://reservation.frontdesksuite.ca/rcfs/cardelrec/Home/Index?Culture=en&PageId=a10d1358-60a7-46b6-b5e9-5b990594b108,West - Stittsville,Swimming,Adult,Evening,FALSE
2,Tuesday,19:45 - 20:45,CARDELREC Recreation Complex Goulbourn,1500 Shea Road,Aquafit Shallow/Deep Combo *Reservations Required,Aquafit,Indoors,Yes,https://ottawa.ca/en/recreation-and-parks/facilities/place-listing/cardelrec-recreation-complex-goulbourn,https://reservation.frontdesksuite.ca/rcfs/cardelrec/Home/Index?Culture=en&PageId=a10d1358-60a7-46b6-b5e9-5b990594b108,West - Stittsville,Swimming,Adult,Evening,FALSE
3,Wednesday,08:15 - 09:15,CARDELREC Recreation Complex Goulbourn,1500 Shea Road,Aquafit Shallow/Deep Combo *Reservations Required,Aquafit,Indoors,Yes,https://ottawa.ca/en/recreation-and-parks/facilities/place-listing/cardelrec-recreation-complex-goulbourn,https://reservation.frontdesksuite.ca/rcfs/cardelrec/Home/Index?Culture=en&PageId=a10d1358-60a7-46b6-b5e9-5b990594b108,West - Stittsville,Swimming,Adult,AM,FALSE
3,Wednesday,09:15 - 10:15,CARDELREC Recreation Complex Goulbourn,1500 Shea Road,Aquafit Shallow/Deep Combo *Reservations Required,Aquafit,Indoors,Yes,https://ottawa.ca/en/recreation-and-parks/facilities/place-listing/cardelrec-recreation-complex-goulbourn,https://reservation.frontdesksuite.ca/rcfs/cardelrec/Home/Index?Culture=en&PageId=a10d1358-60a7-46b6-b5e9-5b990594b108,West - Stittsville,Swimming,Adult,AM,FALSE
4,Thursday,14:15 - 15:15,CARDELREC Recreation Complex Goulbourn,1500 Shea Road,Aquafit Shallow/Deep Combo *Reservations Required,Aquafit,Indoors,Yes,https://ottawa.ca/en/recreation-and-parks/facilities/place-listing/cardelrec-recreation-complex-goulbourn,https://reservation.frontdesksuite.ca/rcfs/cardelrec/Home/Index?Culture=en&PageId=a10d1358-60a7-46b6-b5e9-5b990594b108,West - Stittsville,Swimming,Adult,PM,FALSE
4,Thursday,19:45 - 20:45,CARDELREC Recreation Complex Goulbourn,1500 Shea Road,Aquafit Shallow/Deep Combo *Reservations Required,Aquafit,Indoors,Yes,https://ottawa.ca/en/recreation-and-parks/facilities/place-listing/cardelrec-recreation-complex-goulbourn,https://reservation.frontdesksuite.ca/rcfs/cardelrec/Home/Index?Culture=en&PageId=a10d1358-60a7-46b6-b5e9-5b990594b108,West - Stittsville,Swimming,Adult,Evening,FALSE
5,Friday,08:15 - 09:15,CARDELREC Recreation Complex Goulbourn,1500 Shea Road,Aquafit Shallow/Deep Combo *Reservations Required,Aquafit,Indoors,Yes,https://ottawa.ca/en/recreation-and-parks/facilities/place-listing/cardelrec-recreation-complex-goulbourn,https://reservation.frontdesksuite.ca/rcfs/cardelrec/Home/Index?Culture=en&PageId=a10d1358-60a7-46b6-b5e9-5b990594b108,West - Stittsville,Swimming,Adult,AM,FALSE
5,Friday,09:15 - 10:15,CARDELREC Recreation Complex Goulbourn,1500 Shea Road,Aquafit Shallow/Deep Combo *Reservations Required,Aquafit,Indoors,Yes,https://ottawa.ca/en/recreation-and-parks/facilities/place-listing/cardelrec-recreation-complex-goulbourn,https://reservation.frontdesksuite.ca/rcfs/cardelrec/Home/Index?Culture=en&PageId=a10d1358-60a7-46b6-b5e9-5b990594b108,West - Stittsville,Swimming,Adult,AM,FALSE
1,Monday,07:00 - 21:30,CARDELREC Recreation Complex Goulbourn,1500 Shea Road,Weight and cardio room,Other,Indoors,No,https://ottawa.ca/en/recreation-and-parks/facilities/place-listing/cardelrec-recreation-complex-goulbourn,#,West - Stittsville,Fitness,Adult,"AM, PM, Evening",FALSE
2,Tuesday,07:00 - 21:30,CARDELREC Recreation Complex Goulbourn,1500 Shea Road,Weight and cardio room,Other,Indoors,No,https://ottawa.ca/en/recreation-and-parks/facilities/place-listing/cardelrec-recreation-complex-goulbourn,#,West - Stittsville,Fitness,Adult,"AM, PM, Evening",FALSE
3,Wednesday,07:00 - 21:30,CARDELREC Recreation Complex Goulbourn,1500 Shea Road,Weight and cardio room,Other,Indoors,No,https://ottawa.ca/en/recreation-and-parks/facilities/place-listing/cardelrec-recreation-complex-goulbourn,#,West - Stittsville,Fitness,Adult,"AM, PM, Evening",FALSE
4,Thursday,07:00 - 21:30,CARDELREC Recreation Complex Goulbourn,1500 Shea Road,Weight and cardio room,Other,Indoors,No,https://ottawa.ca/en/recreation-and-parks/facilities/place-listing/cardelrec-recreation-complex-goulbourn,#,West - Stittsville,Fitness,Adult,"AM, PM, Evening",FALSE
5,Friday,07:00 - 21:30,CARDELREC Recreation Complex Goulbourn,1500 Shea Road,Weight and cardio room,Other,Indoors,No,https://ottawa.ca/en/recreation-and-parks/facilities/place-listing/cardelrec-recreation-complex-goulbourn,#,West - Stittsville,Fitness,Adult,"AM, PM, Evening",FALSE
6,Saturday,07:30 - 20:45,CARDELREC Recreation Complex Goulbourn,1500 Shea Road,Weight and cardio room,Other,Indoors,No,https://ottawa.ca/en/recreation-and-parks/facilities/place-listing/cardelrec-recreation-complex-goulbourn,#,West - Stittsville,Fitness,Adult,"AM, PM, Evening",FALSE
7,Sunday,07:30 - 20:45,CARDELREC Recreation Complex Goulbourn,1500 Shea Road,Weight and cardio room,Other,Indoors,No,https://ottawa.ca/en/recreation-and-parks/facilities/place-listing/cardelrec-recreation-complex-goulbourn,#,West - Stittsville,Fitness,Adult,"AM, PM, Evening",FALSE
1,Monday,19:30 - 20:30,CARDELREC Recreation Complex Goulbourn,1500 Shea Road,Yoga,Other,Indoors,No,https://ottawa.ca/en/recreation-and-parks/facilities/place-listing/cardelrec-recreation-complex-goulbourn,#,West - Stittsville,Group Fitness,Adult,Evening,FALSE
2,Tuesday,09:00 - 10:00,CARDELREC Recreation Complex Goulbourn,1500 Shea Road,Yoga,Other,Indoors,No,https://ottawa.ca/en/recreation-and-parks/facilities/place-listing/cardelrec-recreation-complex-goulbourn,#,West - Stittsville,Group Fitness,Adult,AM,FALSE
4,Thursday,09:00 - 10:00,CARDELREC Recreation Complex Goulbourn,1500 Shea Road,Yoga,Other,Indoors,No,https://ottawa.ca/en/recreation-and-parks/facilities/place-listing/cardelrec-recreation-complex-goulbourn,#,West - Stittsville,Group Fitness,Adult,AM,FALSE
4,Thursday,19:30 - 20:30,CARDELREC Recreation Complex Goulbourn,1500 Shea Road,Yoga,Other,Indoors,No,https://ottawa.ca/en/recreation-and-parks/facilities/place-listing/cardelrec-recreation-complex-goulbourn,#,West - Stittsville,Group Fitness,Adult,Evening,FALSE
6,Saturday,08:30 - 09:30,CARDELREC Recreation Complex Goulbourn,1500 Shea Road,Yoga,Other,Indoors,No,https://ottawa.ca/en/recreation-and-parks/facilities/place-listing/cardelrec-recreation-complex-goulbourn,#,West - Stittsville,Group Fitness,Adult,AM,FALSE
1,Monday,07:45 - 08:45,CARDELREC Recreation Complex Goulbourn,1500 Shea Road,Yoga - Yin,Other,Indoors,No,https://ottawa.ca/en/recreation-and-parks/facilities/place-listing/cardelrec-recreation-complex-goulbourn,#,West - Stittsville,Group Fitness,Adult,AM,FALSE
3,Wednesday,07:45 - 08:45,CARDELREC Recreation Complex Goulbourn,1500 Shea Road,Yoga - Yin,Other,Indoors,No,https://ottawa.ca/en/recreation-and-parks/facilities/place-listing/cardelrec-recreation-complex-goulbourn,#,West - Stittsville,Group Fitness,Adult,AM,FALSE
5,Friday,07:45 - 08:45,CARDELREC Recreation Complex Goulbourn,1500 Shea Road,Yoga - Yin,Other,Indoors,No,https://ottawa.ca/en/recreation-and-parks/facilities/place-listing/cardelrec-recreation-complex-goulbourn,#,West - Stittsville,Group Fitness,Adult,AM,FALSE
5,Friday,09:00 - 10:00,CARDELREC Recreation Complex Goulbourn,1500 Shea Road,Yoga - Balance,Other,Indoors,No,https://ottawa.ca/en/recreation-and-parks/facilities/place-listing/cardelrec-recreation-complex-goulbourn,#,West - Stittsville,Group Fitness,Adult,AM,FALSE
1,Monday,09:00 - 10:00,CARDELREC Recreation Complex Goulbourn,1500 Shea Road,Cardio and strength,Other,Indoors,No,https://ottawa.ca/en/recreation-and-parks/facilities/place-listing/cardelrec-recreation-complex-goulbourn,#,West - Stittsville,Group Fitness,Adult,AM,FALSE
3,Wednesday,09:00 - 10:00,CARDELREC Recreation Complex Goulbourn,1500 Shea Road,Cardio and strength,Other,Indoors,No,https://ottawa.ca/en/recreation-and-parks/facilities/place-listing/cardelrec-recreation-complex-goulbourn,#,West - Stittsville,Group Fitness,Adult,AM,FALSE
4,Thursday,10:15 - 11:15,CARDELREC Recreation Complex Goulbourn,1500 Shea Road,Cardio and strength,Other,Indoors,No,https://ottawa.ca/en/recreation-and-parks/facilities/place-listing/cardelrec-recreation-complex-goulbourn,#,West - Stittsville,Group Fitness,Adult,AM,FALSE
1,Monday,11:30 - 12:30,CARDELREC Recreation Complex Goulbourn,1500 Shea Road,Cardio and strength 50+,Other,Indoors,No,https://ottawa.ca/en/recreation-and-parks/facilities/place-listing/cardelrec-recreation-complex-goulbourn,#,West - Stittsville,Group Fitness,50+,"AM, PM",FALSE
2,Tuesday,11:30 - 12:30,CARDELREC Recreation Complex Goulbourn,1500 Shea Road,Cardio and strength 50+,Other,Indoors,No,https://ottawa.ca/en/recreation-and-parks/facilities/place-listing/cardelrec-recreation-complex-goulbourn,#,West - Stittsville,Group Fitness,50+,"AM, PM",FALSE
3,Wednesday,11:30 - 12:30,CARDELREC Recreation Complex Goulbourn,1500 Shea Road,Cardio and strength 50+,Other,Indoors,No,https://ottawa.ca/en/recreation-and-parks/facilities/place-listing/cardelrec-recreation-complex-goulbourn,#,West - Stittsville,Group Fitness,50+,"AM, PM",FALSE
4,Thursday,11:30 - 12:30,CARDELREC Recreation Complex Goulbourn,1500 Shea Road,Cardio and strength 50+,Other,Indoors,No,https://ottawa.ca/en/recreation-and-parks/facilities/place-listing/cardelrec-recreation-complex-goulbourn,#,West - Stittsville,Group Fitness,50+,"AM, PM",FALSE
5,Friday,11:30 - 12:30,CARDELREC Recreation Complex Goulbourn,1500 Shea Road,Cardio and strength 50+,Other,Indoors,No,https://ottawa.ca/en/recreation-and-parks/facilities/place-listing/cardelrec-recreation-complex-goulbourn,#,West - Stittsville,Group Fitness,50+,"AM, PM",FALSE
1,Monday,10:15 - 11:15,CARDELREC Recreation Complex Goulbourn,1500 Shea Road,TMC,Other,Indoors,No,https://ottawa.ca/en/recreation-and-parks/facilities/place-listing/cardelrec-recreation-complex-goulbourn,#,West - Stittsville,Group Fitness,Adult,AM,FALSE
2,Tuesday,18:30 - 19:30,CARDELREC Recreation Complex Goulbourn,1500 Shea Road,TMC,Other,Indoors,No,https://ottawa.ca/en/recreation-and-parks/facilities/place-listing/cardelrec-recreation-complex-goulbourn,#,West - Stittsville,Group Fitness,Adult,Evening,FALSE
2,Tuesday,07:30 - 08:30,CARDELREC Recreation Complex Goulbourn,1500 Shea Road,Bootcamp,Other,Indoors,No,https://ottawa.ca/en/recreation-and-parks/facilities/place-listing/cardelrec-recreation-complex-goulbourn,#,West - Stittsville,Group Fitness,Adult,AM,FALSE
4,Thursday,07:30 - 08:30,CARDELREC Recreation Complex Goulbourn,1500 Shea Road,Bootcamp,Other,Indoors,No,https://ottawa.ca/en/recreation-and-parks/facilities/place-listing/cardelrec-recreation-complex-goulbourn,#,West - Stittsville,Group Fitness,Adult,AM,FALSE
3,Wednesday,07:00 - 08:00,CARDELREC Recreation Complex Goulbourn,1500 Shea Road,Indoor cycling,Other,Indoors,Yes,https://ottawa.ca/en/recreation-and-parks/facilities/place-listing/cardelrec-recreation-complex-goulbourn,https://reservation.frontdesksuite.ca/rcfs/cardelrec/Home/Index?Culture=en&PageId=a10d1358-60a7-46b6-b5e9-5b990594b108,West - Stittsville,Group Fitness,Adult,AM,FALSE
4,Thursday,18:15 - 19:15,CARDELREC Recreation Complex Goulbourn,1500 Shea Road,Indoor cycling,Other,Indoors,Yes,https://ottawa.ca/en/recreation-and-parks/facilities/place-listing/cardelrec-recreation-complex-goulbourn,https://reservation.frontdesksuite.ca/rcfs/cardelrec/Home/Index?Culture=en&PageId=a10d1358-60a7-46b6-b5e9-5b990594b108,West - Stittsville,Group Fitness,Adult,Evening,FALSE
6,Saturday,07:30 - 08:30,CARDELREC Recreation Complex Goulbourn,1500 Shea Road,Indoor cycling,Other,Indoors,Yes,https://ottawa.ca/en/recreation-and-parks/facilities/place-listing/cardelrec-recreation-complex-goulbourn,https://reservation.frontdesksuite.ca/rcfs/cardelrec/Home/Index?Culture=en&PageId=a10d1358-60a7-46b6-b5e9-5b990594b108,West - Stittsville,Group Fitness,Adult,AM,FALSE
4,Thursday,09:00 - 10:00,CARDELREC Recreation Complex Goulbourn,1500 Shea Road,Drums Alive®,Other,Indoors,No,https://ottawa.ca/en/recreation-and-parks/facilities/place-listing/cardelrec-recreation-complex-goulbourn,#,West - Stittsville,Group Fitness,Adult,AM,FALSE
2,Tuesday,09:00 - 10:00,CARDELREC Recreation Complex Goulbourn,1500 Shea Road,Core conditioning,Other,Indoors,No,https://ottawa.ca/en/recreation-and-parks/facilities/place-listing/cardelrec-recreation-complex-goulbourn,#,West - Stittsville,Group Fitness,Adult,AM,FALSE
2,Tuesday,07:45 - 08:45,CARDELREC Recreation Complex Goulbourn,1500 Shea Road,Pilates,Other,Indoors,No,https://ottawa.ca/en/recreation-and-parks/facilities/place-listing/cardelrec-recreation-complex-goulbourn,#,West - Stittsville,Group Fitness,Adult,AM,FALSE
4,Thursday,07:45 - 08:45,CARDELREC Recreation Complex Goulbourn,1500 Shea Road,Pilates,Other,Indoors,No,https://ottawa.ca/en/recreation-and-parks/facilities/place-listing/cardelrec-recreation-complex-goulbourn,#,West - Stittsville,Group Fitness,Adult,AM,FALSE
3,Wednesday,10:15 - 11:15,CARDELREC Recreation Complex Goulbourn,1500 Shea Road,Strength,Other,Indoors,No,https://ottawa.ca/en/recreation-and-parks/facilities/place-listing/cardelrec-recreation-complex-goulbourn,#,West - Stittsville,Group Fitness,Adult,AM,FALSE
5,Friday,10:15 - 11:15,CARDELREC Recreation Complex Goulbourn,1500 Shea Road,Strength,Other,Indoors,No,https://ottawa.ca/en/recreation-and-parks/facilities/place-listing/cardelrec-recreation-complex-goulbourn,#,West - Stittsville,Group Fitness,Adult,AM,FALSE
2,Tuesday,10:15 - 11:15,CARDELREC Recreation Complex Goulbourn,1500 Shea Road,The Groove Method®,Other,Indoors,No,https://ottawa.ca/en/recreation-and-parks/facilities/place-listing/cardelrec-recreation-complex-goulbourn,#,West - Stittsville,Group Fitness,Adult,AM,FALSE
5,Friday,09:00 - 10:00,CARDELREC Recreation Complex Goulbourn,1500 Shea Road,Zumba®,Other,Indoors,No,https://ottawa.ca/en/recreation-and-parks/facilities/place-listing/cardelrec-recreation-complex-goulbourn,#,West - Stittsville,Group Fitness,Adult,AM,FALSE
7,Sunday,09:00 - 10:00,CARDELREC Recreation Complex Goulbourn,1500 Shea Road,Kinderplay,Other,Indoors,Yes,https://ottawa.ca/en/recreation-and-parks/facilities/place-listing/cardelrec-recreation-complex-goulbourn,https://reservation.frontdesksuite.ca/rcfs/cardelrec/Home/Index?Culture=en&PageId=a10d1358-60a7-46b6-b5e9-5b990594b108,West - Stittsville,Gym Sport,Preschool,AM,FALSE
7,Sunday,10:15 - 11:15,CARDELREC Recreation Complex Goulbourn,1500 Shea Road,Kinderplay,Other,Indoors,Yes,https://ottawa.ca/en/recreation-and-parks/facilities/place-listing/cardelrec-recreation-complex-goulbourn,https://reservation.frontdesksuite.ca/rcfs/cardelrec/Home/Index?Culture=en&PageId=a10d1358-60a7-46b6-b5e9-5b990594b108,West - Stittsville,Gym Sport,Preschool,AM,FALSE
1,Monday,10:00 - 10:50,CARDELREC Recreation Complex Goulbourn,1500 Shea Road,50+ skate,Other,Indoors,No,https://ottawa.ca/en/recreation-and-parks/facilities/place-listing/cardelrec-recreation-complex-goulbourn,#,West - Stittsville,Skating,50+,AM,FALSE
4,Thursday,10:15 - 11:05,CARDELREC Recreation Complex Goulbourn,1500 Shea Road,50+ skate,Other,Indoors,No,https://ottawa.ca/en/recreation-and-parks/facilities/place-listing/cardelrec-recreation-complex-goulbourn,#,West - Stittsville,Skating,50+,AM,FALSE
4,Thursday,11:15 - 12:05,CARDELREC Recreation Complex Goulbourn,1500 Shea Road,Adult skate,Other,Indoors,No,https://ottawa.ca/en/recreation-and-parks/facilities/place-listing/cardelrec-recreation-complex-goulbourn,#,West - Stittsville,Skating,Adult,"AM, PM",FALSE
5,Friday,12:00 - 12:50,CARDELREC Recreation Complex Goulbourn,1500 Shea Road,Pick- up hockey 18+,Other,Indoors,No,https://ottawa.ca/en/recreation-and-parks/facilities/place-listing/cardelrec-recreation-complex-goulbourn,#,West - Stittsville,Skating,Adult,PM,FALSE
1,Monday,12:00 - 12:50,CARDELREC Recreation Complex Goulbourn,1500 Shea Road,Pick- Up Hockey 35+,Other,Indoors,Yes,https://ottawa.ca/en/recreation-and-parks/facilities/place-listing/cardelrec-recreation-complex-goulbourn,https://reservation.frontdesksuite.ca/rcfs/arenacardelrec/Home/Index?Culture=en&PageId=079095b4-3f7f-40c0-b105-b757d5249702,West - Stittsville,Skating,Adult,PM,FALSE
5,Friday,13:00 - 13:50,CARDELREC Recreation Complex Goulbourn,1500 Shea Road,Pick- Up Hockey 35+,Other,Indoors,Yes,https://ottawa.ca/en/recreation-and-parks/facilities/place-listing/cardelrec-recreation-complex-goulbourn,https://reservation.frontdesksuite.ca/rcfs/arenacardelrec/Home/Index?Culture=en&PageId=079095b4-3f7f-40c0-b105-b757d5249702,West - Stittsville,Skating,Adult,PM,FALSE
4,Thursday,12:15 - 13:05,CARDELREC Recreation Complex Goulbourn,1500 Shea Road,Pick- up hockey 50+,Other,Indoors,No,https://ottawa.ca/en/recreation-and-parks/facilities/place-listing/cardelrec-recreation-complex-goulbourn,#,West - Stittsville,Skating,50+,PM,FALSE
1,Monday,11:00 - 11:50,CARDELREC Recreation Complex Goulbourn,1500 Shea Road,Family skate,Other,Indoors,No,https://ottawa.ca/en/recreation-and-parks/facilities/place-listing/cardelrec-recreation-complex-goulbourn,#,West - Stittsville,Skating,"Preschool, Children, Youth, Adult",AM,FALSE
3,Wednesday,16:15 - 17:05,CARDELREC Recreation Complex Goulbourn,1500 Shea Road,Family skate,Other,Indoors,No,https://ottawa.ca/en/recreation-and-parks/facilities/place-listing/cardelrec-recreation-complex-goulbourn,#,West - Stittsville,Skating,"Preschool, Children, Youth, Adult","PM, Evening",FALSE
4,Thursday,13:15 - 14:05,CARDELREC Recreation Complex Goulbourn,1500 Shea Road,Family skate,Other,Indoors,No,https://ottawa.ca/en/recreation-and-parks/facilities/place-listing/cardelrec-recreation-complex-goulbourn,#,West - Stittsville,Skating,"Preschool, Children, Youth, Adult",PM,FALSE
5,Friday,18:15 - 19:05,CARDELREC Recreation Complex Goulbourn,1500 Shea Road,Family skate,Other,Indoors,No,https://ottawa.ca/en/recreation-and-parks/facilities/place-listing/cardelrec-recreation-complex-goulbourn,#,West - Stittsville,Skating,"Preschool, Children, Youth, Adult",Evening,FALSE
6,Saturday,14:15 - 15:05,CARDELREC Recreation Complex Goulbourn,1500 Shea Road,Family skate,Other,Indoors,No,https://ottawa.ca/en/recreation-and-parks/facilities/place-listing/cardelrec-recreation-complex-goulbourn,#,West - Stittsville,Skating,"Preschool, Children, Youth, Adult",PM,TRUE
3,Wednesday,17:15 - 18:05,CARDELREC Recreation Complex Goulbourn,1500 Shea Road,Public skate,Other,Indoors,No,https://ottawa.ca/en/recreation-and-parks/facilities/place-listing/cardelrec-recreation-complex-goulbourn,#,West - Stittsville,Skating,"Preschool, Children, Youth, Adult",Evening,FALSE
5,Friday,19:15 - 20:05,CARDELREC Recreation Complex Goulbourn,1500 Shea Road,Public skate,Other,Indoors,No,https://ottawa.ca/en/recreation-and-parks/facilities/place-listing/cardelrec-recreation-complex-goulbourn,#,West - Stittsville,Skating,"Preschool, Children, Youth, Adult",Evening,FALSE
6,Saturday,15:15 - 16:05,CARDELREC Recreation Complex Goulbourn,1500 Shea Road,Public skate,Other,Indoors,No,https://ottawa.ca/en/recreation-and-parks/facilities/place-listing/cardelrec-recreation-complex-goulbourn,#,West - Stittsville,Skating,"Preschool, Children, Youth, Adult",PM,TRUE
1,Monday,06:30 - 21:30,Champagne Fitness Centre,321 King Edward Avenue,Lane swim,Lane Swim,Other,No,https://ottawa.ca/en/recreation-and-parks/facilities/place-listing/champagne-fitness-centre,#,Central,Swimming,Adult,"AM, PM, Evening",FALSE
2,Tuesday,06:30 - 20:30,Champagne Fitness Centre,321 King Edward Avenue,Lane swim,Lane Swim,Other,No,https://ottawa.ca/en/recreation-and-parks/facilities/place-listing/champagne-fitness-centre,#,Central,Swimming,Adult,"AM, PM, Evening",FALSE
3,Wednesday,06:30 - 18:00,Champagne Fitness Centre,321 King Edward Avenue,Lane swim,Lane Swim,Other,No,https://ottawa.ca/en/recreation-and-parks/facilities/place-listing/champagne-fitness-centre,#,Central,Swimming,Adult,"AM, PM, Evening",FALSE
4,Thursday,09:30 - 20:30,Champagne Fitness Centre,321 King Edward Avenue,Lane swim,Lane Swim,Other,No,https://ottawa.ca/en/recreation-and-parks/facilities/place-listing/champagne-fitness-centre,#,Central,Swimming,Adult,"AM, PM, Evening",FALSE
5,Friday,06:30 - 21:30,Champagne Fitness Centre,321 King Edward Avenue,Lane swim,Lane Swim,Other,No,https://ottawa.ca/en/recreation-and-parks/facilities/place-listing/champagne-fitness-centre,#,Central,Swimming,Adult,"AM, PM, Evening",FALSE
6,Saturday,10:00 - 14:00,Champagne Fitness Centre,321 King Edward Avenue,Lane swim,Lane Swim,Other,No,https://ottawa.ca/en/recreation-and-parks/facilities/place-listing/champagne-fitness-centre,#,Central,Swimming,Adult,"AM, PM",FALSE
7,Sunday,10:00 - 14:00,Champagne Fitness Centre,321 King Edward Avenue,Lane swim,Lane Swim,Other,No,https://ottawa.ca/en/recreation-and-parks/facilities/place-listing/champagne-fitness-centre,#,Central,Swimming,Adult,"AM, PM",FALSE
1,Monday,06:30 - 21:30,Champagne Fitness Centre,321 King Edward Avenue,Weight and cardio room,Other,Other,No,https://ottawa.ca/en/recreation-and-parks/facilities/place-listing/champagne-fitness-centre,#,Central,Fitness,Adult,"AM, PM, Evening",FALSE
2,Tuesday,06:30 - 21:30,Champagne Fitness Centre,321 King Edward Avenue,Weight and cardio room,Other,Other,No,https://ottawa.ca/en/recreation-and-parks/facilities/place-listing/champagne-fitness-centre,#,Central,Fitness,Adult,"AM, PM, Evening",FALSE
3,Wednesday,06:30 - 21:00,Champagne Fitness Centre,321 King Edward Avenue,Weight and cardio room,Other,Other,No,https://ottawa.ca/en/recreation-and-parks/facilities/place-listing/champagne-fitness-centre,#,Central,Fitness,Adult,"AM, PM, Evening",FALSE
4,Thursday,06:30 - 21:30,Champagne Fitness Centre,321 King Edward Avenue,Weight and cardio room,Other,Other,No,https://ottawa.ca/en/recreation-and-parks/facilities/place-listing/champagne-fitness-centre,#,Central,Fitness,Adult,"AM, PM, Evening",FALSE
5,Friday,06:30 - 21:30,Champagne Fitness Centre,321 King Edward Avenue,Weight and cardio room,Other,Other,No,https://ottawa.ca/en/recreation-and-parks/facilities/place-listing/champagne-fitness-centre,#,Central,Fitness,Adult,"AM, PM, Evening",FALSE
6,Saturday,09:00 - 14:00,Champagne Fitness Centre,321 King Edward Avenue,Weight and cardio room,Other,Other,No,https://ottawa.ca/en/recreation-and-parks/facilities/place-listing/champagne-fitness-centre,#,Central,Fitness,Adult,"AM, PM",FALSE
7,Sunday,09:00 - 14:00,Champagne Fitness Centre,321 King Edward Avenue,Weight and cardio room,Other,Other,No,https://ottawa.ca/en/recreation-and-parks/facilities/place-listing/champagne-fitness-centre,#,Central,Fitness,Adult,"AM, PM",FALSE
1,Monday,08:30 - 15:30,Churchill Seniors Centre,345 Richmond Road,Billiards,Other,Other,No,https://ottawa.ca/en/recreation-and-parks/facilities/place-listing/churchill-seniors-centre,#,West - Nepean,Other,Adult,"AM, PM",FALSE
2,Tuesday,08:30 - 15:30,Churchill Seniors Centre,345 Richmond Road,Billiards,Other,Other,No,https://ottawa.ca/en/recreation-and-parks/facilities/place-listing/churchill-seniors-centre,#,West - Nepean,Other,Adult,"AM, PM",FALSE
3,Wednesday,08:30 - 15:30,Churchill Seniors Centre,345 Richmond Road,Billiards,Other,Other,No,https://ottawa.ca/en/recreation-and-parks/facilities/place-listing/churchill-seniors-centre,#,West - Nepean,Other,Adult,"AM, PM",FALSE
4,Thursday,08:30 - 15:30,Churchill Seniors Centre,345 Richmond Road,Billiards,Other,Other,No,https://ottawa.ca/en/recreation-and-parks/facilities/place-listing/churchill-seniors-centre,#,West - Nepean,Other,Adult,"AM, PM",FALSE
5,Friday,08:30 - 15:30,Churchill Seniors Centre,345 Richmond Road,Billiards,Other,Other,No,https://ottawa.ca/en/recreation-and-parks/facilities/place-listing/churchill-seniors-centre,#,West - Nepean,Other,Adult,"AM, PM",FALSE
3,Wednesday,10:30 - 12:15,Churchill Seniors Centre,345 Richmond Road,Ukulele,Other,Other,No,https://ottawa.ca/en/recreation-and-parks/facilities/place-listing/churchill-seniors-centre,#,West - Nepean,Other,Adult,"AM, PM",FALSE
3,Wednesday,12:45 - 14:45,Churchill Seniors Centre,345 Richmond Road,Mah Jong,Other,Other,No,https://ottawa.ca/en/recreation-and-parks/facilities/place-listing/churchill-seniors-centre,#,West - Nepean,Other,Adult,PM,FALSE
1,Monday,20:30 - 21:30,Deborah Anne Kirwan Pool,1300 Kitchener Avenue,Lane swim,Lane Swim,Indoors,No,https://ottawa.ca/en/recreation-and-parks/facilities/place-listing/deborah-anne-kirwan-pool,#,South,Swimming,Adult,Evening,FALSE
2,Tuesday,20:30 - 21:30,Deborah Anne Kirwan Pool,1300 Kitchener Avenue,Lane swim,Lane Swim,Indoors,No,https://ottawa.ca/en/recreation-and-parks/facilities/place-listing/deborah-anne-kirwan-pool,#,South,Swimming,Adult,Evening,FALSE
4,Thursday,20:30 - 21:30,Deborah Anne Kirwan Pool,1300 Kitchener Avenue,Lane swim,Lane Swim,Indoors,No,https://ottawa.ca/en/recreation-and-parks/facilities/place-listing/deborah-anne-kirwan-pool,#,South,Swimming,Adult,Evening,FALSE
1,Monday,19:30 - 20:30,Deborah Anne Kirwan Pool,1300 Kitchener Avenue,Public swim,Public Swim,Indoors,No,https://ottawa.ca/en/recreation-and-parks/facilities/place-listing/deborah-anne-kirwan-pool,#,South,Swimming,"Preschool, Children, Youth, Adult",Evening,FALSE
2,Tuesday,19:30 - 20:30,Deborah Anne Kirwan Pool,1300 Kitchener Avenue,Public swim,Public Swim,Indoors,No,https://ottawa.ca/en/recreation-and-parks/facilities/place-listing/deborah-anne-kirwan-pool,#,South,Swimming,"Preschool, Children, Youth, Adult",Evening,FALSE
4,Thursday,19:30 - 20:30,Deborah Anne Kirwan Pool,1300 Kitchener Avenue,Public swim,Public Swim,Indoors,No,https://ottawa.ca/en/recreation-and-parks/facilities/place-listing/deborah-anne-kirwan-pool,#,South,Swimming,"Preschool, Children, Youth, Adult",Evening,FALSE
5,Friday,17:00 - 19:00,Deborah Anne Kirwan Pool,1300 Kitchener Avenue,Public swim,Public Swim,Indoors,No,https://ottawa.ca/en/recreation-and-parks/facilities/place-listing/deborah-anne-kirwan-pool,#,South,Swimming,"Preschool, Children, Youth, Adult",Evening,FALSE
6,Saturday,13:00 - 15:00,Deborah Anne Kirwan Pool,1300 Kitchener Avenue,Public swim,Public Swim,Indoors,No,https://ottawa.ca/en/recreation-and-parks/facilities/place-listing/deborah-anne-kirwan-pool,#,South,Swimming,"Preschool, Children, Youth, Adult",PM,TRUE
7,Sunday,13:00 - 16:00,Deborah Anne Kirwan Pool,1300 Kitchener Avenue,Public swim,Public Swim,Indoors,No,https://ottawa.ca/en/recreation-and-parks/facilities/place-listing/deborah-anne-kirwan-pool,#,South,Swimming,"Preschool, Children, Youth, Adult",PM,FALSE
3,Wednesday,20:30 - 21:30,Deborah Anne Kirwan Pool,1300 Kitchener Avenue,Public swim - women's only,Public Swim,Indoors,No,https://ottawa.ca/en/recreation-and-parks/facilities/place-listing/deborah-anne-kirwan-pool,#,South,Swimming,"Preschool, Children, Youth, Adult",Evening,FALSE
1,Monday,16:00 - 17:00,Deborah Anne Kirwan Pool,1300 Kitchener Avenue,50+ swim,Other,Indoors,No,https://ottawa.ca/en/recreation-and-parks/facilities/place-listing/deborah-anne-kirwan-pool,#,South,Swimming,50+,PM,FALSE
2,Tuesday,16:00 - 17:00,Deborah Anne Kirwan Pool,1300 Kitchener Avenue,50+ swim,Other,Indoors,No,https://ottawa.ca/en/recreation-and-parks/facilities/place-listing/deborah-anne-kirwan-pool,#,South,Swimming,50+,PM,FALSE
3,Wednesday,16:00 - 17:00,Deborah Anne Kirwan Pool,1300 Kitchener Avenue,50+ swim,Other,Indoors,No,https://ottawa.ca/en/recreation-and-parks/facilities/place-listing/deborah-anne-kirwan-pool,#,South,Swimming,50+,PM,FALSE
4,Thursday,16:00 - 17:00,Deborah Anne Kirwan Pool,1300 Kitchener Avenue,50+ swim,Other,Indoors,No,https://ottawa.ca/en/recreation-and-parks/facilities/place-listing/deborah-anne-kirwan-pool,#,South,Swimming,50+,PM,FALSE
5,Friday,16:00 - 17:00,Deborah Anne Kirwan Pool,1300 Kitchener Avenue,50+ swim,Other,Indoors,No,https://ottawa.ca/en/recreation-and-parks/facilities/place-listing/deborah-anne-kirwan-pool,#,South,Swimming,50+,PM,FALSE
7,Sunday,12:00 - 13:00,Deborah Anne Kirwan Pool,1300 Kitchener Avenue,50+ swim,Other,Indoors,No,https://ottawa.ca/en/recreation-and-parks/facilities/place-listing/deborah-anne-kirwan-pool,#,South,Swimming,50+,PM,FALSE
6,Saturday,12:00 - 13:00,Deborah Anne Kirwan Pool,1300 Kitchener Avenue,Preschool swim,Other,Indoors,No,https://ottawa.ca/en/recreation-and-parks/facilities/place-listing/deborah-anne-kirwan-pool,#,South,Swimming,Preschool,PM,TRUE
1,Monday,09:30 - 10:30,Dempsey Community Centre,1895 Russell Road,Pickleball,Other,Other,Yes,https://ottawa.ca/en/recreation-and-parks/facilities/place-listing/dempsey-community-centre,https://reservation.frontdesksuite.ca/rcfs/dempseycc/Home/Index?Culture=en&PageId=ee6416b4-c045-4e00-a1d3-992ed2aeba7b&ShouldStartReserveTimeFlow=False&ButtonId=00000000-0000-0000-0000-000000000000,South,Racquet Sport,Adult,AM,FALSE
1,Monday,10:30 - 11:30,Dempsey Community Centre,1895 Russell Road,Pickleball,Other,Other,Yes,https://ottawa.ca/en/recreation-and-parks/facilities/place-listing/dempsey-community-centre,https://reservation.frontdesksuite.ca/rcfs/dempseycc/Home/Index?Culture=en&PageId=ee6416b4-c045-4e00-a1d3-992ed2aeba7b&ShouldStartReserveTimeFlow=False&ButtonId=00000000-0000-0000-0000-000000000000,South,Racquet Sport,Adult,AM,FALSE
1,Monday,11:30 - 12:30,Dempsey Community Centre,1895 Russell Road,Pickleball,Other,Other,Yes,https://ottawa.ca/en/recreation-and-parks/facilities/place-listing/dempsey-community-centre,https://reservation.frontdesksuite.ca/rcfs/dempseycc/Home/Index?Culture=en&PageId=ee6416b4-c045-4e00-a1d3-992ed2aeba7b&ShouldStartReserveTimeFlow=False&ButtonId=00000000-0000-0000-0000-000000000000,South,Racquet Sport,Adult,"AM, PM",FALSE
2,Tuesday,09:30 - 10:30,Dempsey Community Centre,1895 Russell Road,Pickleball,Other,Other,Yes,https://ottawa.ca/en/recreation-and-parks/facilities/place-listing/dempsey-community-centre,https://reservation.frontdesksuite.ca/rcfs/dempseycc/Home/Index?Culture=en&PageId=ee6416b4-c045-4e00-a1d3-992ed2aeba7b&ShouldStartReserveTimeFlow=False&ButtonId=00000000-0000-0000-0000-000000000000,South,Racquet Sport,Adult,AM,FALSE
2,Tuesday,10:30 - 11:30,Dempsey Community Centre,1895 Russell Road,Pickleball,Other,Other,Yes,https://ottawa.ca/en/recreation-and-parks/facilities/place-listing/dempsey-community-centre,https://reservation.frontdesksuite.ca/rcfs/dempseycc/Home/Index?Culture=en&PageId=ee6416b4-c045-4e00-a1d3-992ed2aeba7b&ShouldStartReserveTimeFlow=False&ButtonId=00000000-0000-0000-0000-000000000000,South,Racquet Sport,Adult,AM,FALSE
2,Tuesday,11:30 - 12:30,Dempsey Community Centre,1895 Russell Road,Pickleball,Other,Other,Yes,https://ottawa.ca/en/recreation-and-parks/facilities/place-listing/dempsey-community-centre,https://reservation.frontdesksuite.ca/rcfs/dempseycc/Home/Index?Culture=en&PageId=ee6416b4-c045-4e00-a1d3-992ed2aeba7b&ShouldStartReserveTimeFlow=False&ButtonId=00000000-0000-0000-0000-000000000000,South,Racquet Sport,Adult,"AM, PM",FALSE
3,Wednesday,09:30 - 10:30,Dempsey Community Centre,1895 Russell Road,Pickleball,Other,Other,Yes,https://ottawa.ca/en/recreation-and-parks/facilities/place-listing/dempsey-community-centre,https://reservation.frontdesksuite.ca/rcfs/dempseycc/Home/Index?Culture=en&PageId=ee6416b4-c045-4e00-a1d3-992ed2aeba7b&ShouldStartReserveTimeFlow=False&ButtonId=00000000-0000-0000-0000-000000000000,South,Racquet Sport,Adult,AM,FALSE
3,Wednesday,10:30 - 11:30,Dempsey Community Centre,1895 Russell Road,Pickleball,Other,Other,Yes,https://ottawa.ca/en/recreation-and-parks/facilities/place-listing/dempsey-community-centre,https://reservation.frontdesksuite.ca/rcfs/dempseycc/Home/Index?Culture=en&PageId=ee6416b4-c045-4e00-a1d3-992ed2aeba7b&ShouldStartReserveTimeFlow=False&ButtonId=00000000-0000-0000-0000-000000000000,South,Racquet Sport,Adult,AM,FALSE
3,Wednesday,11:30 - 12:30,Dempsey Community Centre,1895 Russell Road,Pickleball,Other,Other,Yes,https://ottawa.ca/en/recreation-and-parks/facilities/place-listing/dempsey-community-centre,https://reservation.frontdesksuite.ca/rcfs/dempseycc/Home/Index?Culture=en&PageId=ee6416b4-c045-4e00-a1d3-992ed2aeba7b&ShouldStartReserveTimeFlow=False&ButtonId=00000000-0000-0000-0000-000000000000,South,Racquet Sport,Adult,"AM, PM",FALSE
4,Thursday,09:30 - 10:30,Dempsey Community Centre,1895 Russell Road,Pickleball,Other,Other,Yes,https://ottawa.ca/en/recreation-and-parks/facilities/place-listing/dempsey-community-centre,https://reservation.frontdesksuite.ca/rcfs/dempseycc/Home/Index?Culture=en&PageId=ee6416b4-c045-4e00-a1d3-992ed2aeba7b&ShouldStartReserveTimeFlow=False&ButtonId=00000000-0000-0000-0000-000000000000,South,Racquet Sport,Adult,AM,FALSE
4,Thursday,10:30 - 11:30,Dempsey Community Centre,1895 Russell Road,Pickleball,Other,Other,Yes,https://ottawa.ca/en/recreation-and-parks/facilities/place-listing/dempsey-community-centre,https://reservation.frontdesksuite.ca/rcfs/dempseycc/Home/Index?Culture=en&PageId=ee6416b4-c045-4e00-a1d3-992ed2aeba7b&ShouldStartReserveTimeFlow=False&ButtonId=00000000-0000-0000-0000-000000000000,South,Racquet Sport,Adult,AM,FALSE
4,Thursday,11:30 - 12:30,Dempsey Community Centre,1895 Russell Road,Pickleball,Other,Other,Yes,https://ottawa.ca/en/recreation-and-parks/facilities/place-listing/dempsey-community-centre,https://reservation.frontdesksuite.ca/rcfs/dempseycc/Home/Index?Culture=en&PageId=ee6416b4-c045-4e00-a1d3-992ed2aeba7b&ShouldStartReserveTimeFlow=False&ButtonId=00000000-0000-0000-0000-000000000000,South,Racquet Sport,Adult,"AM, PM",FALSE
5,Friday,09:30 - 10:30,Dempsey Community Centre,1895 Russell Road,Pickleball,Other,Other,Yes,https://ottawa.ca/en/recreation-and-parks/facilities/place-listing/dempsey-community-centre,https://reservation.frontdesksuite.ca/rcfs/dempseycc/Home/Index?Culture=en&PageId=ee6416b4-c045-4e00-a1d3-992ed2aeba7b&ShouldStartReserveTimeFlow=False&ButtonId=00000000-0000-0000-0000-000000000000,South,Racquet Sport,Adult,AM,FALSE
5,Friday,10:30 - 11:30,Dempsey Community Centre,1895 Russell Road,Pickleball,Other,Other,Yes,https://ottawa.ca/en/recreation-and-parks/facilities/place-listing/dempsey-community-centre,https://reservation.frontdesksuite.ca/rcfs/dempseycc/Home/Index?Culture=en&PageId=ee6416b4-c045-4e00-a1d3-992ed2aeba7b&ShouldStartReserveTimeFlow=False&ButtonId=00000000-0000-0000-0000-000000000000,South,Racquet Sport,Adult,AM,FALSE
5,Friday,11:30 - 12:30,Dempsey Community Centre,1895 Russell Road,Pickleball,Other,Other,Yes,https://ottawa.ca/en/recreation-and-parks/facilities/place-listing/dempsey-community-centre,https://reservation.frontdesksuite.ca/rcfs/dempseycc/Home/Index?Culture=en&PageId=ee6416b4-c045-4e00-a1d3-992ed2aeba7b&ShouldStartReserveTimeFlow=False&ButtonId=00000000-0000-0000-0000-000000000000,South,Racquet Sport,Adult,"AM, PM",FALSE
5,Friday,19:00 - 20:00,Dempsey Community Centre,1895 Russell Road,Pickleball,Other,Other,Yes,https://ottawa.ca/en/recreation-and-parks/facilities/place-listing/dempsey-community-centre,https://reservation.frontdesksuite.ca/rcfs/dempseycc/Home/Index?Culture=en&PageId=ee6416b4-c045-4e00-a1d3-992ed2aeba7b&ShouldStartReserveTimeFlow=False&ButtonId=00000000-0000-0000-0000-000000000000,South,Racquet Sport,Adult,Evening,FALSE
5,Friday,20:00 - 21:00,Dempsey Community Centre,1895 Russell Road,Pickleball,Other,Other,Yes,https://ottawa.ca/en/recreation-and-parks/facilities/place-listing/dempsey-community-centre,https://reservation.frontdesksuite.ca/rcfs/dempseycc/Home/Index?Culture=en&PageId=ee6416b4-c045-4e00-a1d3-992ed2aeba7b&ShouldStartReserveTimeFlow=False&ButtonId=00000000-0000-0000-0000-000000000000,South,Racquet Sport,Adult,Evening,FALSE
5,Friday,21:00 - 22:00,Dempsey Community Centre,1895 Russell Road,Pickleball,Other,Other,Yes,https://ottawa.ca/en/recreation-and-parks/facilities/place-listing/dempsey-community-centre,https://reservation.frontdesksuite.ca/rcfs/dempseycc/Home/Index?Culture=en&PageId=ee6416b4-c045-4e00-a1d3-992ed2aeba7b&ShouldStartReserveTimeFlow=False&ButtonId=00000000-0000-0000-0000-000000000000,South,Racquet Sport,Adult,Evening,FALSE
1,Monday,07:30 - 21:00,Diane Deans Greenboro Community Centre,363 Lorry Greenberg Drive,Weight and cardio room,Other,Other,No,https://ottawa.ca/en/recreation-and-parks/facilities/place-listing/diane-deans-greenboro-community-centre,#,South,Fitness,Adult,"AM, PM, Evening",FALSE
2,Tuesday,07:30 - 21:00,Diane Deans Greenboro Community Centre,363 Lorry Greenberg Drive,Weight and cardio room,Other,Other,No,https://ottawa.ca/en/recreation-and-parks/facilities/place-listing/diane-deans-greenboro-community-centre,#,South,Fitness,Adult,"AM, PM, Evening",FALSE
3,Wednesday,07:30 - 21:00,Diane Deans Greenboro Community Centre,363 Lorry Greenberg Drive,Weight and cardio room,Other,Other,No,https://ottawa.ca/en/recreation-and-parks/facilities/place-listing/diane-deans-greenboro-community-centre,#,South,Fitness,Adult,"AM, PM, Evening",FALSE
4,Thursday,07:30 - 21:00,Diane Deans Greenboro Community Centre,363 Lorry Greenberg Drive,Weight and cardio room,Other,Other,No,https://ottawa.ca/en/recreation-and-parks/facilities/place-listing/diane-deans-greenboro-community-centre,#,South,Fitness,Adult,"AM, PM, Evening",FALSE
5,Friday,07:30 - 21:00,Diane Deans Greenboro Community Centre,363 Lorry Greenberg Drive,Weight and cardio room,Other,Other,No,https://ottawa.ca/en/recreation-and-parks/facilities/place-listing/diane-deans-greenboro-community-centre,#,South,Fitness,Adult,"AM, PM, Evening",FALSE
6,Saturday,08:00 - 18:00,Diane Deans Greenboro Community Centre,363 Lorry Greenberg Drive,Weight and cardio room,Other,Other,No,https://ottawa.ca/en/recreation-and-parks/facilities/place-listing/diane-deans-greenboro-community-centre,#,South,Fitness,Adult,"AM, PM, Evening",FALSE
7,Sunday,08:00 - 18:00,Diane Deans Greenboro Community Centre,363 Lorry Greenberg Drive,Weight and cardio room,Other,Other,No,https://ottawa.ca/en/recreation-and-parks/facilities/place-listing/diane-deans-greenboro-community-centre,#,South,Fitness,Adult,"AM, PM, Evening",FALSE
1,Monday,12:00 - 13:00,Diane Deans Greenboro Community Centre,363 Lorry Greenberg Drive,Cardio and Strength,Other,Other,Yes,https://ottawa.ca/en/recreation-and-parks/facilities/place-listing/diane-deans-greenboro-community-centre,https://reservation.frontdesksuite.ca/rcfs/greenborocommunitycentre/Home/Index?Culture=en&PageId=812f3ece-94c0-437a-959a-90bc47da6072,South,Group Fitness,Adult,PM,FALSE
2,Tuesday,17:45 - 18:45,Diane Deans Greenboro Community Centre,363 Lorry Greenberg Drive,Cardio and Strength,Other,Other,Yes,https://ottawa.ca/en/recreation-and-parks/facilities/place-listing/diane-deans-greenboro-community-centre,https://reservation.frontdesksuite.ca/rcfs/greenborocommunitycentre/Home/Index?Culture=en&PageId=812f3ece-94c0-437a-959a-90bc47da6072,South,Group Fitness,Adult,Evening,FALSE
3,Wednesday,12:00 - 13:00,Diane Deans Greenboro Community Centre,363 Lorry Greenberg Drive,Cardio and Strength,Other,Other,Yes,https://ottawa.ca/en/recreation-and-parks/facilities/place-listing/diane-deans-greenboro-community-centre,https://reservation.frontdesksuite.ca/rcfs/greenborocommunitycentre/Home/Index?Culture=en&PageId=812f3ece-94c0-437a-959a-90bc47da6072,South,Group Fitness,Adult,PM,FALSE
3,Wednesday,17:45 - 18:45,Diane Deans Greenboro Community Centre,363 Lorry Greenberg Drive,Cardio and Strength,Other,Other,Yes,https://ottawa.ca/en/recreation-and-parks/facilities/place-listing/diane-deans-greenboro-community-centre,https://reservation.frontdesksuite.ca/rcfs/greenborocommunitycentre/Home/Index?Culture=en&PageId=812f3ece-94c0-437a-959a-90bc47da6072,South,Group Fitness,Adult,Evening,FALSE
4,Thursday,09:00 - 10:00,Diane Deans Greenboro Community Centre,363 Lorry Greenberg Drive,Cardio and Strength,Other,Other,Yes,https://ottawa.ca/en/recreation-and-parks/facilities/place-listing/diane-deans-greenboro-community-centre,https://reservation.frontdesksuite.ca/rcfs/greenborocommunitycentre/Home/Index?Culture=en&PageId=812f3ece-94c0-437a-959a-90bc47da6072,South,Group Fitness,Adult,AM,FALSE
5,Friday,09:00 - 10:00,Diane Deans Greenboro Community Centre,363 Lorry Greenberg Drive,Cardio and Strength,Other,Other,Yes,https://ottawa.ca/en/recreation-and-parks/facilities/place-listing/diane-deans-greenboro-community-centre,https://reservation.frontdesksuite.ca/rcfs/greenborocommunitycentre/Home/Index?Culture=en&PageId=812f3ece-94c0-437a-959a-90bc47da6072,South,Group Fitness,Adult,AM,FALSE
6,Saturday,09:00 - 10:00,Diane Deans Greenboro Community Centre,363 Lorry Greenberg Drive,Cardio and Strength,Other,Other,Yes,https://ottawa.ca/en/recreation-and-parks/facilities/place-listing/diane-deans-greenboro-community-centre,https://reservation.frontdesksuite.ca/rcfs/greenborocommunitycentre/Home/Index?Culture=en&PageId=812f3ece-94c0-437a-959a-90bc47da6072,South,Group Fitness,Adult,AM,FALSE
7,Sunday,09:00 - 10:00,Diane Deans Greenboro Community Centre,363 Lorry Greenberg Drive,Cardio and Strength,Other,Other,Yes,https://ottawa.ca/en/recreation-and-parks/facilities/place-listing/diane-deans-greenboro-community-centre,https://reservation.frontdesksuite.ca/rcfs/greenborocommunitycentre/Home/Index?Culture=en&PageId=812f3ece-94c0-437a-959a-90bc47da6072,South,Group Fitness,Adult,AM,FALSE
1,Monday,10:45 - 11:45,Diane Deans Greenboro Community Centre,363 Lorry Greenberg Drive,Cardio and Strength Older Adult,Other,Other,Yes,https://ottawa.ca/en/recreation-and-parks/facilities/place-listing/diane-deans-greenboro-community-centre,https://reservation.frontdesksuite.ca/rcfs/greenborocommunitycentre/Home/Index?Culture=en&PageId=812f3ece-94c0-437a-959a-90bc47da6072,South,Group Fitness,50+,AM,FALSE
2,Tuesday,10:45 - 11:45,Diane Deans Greenboro Community Centre,363 Lorry Greenberg Drive,Cardio and Strength Older Adult,Other,Other,Yes,https://ottawa.ca/en/recreation-and-parks/facilities/place-listing/diane-deans-greenboro-community-centre,https://reservation.frontdesksuite.ca/rcfs/greenborocommunitycentre/Home/Index?Culture=en&PageId=812f3ece-94c0-437a-959a-90bc47da6072,South,Group Fitness,50+,AM,FALSE
4,Thursday,10:45 - 11:45,Diane Deans Greenboro Community Centre,363 Lorry Greenberg Drive,Cardio and Strength Older Adult,Other,Other,Yes,https://ottawa.ca/en/recreation-and-parks/facilities/place-listing/diane-deans-greenboro-community-centre,https://reservation.frontdesksuite.ca/rcfs/greenborocommunitycentre/Home/Index?Culture=en&PageId=812f3ece-94c0-437a-959a-90bc47da6072,South,Group Fitness,50+,AM,FALSE
3,Wednesday,09:00 - 10:00,Diane Deans Greenboro Community Centre,363 Lorry Greenberg Drive,Core Conditioning,Other,Other,Yes,https://ottawa.ca/en/recreation-and-parks/facilities/place-listing/diane-deans-greenboro-community-centre,https://reservation.frontdesksuite.ca/rcfs/greenborocommunitycentre/Home/Index?Culture=en&PageId=812f3ece-94c0-437a-959a-90bc47da6072,South,Group Fitness,Adult,AM,FALSE
1,Monday,17:45 - 18:45,Diane Deans Greenboro Community Centre,363 Lorry Greenberg Drive,HIIT,Other,Other,Yes,https://ottawa.ca/en/recreation-and-parks/facilities/place-listing/diane-deans-greenboro-community-centre,https://reservation.frontdesksuite.ca/rcfs/greenborocommunitycentre/Home/Index?Culture=en&PageId=812f3ece-94c0-437a-959a-90bc47da6072,South,Group Fitness,Adult,Evening,FALSE
1,Monday,09:00 - 10:00,Diane Deans Greenboro Community Centre,363 Lorry Greenberg Drive,Indoor Cycling,Other,Other,Yes,https://ottawa.ca/en/recreation-and-parks/facilities/place-listing/diane-deans-greenboro-community-centre,https://reservation.frontdesksuite.ca/rcfs/greenborocommunitycentre/Home/Index?Culture=en&PageId=812f3ece-94c0-437a-959a-90bc47da6072,South,Group Fitness,Adult,AM,FALSE
2,Tuesday,19:00 - 20:00,Diane Deans Greenboro Community Centre,363 Lorry Greenberg Drive,Indoor Cycling,Other,Other,Yes,https://ottawa.ca/en/recreation-and-parks/facilities/place-listing/diane-deans-greenboro-community-centre,https://reservation.frontdesksuite.ca/rcfs/greenborocommunitycentre/Home/Index?Culture=en&PageId=812f3ece-94c0-437a-959a-90bc47da6072,South,Group Fitness,Adult,Evening,FALSE
3,Wednesday,09:00 - 10:00,Diane Deans Greenboro Community Centre,363 Lorry Greenberg Drive,Indoor Cycling,Other,Other,Yes,https://ottawa.ca/en/recreation-and-parks/facilities/place-listing/diane-deans-greenboro-community-centre,https://reservation.frontdesksuite.ca/rcfs/greenborocommunitycentre/Home/Index?Culture=en&PageId=812f3ece-94c0-437a-959a-90bc47da6072,South,Group Fitness,Adult,AM,FALSE
4,Thursday,19:00 - 20:00,Diane Deans Greenboro Community Centre,363 Lorry Greenberg Drive,Indoor Cycling,Other,Other,Yes,https://ottawa.ca/en/recreation-and-parks/facilities/place-listing/diane-deans-greenboro-community-centre,https://reservation.frontdesksuite.ca/rcfs/greenborocommunitycentre/Home/Index?Culture=en&PageId=812f3ece-94c0-437a-959a-90bc47da6072,South,Group Fitness,Adult,Evening,FALSE
5,Friday,09:00 - 10:00,Diane Deans Greenboro Community Centre,363 Lorry Greenberg Drive,Indoor Cycling,Other,Other,Yes,https://ottawa.ca/en/recreation-and-parks/facilities/place-listing/diane-deans-greenboro-community-centre,https://reservation.frontdesksuite.ca/rcfs/greenborocommunitycentre/Home/Index?Culture=en&PageId=812f3ece-94c0-437a-959a-90bc47da6072,South,Group Fitness,Adult,AM,FALSE
6,Saturday,08:00 - 09:00,Diane Deans Greenboro Community Centre,363 Lorry Greenberg Drive,Indoor Cycling,Other,Other,Yes,https://ottawa.ca/en/recreation-and-parks/facilities/place-listing/diane-deans-greenboro-community-centre,https://reservation.frontdesksuite.ca/rcfs/greenborocommunitycentre/Home/Index?Culture=en&PageId=812f3ece-94c0-437a-959a-90bc47da6072,South,Group Fitness,Adult,AM,FALSE
2,Tuesday,09:00 - 10:00,Diane Deans Greenboro Community Centre,363 Lorry Greenberg Drive,Intervals,Other,Other,Yes,https://ottawa.ca/en/recreation-and-parks/facilities/place-listing/diane-deans-greenboro-community-centre,https://reservation.frontdesksuite.ca/rcfs/greenborocommunitycentre/Home/Index?Culture=en&PageId=812f3ece-94c0-437a-959a-90bc47da6072,South,Group Fitness,Adult,AM,FALSE
1,Monday,09:15 - 10:15,Diane Deans Greenboro Community Centre,363 Lorry Greenberg Drive,Pilates,Other,Other,Yes,https://ottawa.ca/en/recreation-and-parks/facilities/place-listing/diane-deans-greenboro-community-centre,https://reservation.frontdesksuite.ca/rcfs/greenborocommunitycentre/Home/Index?Culture=en&PageId=812f3ece-94c0-437a-959a-90bc47da6072,South,Group Fitness,Adult,AM,FALSE
2,Tuesday,09:15 - 10:15,Diane Deans Greenboro Community Centre,363 Lorry Greenberg Drive,Strength Older Adult,Other,Other,Yes,https://ottawa.ca/en/recreation-and-parks/facilities/place-listing/diane-deans-greenboro-community-centre,https://reservation.frontdesksuite.ca/rcfs/greenborocommunitycentre/Home/Index?Culture=en&PageId=812f3ece-94c0-437a-959a-90bc47da6072,South,Group Fitness,50+,AM,FALSE
4,Thursday,09:15 - 10:15,Diane Deans Greenboro Community Centre,363 Lorry Greenberg Drive,Strength Older Adult,Other,Other,Yes,https://ottawa.ca/en/recreation-and-parks/facilities/place-listing/diane-deans-greenboro-community-centre,https://reservation.frontdesksuite.ca/rcfs/greenborocommunitycentre/Home/Index?Culture=en&PageId=812f3ece-94c0-437a-959a-90bc47da6072,South,Group Fitness,50+,AM,FALSE
5,Friday,09:15 - 10:15,Diane Deans Greenboro Community Centre,363 Lorry Greenberg Drive,Strength Older Adult,Other,Other,Yes,https://ottawa.ca/en/recreation-and-parks/facilities/place-listing/diane-deans-greenboro-community-centre,https://reservation.frontdesksuite.ca/rcfs/greenborocommunitycentre/Home/Index?Culture=en&PageId=812f3ece-94c0-437a-959a-90bc47da6072,South,Group Fitness,50+,AM,FALSE
1,Monday,19:15 - 20:15,Diane Deans Greenboro Community Centre,363 Lorry Greenberg Drive,Yoga,Other,Other,Yes,https://ottawa.ca/en/recreation-and-parks/facilities/place-listing/diane-deans-greenboro-community-centre,https://reservation.frontdesksuite.ca/rcfs/greenborocommunitycentre/Home/Index?Culture=en&PageId=812f3ece-94c0-437a-959a-90bc47da6072,South,Group Fitness,Adult,Evening,FALSE
2,Tuesday,11:00 - 12:00,Diane Deans Greenboro Community Centre,363 Lorry Greenberg Drive,Yoga,Other,Other,Yes,https://ottawa.ca/en/recreation-and-parks/facilities/place-listing/diane-deans-greenboro-community-centre,https://reservation.frontdesksuite.ca/rcfs/greenborocommunitycentre/Home/Index?Culture=en&PageId=812f3ece-94c0-437a-959a-90bc47da6072,South,Group Fitness,Adult,AM,FALSE
3,Wednesday,19:15 - 20:15,Diane Deans Greenboro Community Centre,363 Lorry Greenberg Drive,Yoga,Other,Other,Yes,https://ottawa.ca/en/recreation-and-parks/facilities/place-listing/diane-deans-greenboro-community-centre,https://reservation.frontdesksuite.ca/rcfs/greenborocommunitycentre/Home/Index?Culture=en&PageId=812f3ece-94c0-437a-959a-90bc47da6072,South,Group Fitness,Adult,Evening,FALSE
4,Thursday,11:00 - 12:00,Diane Deans Greenboro Community Centre,363 Lorry Greenberg Drive,Yoga,Other,Other,Yes,https://ottawa.ca/en/recreation-and-parks/facilities/place-listing/diane-deans-greenboro-community-centre,https://reservation.frontdesksuite.ca/rcfs/greenborocommunitycentre/Home/Index?Culture=en&PageId=812f3ece-94c0-437a-959a-90bc47da6072,South,Group Fitness,Adult,AM,FALSE
3,Wednesday,09:15 - 10:15,Diane Deans Greenboro Community Centre,363 Lorry Greenberg Drive,Yoga Older Adult,Other,Other,Yes,https://ottawa.ca/en/recreation-and-parks/facilities/place-listing/diane-deans-greenboro-community-centre,https://reservation.frontdesksuite.ca/rcfs/greenborocommunitycentre/Home/Index?Culture=en&PageId=812f3ece-94c0-437a-959a-90bc47da6072,South,Group Fitness,50+,AM,FALSE
4,Thursday,18:00 - 19:00,Diane Deans Greenboro Community Centre,363 Lorry Greenberg Drive,Zumba®,Other,Other,Yes,https://ottawa.ca/en/recreation-and-parks/facilities/place-listing/diane-deans-greenboro-community-centre,https://reservation.frontdesksuite.ca/rcfs/greenborocommunitycentre/Home/Index?Culture=en&PageId=812f3ece-94c0-437a-959a-90bc47da6072,South,Group Fitness,Adult,Evening,FALSE
6,Saturday,10:30 - 11:30,Diane Deans Greenboro Community Centre,363 Lorry Greenberg Drive,Zumba®,Other,Other,Yes,https://ottawa.ca/en/recreation-and-parks/facilities/place-listing/diane-deans-greenboro-community-centre,https://reservation.frontdesksuite.ca/rcfs/greenborocommunitycentre/Home/Index?Culture=en&PageId=812f3ece-94c0-437a-959a-90bc47da6072,South,Group Fitness,Adult,AM,FALSE
1,Monday,09:15 - 10:15,Diane Deans Greenboro Community Centre,363 Lorry Greenberg Drive,Zumba® Gold,Other,Other,Yes,https://ottawa.ca/en/recreation-and-parks/facilities/place-listing/diane-deans-greenboro-community-centre,https://reservation.frontdesksuite.ca/rcfs/greenborocommunitycentre/Home/Index?Culture=en&PageId=812f3ece-94c0-437a-959a-90bc47da6072,South,Group Fitness,50+,AM,FALSE
3,Wednesday,10:45 - 11:45,Diane Deans Greenboro Community Centre,363 Lorry Greenberg Drive,Zumba® Gold,Other,Other,Yes,https://ottawa.ca/en/recreation-and-parks/facilities/place-listing/diane-deans-greenboro-community-centre,https://reservation.frontdesksuite.ca/rcfs/greenborocommunitycentre/Home/Index?Culture=en&PageId=812f3ece-94c0-437a-959a-90bc47da6072,South,Group Fitness,50+,AM,FALSE
5,Friday,10:45 - 11:45,Diane Deans Greenboro Community Centre,363 Lorry Greenberg Drive,Zumba® Toning,Other,Other,Yes,https://ottawa.ca/en/recreation-and-parks/facilities/place-listing/diane-deans-greenboro-community-centre,https://reservation.frontdesksuite.ca/rcfs/greenborocommunitycentre/Home/Index?Culture=en&PageId=812f3ece-94c0-437a-959a-90bc47da6072,South,Group Fitness,Adult,AM,FALSE
1,Monday,12:30 - 13:30,Diane Deans Greenboro Community Centre,363 Lorry Greenberg Drive,Badminton - All Levels,Other,Other,Yes,https://ottawa.ca/en/recreation-and-parks/facilities/place-listing/diane-deans-greenboro-community-centre,https://reservation.frontdesksuite.ca/rcfs/greenborocommunitycentre/Home/Index?Culture=en&PageId=812f3ece-94c0-437a-959a-90bc47da6072,South,Racquet Sport,Adult,PM,FALSE
3,Wednesday,18:00 - 19:00,Diane Deans Greenboro Community Centre,363 Lorry Greenberg Drive,Badminton - All Levels,Other,Other,Yes,https://ottawa.ca/en/recreation-and-parks/facilities/place-listing/diane-deans-greenboro-community-centre,https://reservation.frontdesksuite.ca/rcfs/greenborocommunitycentre/Home/Index?Culture=en&PageId=812f3ece-94c0-437a-959a-90bc47da6072,South,Racquet Sport,Adult,Evening,FALSE
3,Wednesday,17:00 - 18:00,Diane Deans Greenboro Community Centre,363 Lorry Greenberg Drive,Badminton - Family,Other,Other,Yes,https://ottawa.ca/en/recreation-and-parks/facilities/place-listing/diane-deans-greenboro-community-centre,https://reservation.frontdesksuite.ca/rcfs/greenborocommunitycentre/Home/Index?Culture=en&PageId=812f3ece-94c0-437a-959a-90bc47da6072,South,Racquet Sport,"Preschool, Children, Youth, Adult",Evening,FALSE
2,Tuesday,09:00 - 11:00,Diane Deans Greenboro Community Centre,363 Lorry Greenberg Drive,Kindergym *Reservation not required,Other,Other,No,https://ottawa.ca/en/recreation-and-parks/facilities/place-listing/diane-deans-greenboro-community-centre,#,South,Gym Sport,Preschool,AM,FALSE
4,Thursday,09:00 - 11:00,Diane Deans Greenboro Community Centre,363 Lorry Greenberg Drive,Kindergym *Reservation not required,Other,Other,No,https://ottawa.ca/en/recreation-and-parks/facilities/place-listing/diane-deans-greenboro-community-centre,#,South,Gym Sport,Preschool,AM,FALSE
6,Saturday,09:30 - 11:00,Diane Deans Greenboro Community Centre,363 Lorry Greenberg Drive,Kindergym *Reservation not required,Other,Other,No,https://ottawa.ca/en/recreation-and-parks/facilities/place-listing/diane-deans-greenboro-community-centre,#,South,Gym Sport,Preschool,AM,TRUE
2,Tuesday,14:00 - 15:00,Diane Deans Greenboro Community Centre,363 Lorry Greenberg Drive,Pickleball - All Levels,Other,Other,Yes,https://ottawa.ca/en/recreation-and-parks/facilities/place-listing/diane-deans-greenboro-community-centre,https://reservation.frontdesksuite.ca/rcfs/greenborocommunitycentre/Home/Index?Culture=en&PageId=812f3ece-94c0-437a-959a-90bc47da6072,South,Racquet Sport,Adult,PM,FALSE
3,Wednesday,11:00 - 12:00,Diane Deans Greenboro Community Centre,363 Lorry Greenberg Drive,Pickleball - All Levels,Other,Other,Yes,https://ottawa.ca/en/recreation-and-parks/facilities/place-listing/diane-deans-greenboro-community-centre,https://reservation.frontdesksuite.ca/rcfs/greenborocommunitycentre/Home/Index?Culture=en&PageId=812f3ece-94c0-437a-959a-90bc47da6072,South,Racquet Sport,Adult,AM,FALSE
5,Friday,11:30 - 12:30,Diane Deans Greenboro Community Centre,363 Lorry Greenberg Drive,Pickleball - All Levels,Other,Other,Yes,https://ottawa.ca/en/recreation-and-parks/facilities/place-listing/diane-deans-greenboro-community-centre,https://reservation.frontdesksuite.ca/rcfs/greenborocommunitycentre/Home/Index?Culture=en&PageId=812f3ece-94c0-437a-959a-90bc47da6072,South,Racquet Sport,Adult,"AM, PM",FALSE
5,Friday,12:30 - 13:30,Diane Deans Greenboro Community Centre,363 Lorry Greenberg Drive,Pickleball - All Levels,Other,Other,Yes,https://ottawa.ca/en/recreation-and-parks/facilities/place-listing/diane-deans-greenboro-community-centre,https://reservation.frontdesksuite.ca/rcfs/greenborocommunitycentre/Home/Index?Culture=en&PageId=812f3ece-94c0-437a-959a-90bc47da6072,South,Racquet Sport,Adult,PM,FALSE
7,Sunday,10:30 - 11:30,Diane Deans Greenboro Community Centre,363 Lorry Greenberg Drive,Pickleball - All Levels,Other,Other,Yes,https://ottawa.ca/en/recreation-and-parks/facilities/place-listing/diane-deans-greenboro-community-centre,https://reservation.frontdesksuite.ca/rcfs/greenborocommunitycentre/Home/Index?Culture=en&PageId=812f3ece-94c0-437a-959a-90bc47da6072,South,Racquet Sport,Adult,AM,FALSE
2,Tuesday,13:00 - 14:00,Diane Deans Greenboro Community Centre,363 Lorry Greenberg Drive,Pickleball - Intermediate,Other,Other,Yes,https://ottawa.ca/en/recreation-and-parks/facilities/place-listing/diane-deans-greenboro-community-centre,https://reservation.frontdesksuite.ca/rcfs/greenborocommunitycentre/Home/Index?Culture=en&PageId=812f3ece-94c0-437a-959a-90bc47da6072,South,Racquet Sport,Adult,PM,FALSE
3,Wednesday,10:00 - 11:00,Diane Deans Greenboro Community Centre,363 Lorry Greenberg Drive,Pickleball - Intermediate,Other,Other,Yes,https://ottawa.ca/en/recreation-and-parks/facilities/place-listing/diane-deans-greenboro-community-centre,https://reservation.frontdesksuite.ca/rcfs/greenborocommunitycentre/Home/Index?Culture=en&PageId=812f3ece-94c0-437a-959a-90bc47da6072,South,Racquet Sport,Adult,AM,FALSE
5,Friday,09:30 - 10:30,Diane Deans Greenboro Community Centre,363 Lorry Greenberg Drive,Pickleball - Intermediate,Other,Other,Yes,https://ottawa.ca/en/recreation-and-parks/facilities/place-listing/diane-deans-greenboro-community-centre,https://reservation.frontdesksuite.ca/rcfs/greenborocommunitycentre/Home/Index?Culture=en&PageId=812f3ece-94c0-437a-959a-90bc47da6072,South,Racquet Sport,Adult,AM,FALSE
5,Friday,10:30 - 11:30,Diane Deans Greenboro Community Centre,363 Lorry Greenberg Drive,Pickleball - Intermediate,Other,Other,Yes,https://ottawa.ca/en/recreation-and-parks/facilities/place-listing/diane-deans-greenboro-community-centre,https://reservation.frontdesksuite.ca/rcfs/greenborocommunitycentre/Home/Index?Culture=en&PageId=812f3ece-94c0-437a-959a-90bc47da6072,South,Racquet Sport,Adult,AM,FALSE
4,Thursday,16:00 - 16:50,Earl Armstrong Arena,2020 Ogilvie Road,Stick and Puck - Preschool and Child (3 to 12 years),Other,Other,Yes,https://ottawa.ca/en/recreation-and-parks/facilities/place-listing/earl-armstrong-arena,https://reservation.frontdesksuite.ca/rcfs/earlarmstrongarena/Home/Index?Culture=en&PageId=ce63ec74-429e-439c-98e0-672cc76fef7e&ShouldStartReserveTimeFlow=False&ButtonId=00000000-0000-0000-0000-000000000000,East - Vanier,Skating,Preschool,PM,FALSE
4,Thursday,15:00 - 15:50,Earl Armstrong Arena,2020 Ogilvie Road,Public skating,Other,Other,No,https://ottawa.ca/en/recreation-and-parks/facilities/place-listing/earl-armstrong-arena,#,East - Vanier,Skating,"Preschool, Children, Youth, Adult",PM,FALSE
1,Monday,16:45 - 17:45,Eva James Memorial Community Centre,65 Stonehaven Drive,Badminton - adult (18+ years),Other,Other,Yes,https://ottawa.ca/en/recreation-and-parks/facilities/place-listing/eva-james-memorial-community-centre,https://reservation.frontdesksuite.ca/rcfs/evajamescc/Home/Index?Culture=en&PageId=96907058-93c6-46fd-bead-33729bea33c6,West - Kanata,Racquet Sport,Adult,"PM, Evening",FALSE
2,Tuesday,19:00 - 20:00,Eva James Memorial Community Centre,65 Stonehaven Drive,Badminton - adult (18+ years),Other,Other,Yes,https://ottawa.ca/en/recreation-and-parks/facilities/place-listing/eva-james-memorial-community-centre,https://reservation.frontdesksuite.ca/rcfs/evajamescc/Home/Index?Culture=en&PageId=96907058-93c6-46fd-bead-33729bea33c6,West - Kanata,Racquet Sport,Adult,Evening,FALSE
2,Tuesday,20:00 - 21:00,Eva James Memorial Community Centre,65 Stonehaven Drive,Badminton - adult (18+ years),Other,Other,Yes,https://ottawa.ca/en/recreation-and-parks/facilities/place-listing/eva-james-memorial-community-centre,https://reservation.frontdesksuite.ca/rcfs/evajamescc/Home/Index?Culture=en&PageId=96907058-93c6-46fd-bead-33729bea33c6,West - Kanata,Racquet Sport,Adult,Evening,FALSE
4,Thursday,15:00 - 16:00,Eva James Memorial Community Centre,65 Stonehaven Drive,Badminton - adult (18+ years),Other,Other,Yes,https://ottawa.ca/en/recreation-and-parks/facilities/place-listing/eva-james-memorial-community-centre,https://reservation.frontdesksuite.ca/rcfs/evajamescc/Home/Index?Culture=en&PageId=96907058-93c6-46fd-bead-33729bea33c6,West - Kanata,Racquet Sport,Adult,PM,FALSE
2,Tuesday,18:00 - 19:00,Eva James Memorial Community Centre,65 Stonehaven Drive,Badminton - family (6+ years),Other,Other,Yes,https://ottawa.ca/en/recreation-and-parks/facilities/place-listing/eva-james-memorial-community-centre,https://reservation.frontdesksuite.ca/rcfs/evajamescc/Home/Index?Culture=en&PageId=96907058-93c6-46fd-bead-33729bea33c6,West - Kanata,Racquet Sport,"Preschool, Children, Youth, Adult",Evening,FALSE
4,Thursday,16:00 - 17:00,Eva James Memorial Community Centre,65 Stonehaven Drive,Badminton - family (6+ years),Other,Other,Yes,https://ottawa.ca/en/recreation-and-parks/facilities/place-listing/eva-james-memorial-community-centre,https://reservation.frontdesksuite.ca/rcfs/evajamescc/Home/Index?Culture=en&PageId=96907058-93c6-46fd-bead-33729bea33c6,West - Kanata,Racquet Sport,"Preschool, Children, Youth, Adult",PM,FALSE
4,Thursday,17:15 - 18:15,Eva James Memorial Community Centre,65 Stonehaven Drive,Badminton - youth (13 to 17 years old),Other,Other,Yes,https://ottawa.ca/en/recreation-and-parks/facilities/place-listing/eva-james-memorial-community-centre,https://reservation.frontdesksuite.ca/rcfs/evajamescc/Home/Index?Culture=en&PageId=96907058-93c6-46fd-bead-33729bea33c6,West - Kanata,Racquet Sport,Youth,Evening,FALSE
4,Thursday,17:15 - 18:15,Eva James Memorial Community Centre,65 Stonehaven Drive,Basketball - youth (13 to 17 years old),Other,Other,Yes,https://ottawa.ca/en/recreation-and-parks/facilities/place-listing/eva-james-memorial-community-centre,https://reservation.frontdesksuite.ca/rcfs/evajamescc/Home/Index?Culture=en&PageId=96907058-93c6-46fd-bead-33729bea33c6,West - Kanata,Gym Sport,Youth,Evening,FALSE
2,Tuesday,10:30 - 11:30,Eva James Memorial Community Centre,65 Stonehaven Drive,Kinderplay (1 to 5 years old),Other,Other,Yes,https://ottawa.ca/en/recreation-and-parks/facilities/place-listing/eva-james-memorial-community-centre,https://reservation.frontdesksuite.ca/rcfs/evajamescc/Home/Index?Culture=en&PageId=96907058-93c6-46fd-bead-33729bea33c6,West - Kanata,Gym Sport,Preschool,AM,FALSE
5,Friday,09:30 - 10:30,Eva James Memorial Community Centre,65 Stonehaven Drive,Kinderplay (1 to 5 years old),Other,Other,Yes,https://ottawa.ca/en/recreation-and-parks/facilities/place-listing/eva-james-memorial-community-centre,https://reservation.frontdesksuite.ca/rcfs/evajamescc/Home/Index?Culture=en&PageId=96907058-93c6-46fd-bead-33729bea33c6,West - Kanata,Gym Sport,Preschool,AM,FALSE
4,Thursday,18:20 - 19:20,Eva James Memorial Community Centre,65 Stonehaven Drive,Open gym - child(7 to 12 years old),Other,Other,Yes,https://ottawa.ca/en/recreation-and-parks/facilities/place-listing/eva-james-memorial-community-centre,https://reservation.frontdesksuite.ca/rcfs/evajamescc/Home/Index?Culture=en&PageId=96907058-93c6-46fd-bead-33729bea33c6,West - Kanata,Gym Sport,Children,Evening,FALSE
2,Tuesday,16:45 - 17:45,Eva James Memorial Community Centre,65 Stonehaven Drive,Open gym - youth(13 to 17 years old),Other,Other,Yes,https://ottawa.ca/en/recreation-and-parks/facilities/place-listing/eva-james-memorial-community-centre,https://reservation.frontdesksuite.ca/rcfs/evajamescc/Home/Index?Culture=en&PageId=96907058-93c6-46fd-bead-33729bea33c6,West - Kanata,Gym Sport,Youth,"PM, Evening",FALSE
4,Thursday,18:20 - 19:20,Eva James Memorial Community Centre,65 Stonehaven Drive,Open gym - family (6+ years),Other,Other,Yes,https://ottawa.ca/en/recreation-and-parks/facilities/place-listing/eva-james-memorial-community-centre,https://reservation.frontdesksuite.ca/rcfs/evajamescc/Home/Index?Culture=en&PageId=96907058-93c6-46fd-bead-33729bea33c6,West - Kanata,Gym Sport,"Preschool, Children, Youth, Adult",Evening,FALSE
6,Saturday,10:35 - 11:35,Eva James Memorial Community Centre,65 Stonehaven Drive,Open gym - family (6+ years),Other,Other,Yes,https://ottawa.ca/en/recreation-and-parks/facilities/place-listing/eva-james-memorial-community-centre,https://reservation.frontdesksuite.ca/rcfs/evajamescc/Home/Index?Culture=en&PageId=96907058-93c6-46fd-bead-33729bea33c6,West - Kanata,Gym Sport,"Preschool, Children, Youth, Adult",AM,TRUE
1,Monday,07:30 - 08:25,François Dupuis Recreation Centre,2263 Portobello Boulevard,Lane swim,Lane Swim,Indoors,No,https://ottawa.ca/en/recreation-and-parks/facilities/place-listing/francois-dupuis-recreation-centre,#,East - Orleans,Swimming,Adult,AM,FALSE
1,Monday,11:30 - 13:00,François Dupuis Recreation Centre,2263 Portobello Boulevard,Lane swim,Lane Swim,Indoors,No,https://ottawa.ca/en/recreation-and-parks/facilities/place-listing/francois-dupuis-recreation-centre,#,East - Orleans,Swimming,Adult,"AM, PM",FALSE
1,Monday,20:00 - 21:00,François Dupuis Recreation Centre,2263 Portobello Boulevard,Lane swim,Lane Swim,Indoors,No,https://ottawa.ca/en/recreation-and-parks/facilities/place-listing/francois-dupuis-recreation-centre,#,East - Orleans,Swimming,Adult,Evening,FALSE
2,Tuesday,07:30 - 08:25,François Dupuis Recreation Centre,2263 Portobello Boulevard,Lane swim,Lane Swim,Indoors,No,https://ottawa.ca/en/recreation-and-parks/facilities/place-listing/francois-dupuis-recreation-centre,#,East - Orleans,Swimming,Adult,AM,FALSE
2,Tuesday,11:30 - 13:00,François Dupuis Recreation Centre,2263 Portobello Boulevard,Lane swim,Lane Swim,Indoors,No,https://ottawa.ca/en/recreation-and-parks/facilities/place-listing/francois-dupuis-recreation-centre,#,East - Orleans,Swimming,Adult,"AM, PM",FALSE
2,Tuesday,14:30 - 15:30,François Dupuis Recreation Centre,2263 Portobello Boulevard,Lane swim,Lane Swim,Indoors,No,https://ottawa.ca/en/recreation-and-parks/facilities/place-listing/francois-dupuis-recreation-centre,#,East - Orleans,Swimming,Adult,PM,FALSE
3,Wednesday,07:30 - 08:25,François Dupuis Recreation Centre,2263 Portobello Boulevard,Lane swim,Lane Swim,Indoors,No,https://ottawa.ca/en/recreation-and-parks/facilities/place-listing/francois-dupuis-recreation-centre,#,East - Orleans,Swimming,Adult,AM,FALSE
3,Wednesday,11:30 - 12:30,François Dupuis Recreation Centre,2263 Portobello Boulevard,Lane swim,Lane Swim,Indoors,No,https://ottawa.ca/en/recreation-and-parks/facilities/place-listing/francois-dupuis-recreation-centre,#,East - Orleans,Swimming,Adult,"AM, PM",FALSE
3,Wednesday,14:00 - 15:00,François Dupuis Recreation Centre,2263 Portobello Boulevard,Lane swim,Lane Swim,Indoors,No,https://ottawa.ca/en/recreation-and-parks/facilities/place-listing/francois-dupuis-recreation-centre,#,East - Orleans,Swimming,Adult,PM,FALSE
4,Thursday,07:30 - 08:25,François Dupuis Recreation Centre,2263 Portobello Boulevard,Lane swim,Lane Swim,Indoors,No,https://ottawa.ca/en/recreation-and-parks/facilities/place-listing/francois-dupuis-recreation-centre,#,East - Orleans,Swimming,Adult,AM,FALSE
4,Thursday,11:30 - 13:00,François Dupuis Recreation Centre,2263 Portobello Boulevard,Lane swim,Lane Swim,Indoors,No,https://ottawa.ca/en/recreation-and-parks/facilities/place-listing/francois-dupuis-recreation-centre,#,East - Orleans,Swimming,Adult,"AM, PM",FALSE
4,Thursday,20:00 - 21:00,François Dupuis Recreation Centre,2263 Portobello Boulevard,Lane swim,Lane Swim,Indoors,No,https://ottawa.ca/en/recreation-and-parks/facilities/place-listing/francois-dupuis-recreation-centre,#,East - Orleans,Swimming,Adult,Evening,FALSE
5,Friday,07:30 - 08:25,François Dupuis Recreation Centre,2263 Portobello Boulevard,Lane swim,Lane Swim,Indoors,No,https://ottawa.ca/en/recreation-and-parks/facilities/place-listing/francois-dupuis-recreation-centre,#,East - Orleans,Swimming,Adult,AM,FALSE
5,Friday,11:30 - 13:00,François Dupuis Recreation Centre,2263 Portobello Boulevard,Lane swim,Lane Swim,Indoors,No,https://ottawa.ca/en/recreation-and-parks/facilities/place-listing/francois-dupuis-recreation-centre,#,East - Orleans,Swimming,Adult,"AM, PM",FALSE
5,Friday,14:30 - 15:30,François Dupuis Recreation Centre,2263 Portobello Boulevard,Lane swim,Lane Swim,Indoors,No,https://ottawa.ca/en/recreation-and-parks/facilities/place-listing/francois-dupuis-recreation-centre,#,East - Orleans,Swimming,Adult,PM,FALSE
6,Saturday,12:00 - 13:00,François Dupuis Recreation Centre,2263 Portobello Boulevard,Lane swim,Lane Swim,Indoors,No,https://ottawa.ca/en/recreation-and-parks/facilities/place-listing/francois-dupuis-recreation-centre,#,East - Orleans,Swimming,Adult,PM,TRUE
7,Sunday,12:00 - 13:00,François Dupuis Recreation Centre,2263 Portobello Boulevard,Lane swim,Lane Swim,Indoors,No,https://ottawa.ca/en/recreation-and-parks/facilities/place-listing/francois-dupuis-recreation-centre,#,East - Orleans,Swimming,Adult,PM,FALSE
1,Monday,08:25 - 11:30,François Dupuis Recreation Centre,2263 Portobello Boulevard,Lane swim - shared pool,Lane Swim,Indoors,No,https://ottawa.ca/en/recreation-and-parks/facilities/place-listing/francois-dupuis-recreation-centre,#,East - Orleans,Swimming,Adult,AM,FALSE
1,Monday,13:00 - 15:30,François Dupuis Recreation Centre,2263 Portobello Boulevard,Lane swim - shared pool,Lane Swim,Indoors,No,https://ottawa.ca/en/recreation-and-parks/facilities/place-listing/francois-dupuis-recreation-centre,#,East - Orleans,Swimming,Adult,PM,FALSE
2,Tuesday,08:25 - 11:30,François Dupuis Recreation Centre,2263 Portobello Boulevard,Lane swim - shared pool,Lane Swim,Indoors,No,https://ottawa.ca/en/recreation-and-parks/facilities/place-listing/francois-dupuis-recreation-centre,#,East - Orleans,Swimming,Adult,AM,FALSE
2,Tuesday,13:00 - 14:30,François Dupuis Recreation Centre,2263 Portobello Boulevard,Lane swim - shared pool,Lane Swim,Indoors,No,https://ottawa.ca/en/recreation-and-parks/facilities/place-listing/francois-dupuis-recreation-centre,#,East - Orleans,Swimming,Adult,PM,FALSE
2,Tuesday,20:00 - 21:00,François Dupuis Recreation Centre,2263 Portobello Boulevard,Lane swim - shared pool,Lane Swim,Indoors,No,https://ottawa.ca/en/recreation-and-parks/facilities/place-listing/francois-dupuis-recreation-centre,#,East - Orleans,Swimming,Adult,Evening,FALSE
3,Wednesday,08:25 - 11:30,François Dupuis Recreation Centre,2263 Portobello Boulevard,Lane swim - shared pool,Lane Swim,Indoors,No,https://ottawa.ca/en/recreation-and-parks/facilities/place-listing/francois-dupuis-recreation-centre,#,East - Orleans,Swimming,Adult,AM,FALSE
3,Wednesday,12:30 - 14:00,François Dupuis Recreation Centre,2263 Portobello Boulevard,Lane swim - shared pool,Lane Swim,Indoors,No,https://ottawa.ca/en/recreation-and-parks/facilities/place-listing/francois-dupuis-recreation-centre,#,East - Orleans,Swimming,Adult,PM,FALSE
3,Wednesday,20:00 - 21:00,François Dupuis Recreation Centre,2263 Portobello Boulevard,Lane swim - shared pool,Lane Swim,Indoors,No,https://ottawa.ca/en/recreation-and-parks/facilities/place-listing/francois-dupuis-recreation-centre,#,East - Orleans,Swimming,Adult,Evening,FALSE
4,Thursday,08:25 - 10:30,François Dupuis Recreation Centre,2263 Portobello Boulevard,Lane swim - shared pool,Lane Swim,Indoors,No,https://ottawa.ca/en/recreation-and-parks/facilities/place-listing/francois-dupuis-recreation-centre,#,East - Orleans,Swimming,Adult,AM,FALSE
4,Thursday,13:00 - 14:30,François Dupuis Recreation Centre,2263 Portobello Boulevard,Lane swim - shared pool,Lane Swim,Indoors,No,https://ottawa.ca/en/recreation-and-parks/facilities/place-listing/francois-dupuis-recreation-centre,#,East - Orleans,Swimming,Adult,PM,FALSE
5,Friday,08:25 - 11:30,François Dupuis Recreation Centre,2263 Portobello Boulevard,Lane swim - shared pool,Lane Swim,Indoors,No,https://ottawa.ca/en/recreation-and-parks/facilities/place-listing/francois-dupuis-recreation-centre,#,East - Orleans,Swimming,Adult,AM,FALSE
5,Friday,13:00 - 14:30,François Dupuis Recreation Centre,2263 Portobello Boulevard,Lane swim - shared pool,Lane Swim,Indoors,No,https://ottawa.ca/en/recreation-and-parks/facilities/place-listing/francois-dupuis-recreation-centre,#,East - Orleans,Swimming,Adult,PM,FALSE
5,Friday,19:00 - 21:00,François Dupuis Recreation Centre,2263 Portobello Boulevard,Lane swim - shared pool,Lane Swim,Indoors,No,https://ottawa.ca/en/recreation-and-parks/facilities/place-listing/francois-dupuis-recreation-centre,#,East - Orleans,Swimming,Adult,Evening,FALSE
6,Saturday,10:30 - 12:00,François Dupuis Recreation Centre,2263 Portobello Boulevard,Lane swim - shared pool,Lane Swim,Indoors,No,https://ottawa.ca/en/recreation-and-parks/facilities/place-listing/francois-dupuis-recreation-centre,#,East - Orleans,Swimming,Adult,AM,TRUE
6,Saturday,15:00 - 16:00,François Dupuis Recreation Centre,2263 Portobello Boulevard,Lane swim - shared pool,Lane Swim,Indoors,No,https://ottawa.ca/en/recreation-and-parks/facilities/place-listing/francois-dupuis-recreation-centre,#,East - Orleans,Swimming,Adult,PM,TRUE
7,Sunday,10:30 - 12:00,François Dupuis Recreation Centre,2263 Portobello Boulevard,Lane swim - shared pool,Lane Swim,Indoors,No,https://ottawa.ca/en/recreation-and-parks/facilities/place-listing/francois-dupuis-recreation-centre,#,East - Orleans,Swimming,Adult,AM,FALSE
7,Sunday,15:00 - 16:00,François Dupuis Recreation Centre,2263 Portobello Boulevard,Lane swim - shared pool,Lane Swim,Indoors,No,https://ottawa.ca/en/recreation-and-parks/facilities/place-listing/francois-dupuis-recreation-centre,#,East - Orleans,Swimming,Adult,PM,FALSE
1,Monday,09:30 - 10:30,François Dupuis Recreation Centre,2263 Portobello Boulevard,Preschool swim - therapeutic pool,Other,Indoors,No,https://ottawa.ca/en/recreation-and-parks/facilities/place-listing/francois-dupuis-recreation-centre,#,East - Orleans,Swimming,Preschool,AM,FALSE
2,Tuesday,09:30 - 10:30,François Dupuis Recreation Centre,2263 Portobello Boulevard,Preschool swim - therapeutic pool,Other,Indoors,No,https://ottawa.ca/en/recreation-and-parks/facilities/place-listing/francois-dupuis-recreation-centre,#,East - Orleans,Swimming,Preschool,AM,FALSE
3,Wednesday,09:30 - 10:30,François Dupuis Recreation Centre,2263 Portobello Boulevard,Preschool swim - therapeutic pool,Other,Indoors,No,https://ottawa.ca/en/recreation-and-parks/facilities/place-listing/francois-dupuis-recreation-centre,#,East - Orleans,Swimming,Preschool,AM,FALSE
4,Thursday,09:30 - 10:30,François Dupuis Recreation Centre,2263 Portobello Boulevard,Preschool swim - therapeutic pool,Other,Indoors,No,https://ottawa.ca/en/recreation-and-parks/facilities/place-listing/francois-dupuis-recreation-centre,#,East - Orleans,Swimming,Preschool,AM,FALSE
5,Friday,09:30 - 10:30,François Dupuis Recreation Centre,2263 Portobello Boulevard,Preschool swim - therapeutic pool,Other,Indoors,No,https://ottawa.ca/en/recreation-and-parks/facilities/place-listing/francois-dupuis-recreation-centre,#,East - Orleans,Swimming,Preschool,AM,FALSE
6,Saturday,08:00 - 09:00,François Dupuis Recreation Centre,2263 Portobello Boulevard,Preschool swim - therapeutic pool,Other,Indoors,No,https://ottawa.ca/en/recreation-and-parks/facilities/place-listing/francois-dupuis-recreation-centre,#,East - Orleans,Swimming,Preschool,AM,TRUE
7,Sunday,08:00 - 09:00,François Dupuis Recreation Centre,2263 Portobello Boulevard,Preschool swim - therapeutic pool,Other,Indoors,No,https://ottawa.ca/en/recreation-and-parks/facilities/place-listing/francois-dupuis-recreation-centre,#,East - Orleans,Swimming,Preschool,AM,FALSE
1,Monday,11:30 - 14:30,François Dupuis Recreation Centre,2263 Portobello Boulevard,Public swim - therapeutic pool,Public Swim,Indoors,No,https://ottawa.ca/en/recreation-and-parks/facilities/place-listing/francois-dupuis-recreation-centre,#,East - Orleans,Swimming,"Preschool, Children, Youth, Adult","AM, PM",FALSE
2,Tuesday,11:30 - 14:30,François Dupuis Recreation Centre,2263 Portobello Boulevard,Public swim - therapeutic pool,Public Swim,Indoors,No,https://ottawa.ca/en/recreation-and-parks/facilities/place-listing/francois-dupuis-recreation-centre,#,East - Orleans,Swimming,"Preschool, Children, Youth, Adult","AM, PM",FALSE
2,Tuesday,20:00 - 21:00,François Dupuis Recreation Centre,2263 Portobello Boulevard,Public swim - therapeutic pool,Public Swim,Indoors,No,https://ottawa.ca/en/recreation-and-parks/facilities/place-listing/francois-dupuis-recreation-centre,#,East - Orleans,Swimming,"Preschool, Children, Youth, Adult",Evening,FALSE
3,Wednesday,12:30 - 14:00,François Dupuis Recreation Centre,2263 Portobello Boulevard,Public swim - therapeutic pool,Public Swim,Indoors,No,https://ottawa.ca/en/recreation-and-parks/facilities/place-listing/francois-dupuis-recreation-centre,#,East - Orleans,Swimming,"Preschool, Children, Youth, Adult",PM,FALSE
4,Thursday,11:30 - 14:30,François Dupuis Recreation Centre,2263 Portobello Boulevard,Public swim - therapeutic pool,Public Swim,Indoors,No,https://ottawa.ca/en/recreation-and-parks/facilities/place-listing/francois-dupuis-recreation-centre,#,East - Orleans,Swimming,"Preschool, Children, Youth, Adult","AM, PM",FALSE
4,Thursday,20:00 - 21:00,François Dupuis Recreation Centre,2263 Portobello Boulevard,Public swim - therapeutic pool,Public Swim,Indoors,No,https://ottawa.ca/en/recreation-and-parks/facilities/place-listing/francois-dupuis-recreation-centre,#,East - Orleans,Swimming,"Preschool, Children, Youth, Adult",Evening,FALSE
5,Friday,11:30 - 14:30,François Dupuis Recreation Centre,2263 Portobello Boulevard,Public swim - therapeutic pool,Public Swim,Indoors,No,https://ottawa.ca/en/recreation-and-parks/facilities/place-listing/francois-dupuis-recreation-centre,#,East - Orleans,Swimming,"Preschool, Children, Youth, Adult","AM, PM",FALSE
5,Friday,19:00 - 21:00,François Dupuis Recreation Centre,2263 Portobello Boulevard,Public swim - therapeutic pool,Public Swim,Indoors,No,https://ottawa.ca/en/recreation-and-parks/facilities/place-listing/francois-dupuis-recreation-centre,#,East - Orleans,Swimming,"Preschool, Children, Youth, Adult",Evening,FALSE
6,Saturday,12:00 - 15:00,François Dupuis Recreation Centre,2263 Portobello Boulevard,Public swim - therapeutic pool,Public Swim,Indoors,No,https://ottawa.ca/en/recreation-and-parks/facilities/place-listing/francois-dupuis-recreation-centre,#,East - Orleans,Swimming,"Preschool, Children, Youth, Adult",PM,TRUE
7,Sunday,12:00 - 15:00,François Dupuis Recreation Centre,2263 Portobello Boulevard,Public swim - therapeutic pool,Public Swim,Indoors,No,https://ottawa.ca/en/recreation-and-parks/facilities/place-listing/francois-dupuis-recreation-centre,#,East - Orleans,Swimming,"Preschool, Children, Youth, Adult",PM,FALSE
1,Monday,13:00 - 14:30,François Dupuis Recreation Centre,2263 Portobello Boulevard,Public swim - 25m pool,Public Swim,Indoors,No,https://ottawa.ca/en/recreation-and-parks/facilities/place-listing/francois-dupuis-recreation-centre,#,East - Orleans,Swimming,"Preschool, Children, Youth, Adult",PM,FALSE
2,Tuesday,13:00 - 14:30,François Dupuis Recreation Centre,2263 Portobello Boulevard,Public swim - 25m pool,Public Swim,Indoors,No,https://ottawa.ca/en/recreation-and-parks/facilities/place-listing/francois-dupuis-recreation-centre,#,East - Orleans,Swimming,"Preschool, Children, Youth, Adult",PM,FALSE
3,Wednesday,12:30 - 14:00,François Dupuis Recreation Centre,2263 Portobello Boulevard,Public swim - 25m pool,Public Swim,Indoors,No,https://ottawa.ca/en/recreation-and-parks/facilities/place-listing/francois-dupuis-recreation-centre,#,East - Orleans,Swimming,"Preschool, Children, Youth, Adult",PM,FALSE
4,Thursday,13:00 - 14:30,François Dupuis Recreation Centre,2263 Portobello Boulevard,Public swim - 25m pool,Public Swim,Indoors,No,https://ottawa.ca/en/recreation-and-parks/facilities/place-listing/francois-dupuis-recreation-centre,#,East - Orleans,Swimming,"Preschool, Children, Youth, Adult",PM,FALSE
5,Friday,13:00 - 14:30,François Dupuis Recreation Centre,2263 Portobello Boulevard,Public swim - 25m pool,Public Swim,Indoors,No,https://ottawa.ca/en/recreation-and-parks/facilities/place-listing/francois-dupuis-recreation-centre,#,East - Orleans,Swimming,"Preschool, Children, Youth, Adult",PM,FALSE
5,Friday,19:00 - 21:00,François Dupuis Recreation Centre,2263 Portobello Boulevard,Public swim - 25m pool,Public Swim,Indoors,No,https://ottawa.ca/en/recreation-and-parks/facilities/place-listing/francois-dupuis-recreation-centre,#,East - Orleans,Swimming,"Preschool, Children, Youth, Adult",Evening,FALSE
6,Saturday,13:00 - 15:00,François Dupuis Recreation Centre,2263 Portobello Boulevard,Public swim - 25m pool,Public Swim,Indoors,No,https://ottawa.ca/en/recreation-and-parks/facilities/place-listing/francois-dupuis-recreation-centre,#,East - Orleans,Swimming,"Preschool, Children, Youth, Adult",PM,TRUE
7,Sunday,13:00 - 15:00,François Dupuis Recreation Centre,2263 Portobello Boulevard,Public swim - 25m pool,Public Swim,Indoors,No,https://ottawa.ca/en/recreation-and-parks/facilities/place-listing/francois-dupuis-recreation-centre,#,East - Orleans,Swimming,"Preschool, Children, Youth, Adult",PM,FALSE
1,Monday,08:30 - 09:25,François Dupuis Recreation Centre,2263 Portobello Boulevard,Aquafit General - Deep,Aquafit,Indoors,No,https://ottawa.ca/en/recreation-and-parks/facilities/place-listing/francois-dupuis-recreation-centre,#,East - Orleans,Swimming,Adult,AM,FALSE
1,Monday,09:30 - 10:25,François Dupuis Recreation Centre,2263 Portobello Boulevard,Aquafit General - Deep,Aquafit,Indoors,No,https://ottawa.ca/en/recreation-and-parks/facilities/place-listing/francois-dupuis-recreation-centre,#,East - Orleans,Swimming,Adult,AM,FALSE
2,Tuesday,08:30 - 09:25,François Dupuis Recreation Centre,2263 Portobello Boulevard,Aquafit General - Deep,Aquafit,Indoors,No,https://ottawa.ca/en/recreation-and-parks/facilities/place-listing/francois-dupuis-recreation-centre,#,East - Orleans,Swimming,Adult,AM,FALSE
2,Tuesday,09:30 - 10:25,François Dupuis Recreation Centre,2263 Portobello Boulevard,Aquafit General - Deep,Aquafit,Indoors,No,https://ottawa.ca/en/recreation-and-parks/facilities/place-listing/francois-dupuis-recreation-centre,#,East - Orleans,Swimming,Adult,AM,FALSE
2,Tuesday,10:30 - 11:25,François Dupuis Recreation Centre,2263 Portobello Boulevard,Aquafit General - Deep,Aquafit,Indoors,No,https://ottawa.ca/en/recreation-and-parks/facilities/place-listing/francois-dupuis-recreation-centre,#,East - Orleans,Swimming,Adult,AM,FALSE
2,Tuesday,17:30 - 18:25,François Dupuis Recreation Centre,2263 Portobello Boulevard,Aquafit General - Deep,Aquafit,Indoors,No,https://ottawa.ca/en/recreation-and-parks/facilities/place-listing/francois-dupuis-recreation-centre,#,East - Orleans,Swimming,Adult,Evening,FALSE
3,Wednesday,08:30 - 09:25,François Dupuis Recreation Centre,2263 Portobello Boulevard,Aquafit General - Deep,Aquafit,Indoors,No,https://ottawa.ca/en/recreation-and-parks/facilities/place-listing/francois-dupuis-recreation-centre,#,East - Orleans,Swimming,Adult,AM,FALSE
3,Wednesday,09:30 - 10:25,François Dupuis Recreation Centre,2263 Portobello Boulevard,Aquafit General - Deep,Aquafit,Indoors,No,https://ottawa.ca/en/recreation-and-parks/facilities/place-listing/francois-dupuis-recreation-centre,#,East - Orleans,Swimming,Adult,AM,FALSE
4,Thursday,08:30 - 09:25,François Dupuis Recreation Centre,2263 Portobello Boulevard,Aquafit General - Deep,Aquafit,Indoors,No,https://ottawa.ca/en/recreation-and-parks/facilities/place-listing/francois-dupuis-recreation-centre,#,East - Orleans,Swimming,Adult,AM,FALSE
4,Thursday,09:30 - 10:25,François Dupuis Recreation Centre,2263 Portobello Boulevard,Aquafit General - Deep,Aquafit,Indoors,No,https://ottawa.ca/en/recreation-and-parks/facilities/place-listing/francois-dupuis-recreation-centre,#,East - Orleans,Swimming,Adult,AM,FALSE
4,Thursday,10:30 - 11:25,François Dupuis Recreation Centre,2263 Portobello Boulevard,Aquafit General - Deep,Aquafit,Indoors,No,https://ottawa.ca/en/recreation-and-parks/facilities/place-listing/francois-dupuis-recreation-centre,#,East - Orleans,Swimming,Adult,AM,FALSE
4,Thursday,17:30 - 18:25,François Dupuis Recreation Centre,2263 Portobello Boulevard,Aquafit General - Deep,Aquafit,Indoors,No,https://ottawa.ca/en/recreation-and-parks/facilities/place-listing/francois-dupuis-recreation-centre,#,East - Orleans,Swimming,Adult,Evening,FALSE
5,Friday,08:30 - 09:25,François Dupuis Recreation Centre,2263 Portobello Boulevard,Aquafit General - Deep,Aquafit,Indoors,No,https://ottawa.ca/en/recreation-and-parks/facilities/place-listing/francois-dupuis-recreation-centre,#,East - Orleans,Swimming,Adult,AM,FALSE
5,Friday,09:30 - 10:25,François Dupuis Recreation Centre,2263 Portobello Boulevard,Aquafit General - Deep,Aquafit,Indoors,No,https://ottawa.ca/en/recreation-and-parks/facilities/place-listing/francois-dupuis-recreation-centre,#,East - Orleans,Swimming,Adult,AM,FALSE
7,Sunday,09:30 - 10:25,François Dupuis Recreation Centre,2263 Portobello Boulevard,Aquafit General - Deep,Aquafit,Indoors,No,https://ottawa.ca/en/recreation-and-parks/facilities/place-listing/francois-dupuis-recreation-centre,#,East - Orleans,Swimming,Adult,AM,FALSE
1,Monday,08:30 - 09:25,François Dupuis Recreation Centre,2263 Portobello Boulevard,Aquafit General - Shallow,Aquafit,Indoors,No,https://ottawa.ca/en/recreation-and-parks/facilities/place-listing/francois-dupuis-recreation-centre,#,East - Orleans,Swimming,Adult,AM,FALSE
1,Monday,09:30 - 10:25,François Dupuis Recreation Centre,2263 Portobello Boulevard,Aquafit General - Shallow,Aquafit,Indoors,No,https://ottawa.ca/en/recreation-and-parks/facilities/place-listing/francois-dupuis-recreation-centre,#,East - Orleans,Swimming,Adult,AM,FALSE
2,Tuesday,08:30 - 09:25,François Dupuis Recreation Centre,2263 Portobello Boulevard,Aquafit General - Shallow,Aquafit,Indoors,No,https://ottawa.ca/en/recreation-and-parks/facilities/place-listing/francois-dupuis-recreation-centre,#,East - Orleans,Swimming,Adult,AM,FALSE
2,Tuesday,09:30 - 10:25,François Dupuis Recreation Centre,2263 Portobello Boulevard,Aquafit General - Shallow,Aquafit,Indoors,No,https://ottawa.ca/en/recreation-and-parks/facilities/place-listing/francois-dupuis-recreation-centre,#,East - Orleans,Swimming,Adult,AM,FALSE
2,Tuesday,10:30 - 11:25,François Dupuis Recreation Centre,2263 Portobello Boulevard,Aquafit General - Shallow,Aquafit,Indoors,No,https://ottawa.ca/en/recreation-and-parks/facilities/place-listing/francois-dupuis-recreation-centre,#,East - Orleans,Swimming,Adult,AM,FALSE
2,Tuesday,17:30 - 18:25,François Dupuis Recreation Centre,2263 Portobello Boulevard,Aquafit General - Shallow,Aquafit,Indoors,No,https://ottawa.ca/en/recreation-and-parks/facilities/place-listing/francois-dupuis-recreation-centre,#,East - Orleans,Swimming,Adult,Evening,FALSE
3,Wednesday,08:30 - 09:25,François Dupuis Recreation Centre,2263 Portobello Boulevard,Aquafit General - Shallow,Aquafit,Indoors,No,https://ottawa.ca/en/recreation-and-parks/facilities/place-listing/francois-dupuis-recreation-centre,#,East - Orleans,Swimming,Adult,AM,FALSE
3,Wednesday,09:30 - 10:25,François Dupuis Recreation Centre,2263 Portobello Boulevard,Aquafit General - Shallow,Aquafit,Indoors,No,https://ottawa.ca/en/recreation-and-parks/facilities/place-listing/francois-dupuis-recreation-centre,#,East - Orleans,Swimming,Adult,AM,FALSE
4,Thursday,08:30 - 09:25,François Dupuis Recreation Centre,2263 Portobello Boulevard,Aquafit General - Shallow,Aquafit,Indoors,No,https://ottawa.ca/en/recreation-and-parks/facilities/place-listing/francois-dupuis-recreation-centre,#,East - Orleans,Swimming,Adult,AM,FALSE
4,Thursday,09:30 - 10:25,François Dupuis Recreation Centre,2263 Portobello Boulevard,Aquafit General - Shallow,Aquafit,Indoors,No,https://ottawa.ca/en/recreation-and-parks/facilities/place-listing/francois-dupuis-recreation-centre,#,East - Orleans,Swimming,Adult,AM,FALSE
4,Thursday,10:30 - 11:25,François Dupuis Recreation Centre,2263 Portobello Boulevard,Aquafit General - Shallow,Aquafit,Indoors,No,https://ottawa.ca/en/recreation-and-parks/facilities/place-listing/francois-dupuis-recreation-centre,#,East - Orleans,Swimming,Adult,AM,FALSE
4,Thursday,17:30 - 18:25,François Dupuis Recreation Centre,2263 Portobello Boulevard,Aquafit General - Shallow,Aquafit,Indoors,No,https://ottawa.ca/en/recreation-and-parks/facilities/place-listing/francois-dupuis-recreation-centre,#,East - Orleans,Swimming,Adult,Evening,FALSE
5,Friday,08:30 - 09:25,François Dupuis Recreation Centre,2263 Portobello Boulevard,Aquafit General - Shallow,Aquafit,Indoors,No,https://ottawa.ca/en/recreation-and-parks/facilities/place-listing/francois-dupuis-recreation-centre,#,East - Orleans,Swimming,Adult,AM,FALSE
5,Friday,09:30 - 10:25,François Dupuis Recreation Centre,2263 Portobello Boulevard,Aquafit General - Shallow,Aquafit,Indoors,No,https://ottawa.ca/en/recreation-and-parks/facilities/place-listing/francois-dupuis-recreation-centre,#,East - Orleans,Swimming,Adult,AM,FALSE
7,Sunday,09:30 - 10:25,François Dupuis Recreation Centre,2263 Portobello Boulevard,Aquafit General - Shallow,Aquafit,Indoors,No,https://ottawa.ca/en/recreation-and-parks/facilities/place-listing/francois-dupuis-recreation-centre,#,East - Orleans,Swimming,Adult,AM,FALSE
1,Monday,14:30 - 15:25,François Dupuis Recreation Centre,2263 Portobello Boulevard,Aquafit Lite - warm pool,Aquafit,Indoors,No,https://ottawa.ca/en/recreation-and-parks/facilities/place-listing/francois-dupuis-recreation-centre,#,East - Orleans,Swimming,Adult,PM,FALSE
2,Tuesday,14:30 - 15:25,François Dupuis Recreation Centre,2263 Portobello Boulevard,Aquafit Lite - warm pool,Aquafit,Indoors,No,https://ottawa.ca/en/recreation-and-parks/facilities/place-listing/francois-dupuis-recreation-centre,#,East - Orleans,Swimming,Adult,PM,FALSE
5,Friday,14:30 - 15:25,François Dupuis Recreation Centre,2263 Portobello Boulevard,Aquafit Lite - warm pool,Aquafit,Indoors,No,https://ottawa.ca/en/recreation-and-parks/facilities/place-listing/francois-dupuis-recreation-centre,#,East - Orleans,Swimming,Adult,PM,FALSE
1,Monday,07:30 - 15:30,François Dupuis Recreation Centre,2263 Portobello Boulevard,Sauna,Other,Indoors,No,https://ottawa.ca/en/recreation-and-parks/facilities/place-listing/francois-dupuis-recreation-centre,#,East - Orleans,Swimming,Adult,"AM, PM",FALSE
1,Monday,20:00 - 21:00,François Dupuis Recreation Centre,2263 Portobello Boulevard,Sauna,Other,Indoors,No,https://ottawa.ca/en/recreation-and-parks/facilities/place-listing/francois-dupuis-recreation-centre,#,East - Orleans,Swimming,Adult,Evening,FALSE
2,Tuesday,07:30 - 15:30,François Dupuis Recreation Centre,2263 Portobello Boulevard,Sauna,Other,Indoors,No,https://ottawa.ca/en/recreation-and-parks/facilities/place-listing/francois-dupuis-recreation-centre,#,East - Orleans,Swimming,Adult,"AM, PM",FALSE
2,Tuesday,20:00 - 21:00,François Dupuis Recreation Centre,2263 Portobello Boulevard,Sauna,Other,Indoors,No,https://ottawa.ca/en/recreation-and-parks/facilities/place-listing/francois-dupuis-recreation-centre,#,East - Orleans,Swimming,Adult,Evening,FALSE
3,Wednesday,07:30 - 15:00,François Dupuis Recreation Centre,2263 Portobello Boulevard,Sauna,Other,Indoors,No,https://ottawa.ca/en/recreation-and-parks/facilities/place-listing/francois-dupuis-recreation-centre,#,East - Orleans,Swimming,Adult,"AM, PM",FALSE
3,Wednesday,20:00 - 21:00,François Dupuis Recreation Centre,2263 Portobello Boulevard,Sauna,Other,Indoors,No,https://ottawa.ca/en/recreation-and-parks/facilities/place-listing/francois-dupuis-recreation-centre,#,East - Orleans,Swimming,Adult,Evening,FALSE
4,Thursday,07:30 - 14:30,François Dupuis Recreation Centre,2263 Portobello Boulevard,Sauna,Other,Indoors,No,https://ottawa.ca/en/recreation-and-parks/facilities/place-listing/francois-dupuis-recreation-centre,#,East - Orleans,Swimming,Adult,"AM, PM",FALSE
4,Thursday,20:00 - 21:00,François Dupuis Recreation Centre,2263 Portobello Boulevard,Sauna,Other,Indoors,No,https://ottawa.ca/en/recreation-and-parks/facilities/place-listing/francois-dupuis-recreation-centre,#,East - Orleans,Swimming,Adult,Evening,FALSE
5,Friday,07:30 - 15:30,François Dupuis Recreation Centre,2263 Portobello Boulevard,Sauna,Other,Indoors,No,https://ottawa.ca/en/recreation-and-parks/facilities/place-listing/francois-dupuis-recreation-centre,#,East - Orleans,Swimming,Adult,"AM, PM",FALSE
5,Friday,19:00 - 21:00,François Dupuis Recreation Centre,2263 Portobello Boulevard,Sauna,Other,Indoors,No,https://ottawa.ca/en/recreation-and-parks/facilities/place-listing/francois-dupuis-recreation-centre,#,East - Orleans,Swimming,Adult,Evening,FALSE
6,Saturday,10:30 - 16:00,François Dupuis Recreation Centre,2263 Portobello Boulevard,Sauna,Other,Indoors,No,https://ottawa.ca/en/recreation-and-parks/facilities/place-listing/francois-dupuis-recreation-centre,#,East - Orleans,Swimming,Adult,"AM, PM",FALSE
7,Sunday,09:30 - 16:00,François Dupuis Recreation Centre,2263 Portobello Boulevard,Sauna,Other,Indoors,No,https://ottawa.ca/en/recreation-and-parks/facilities/place-listing/francois-dupuis-recreation-centre,#,East - Orleans,Swimming,Adult,"AM, PM",FALSE
1,Monday,07:15 - 21:15,François Dupuis Recreation Centre,2263 Portobello Boulevard,Weight and cardio room,Other,Indoors,No,https://ottawa.ca/en/recreation-and-parks/facilities/place-listing/francois-dupuis-recreation-centre,#,East - Orleans,Fitness,Adult,"AM, PM, Evening",FALSE
2,Tuesday,07:15 - 21:15,François Dupuis Recreation Centre,2263 Portobello Boulevard,Weight and cardio room,Other,Indoors,No,https://ottawa.ca/en/recreation-and-parks/facilities/place-listing/francois-dupuis-recreation-centre,#,East - Orleans,Fitness,Adult,"AM, PM, Evening",FALSE
3,Wednesday,07:15 - 21:15,François Dupuis Recreation Centre,2263 Portobello Boulevard,Weight and cardio room,Other,Indoors,No,https://ottawa.ca/en/recreation-and-parks/facilities/place-listing/francois-dupuis-recreation-centre,#,East - Orleans,Fitness,Adult,"AM, PM, Evening",FALSE
4,Thursday,07:15 - 21:15,François Dupuis Recreation Centre,2263 Portobello Boulevard,Weight and cardio room,Other,Indoors,No,https://ottawa.ca/en/recreation-and-parks/facilities/place-listing/francois-dupuis-recreation-centre,#,East - Orleans,Fitness,Adult,"AM, PM, Evening",FALSE
5,Friday,07:15 - 21:15,François Dupuis Recreation Centre,2263 Portobello Boulevard,Weight and cardio room,Other,Indoors,No,https://ottawa.ca/en/recreation-and-parks/facilities/place-listing/francois-dupuis-recreation-centre,#,East - Orleans,Fitness,Adult,"AM, PM, Evening",FALSE
6,Saturday,08:00 - 17:30,François Dupuis Recreation Centre,2263 Portobello Boulevard,Weight and cardio room,Other,Indoors,No,https://ottawa.ca/en/recreation-and-parks/facilities/place-listing/francois-dupuis-recreation-centre,#,East - Orleans,Fitness,Adult,"AM, PM, Evening",FALSE
7,Sunday,08:00 - 17:30,François Dupuis Recreation Centre,2263 Portobello Boulevard,Weight and cardio room,Other,Indoors,No,https://ottawa.ca/en/recreation-and-parks/facilities/place-listing/francois-dupuis-recreation-centre,#,East - Orleans,Fitness,Adult,"AM, PM, Evening",FALSE
4,Thursday,10:45 - 11:45,François Dupuis Recreation Centre,2263 Portobello Boulevard,Cardio and strength 50+,Other,Indoors,No,https://ottawa.ca/en/recreation-and-parks/facilities/place-listing/francois-dupuis-recreation-centre,#,East - Orleans,Group Fitness,50+,AM,FALSE
2,Tuesday,19:45 - 20:45,François Dupuis Recreation Centre,2263 Portobello Boulevard,Core conditioning,Other,Indoors,No,https://ottawa.ca/en/recreation-and-parks/facilities/place-listing/francois-dupuis-recreation-centre,#,East - Orleans,Group Fitness,Adult,Evening,FALSE
1,Monday,18:30 - 19:30,François Dupuis Recreation Centre,2263 Portobello Boulevard,HIIT,Other,Indoors,No,https://ottawa.ca/en/recreation-and-parks/facilities/place-listing/francois-dupuis-recreation-centre,#,East - Orleans,Group Fitness,Adult,Evening,FALSE
1,Monday,16:00 - 17:00,François Dupuis Recreation Centre,2263 Portobello Boulevard,Pilates,Other,Indoors,No,https://ottawa.ca/en/recreation-and-parks/facilities/place-listing/francois-dupuis-recreation-centre,#,East - Orleans,Group Fitness,Adult,PM,FALSE
3,Wednesday,18:30 - 19:30,François Dupuis Recreation Centre,2263 Portobello Boulevard,Pilates,Other,Indoors,No,https://ottawa.ca/en/recreation-and-parks/facilities/place-listing/francois-dupuis-recreation-centre,#,East - Orleans,Group Fitness,Adult,Evening,FALSE
4,Thursday,17:15 - 18:15,François Dupuis Recreation Centre,2263 Portobello Boulevard,Pilates,Other,Indoors,No,https://ottawa.ca/en/recreation-and-parks/facilities/place-listing/francois-dupuis-recreation-centre,#,East - Orleans,Group Fitness,Adult,Evening,FALSE
5,Friday,18:30 - 19:30,François Dupuis Recreation Centre,2263 Portobello Boulevard,Pilates,Other,Indoors,No,https://ottawa.ca/en/recreation-and-parks/facilities/place-listing/francois-dupuis-recreation-centre,#,East - Orleans,Group Fitness,Adult,Evening,FALSE
7,Sunday,09:30 - 10:30,François Dupuis Recreation Centre,2263 Portobello Boulevard,Pilates,Other,Indoors,No,https://ottawa.ca/en/recreation-and-parks/facilities/place-listing/francois-dupuis-recreation-centre,#,East - Orleans,Group Fitness,Adult,AM,FALSE
1,Monday,13:00 - 14:00,François Dupuis Recreation Centre,2263 Portobello Boulevard,Pilates 50+,Other,Indoors,No,https://ottawa.ca/en/recreation-and-parks/facilities/place-listing/francois-dupuis-recreation-centre,#,East - Orleans,Group Fitness,50+,PM,FALSE
3,Wednesday,11:00 - 12:00,François Dupuis Recreation Centre,2263 Portobello Boulevard,Pilates 50+,Other,Indoors,No,https://ottawa.ca/en/recreation-and-parks/facilities/place-listing/francois-dupuis-recreation-centre,#,East - Orleans,Group Fitness,50+,AM,FALSE
5,Friday,11:45 - 12:45,François Dupuis Recreation Centre,2263 Portobello Boulevard,Stretch and strength 50+,Other,Indoors,No,https://ottawa.ca/en/recreation-and-parks/facilities/place-listing/francois-dupuis-recreation-centre,#,East - Orleans,Group Fitness,50+,"AM, PM",FALSE
2,Tuesday,18:30 - 19:30,François Dupuis Recreation Centre,2263 Portobello Boulevard,TMC,Other,Indoors,No,https://ottawa.ca/en/recreation-and-parks/facilities/place-listing/francois-dupuis-recreation-centre,#,East - Orleans,Group Fitness,Adult,Evening,FALSE
4,Thursday,18:30 - 19:30,François Dupuis Recreation Centre,2263 Portobello Boulevard,TMC,Other,Indoors,No,https://ottawa.ca/en/recreation-and-parks/facilities/place-listing/francois-dupuis-recreation-centre,#,East - Orleans,Group Fitness,Adult,Evening,FALSE
2,Tuesday,10:45 - 11:45,François Dupuis Recreation Centre,2263 Portobello Boulevard,TMC 50+,Other,Indoors,No,https://ottawa.ca/en/recreation-and-parks/facilities/place-listing/francois-dupuis-recreation-centre,#,East - Orleans,Group Fitness,50+,AM,FALSE
3,Wednesday,19:45 - 20:45,François Dupuis Recreation Centre,2263 Portobello Boulevard,Yoga,Other,Indoors,No,https://ottawa.ca/en/recreation-and-parks/facilities/place-listing/francois-dupuis-recreation-centre,#,East - Orleans,Group Fitness,Adult,Evening,FALSE
5,Friday,17:15 - 18:15,François Dupuis Recreation Centre,2263 Portobello Boulevard,Yoga,Other,Indoors,No,https://ottawa.ca/en/recreation-and-parks/facilities/place-listing/francois-dupuis-recreation-centre,#,East - Orleans,Group Fitness,Adult,Evening,FALSE
6,Saturday,08:15 - 09:15,François Dupuis Recreation Centre,2263 Portobello Boulevard,Yoga,Other,Indoors,No,https://ottawa.ca/en/recreation-and-parks/facilities/place-listing/francois-dupuis-recreation-centre,#,East - Orleans,Group Fitness,Adult,AM,FALSE
1,Monday,10:30 - 11:30,François Dupuis Recreation Centre,2263 Portobello Boulevard,Yoga 50+,Other,Indoors,No,https://ottawa.ca/en/recreation-and-parks/facilities/place-listing/francois-dupuis-recreation-centre,#,East - Orleans,Group Fitness,50+,AM,FALSE
3,Wednesday,13:30 - 14:30,François Dupuis Recreation Centre,2263 Portobello Boulevard,Yoga 50+,Other,Indoors,No,https://ottawa.ca/en/recreation-and-parks/facilities/place-listing/francois-dupuis-recreation-centre,#,East - Orleans,Group Fitness,50+,PM,FALSE
4,Thursday,12:00 - 13:00,François Dupuis Recreation Centre,2263 Portobello Boulevard,Yoga 50+,Other,Indoors,No,https://ottawa.ca/en/recreation-and-parks/facilities/place-listing/francois-dupuis-recreation-centre,#,East - Orleans,Group Fitness,50+,PM,FALSE
1,Monday,18:30 - 19:30,François Dupuis Recreation Centre,2263 Portobello Boulevard,Zumba®,Other,Indoors,No,https://ottawa.ca/en/recreation-and-parks/facilities/place-listing/francois-dupuis-recreation-centre,#,East - Orleans,Group Fitness,Adult,Evening,FALSE
2,Tuesday,19:00 - 20:00,François Dupuis Recreation Centre,2263 Portobello Boulevard,Zumba®,Other,Indoors,No,https://ottawa.ca/en/recreation-and-parks/facilities/place-listing/francois-dupuis-recreation-centre,#,East - Orleans,Group Fitness,Adult,Evening,FALSE
3,Wednesday,18:30 - 19:30,François Dupuis Recreation Centre,2263 Portobello Boulevard,Zumba®,Other,Indoors,No,https://ottawa.ca/en/recreation-and-parks/facilities/place-listing/francois-dupuis-recreation-centre,#,East - Orleans,Group Fitness,Adult,Evening,FALSE
4,Thursday,18:30 - 19:30,François Dupuis Recreation Centre,2263 Portobello Boulevard,Zumba®,Other,Indoors,No,https://ottawa.ca/en/recreation-and-parks/facilities/place-listing/francois-dupuis-recreation-centre,#,East - Orleans,Group Fitness,Adult,Evening,FALSE
6,Saturday,09:30 - 10:30,François Dupuis Recreation Centre,2263 Portobello Boulevard,Zumba®,Other,Indoors,No,https://ottawa.ca/en/recreation-and-parks/facilities/place-listing/francois-dupuis-recreation-centre,#,East - Orleans,Group Fitness,Adult,AM,FALSE
2,Tuesday,12:00 - 13:00,François Dupuis Recreation Centre,2263 Portobello Boulevard,Zumba® Gold 50+,Other,Indoors,No,https://ottawa.ca/en/recreation-and-parks/facilities/place-listing/francois-dupuis-recreation-centre,#,East - Orleans,Group Fitness,50+,PM,FALSE
3,Wednesday,12:15 - 13:15,François Dupuis Recreation Centre,2263 Portobello Boulevard,Zumba® Gold 50+,Other,Indoors,No,https://ottawa.ca/en/recreation-and-parks/facilities/place-listing/francois-dupuis-recreation-centre,#,East - Orleans,Group Fitness,50+,PM,FALSE
2,Tuesday,18:50 - 19:50,François Dupuis Recreation Centre,2263 Portobello Boulevard,Badminton 16 +,Other,Indoors,Yes,https://ottawa.ca/en/recreation-and-parks/facilities/place-listing/francois-dupuis-recreation-centre,https://reservation.frontdesksuite.ca/rcfs/francoisdupuis/Home/Index?Culture=en&PageId=d570b02d-5c02-4541-b85f-5283397fae43,East - Orleans,Racquet Sport,Adult,Evening,FALSE
2,Tuesday,20:00 - 21:00,François Dupuis Recreation Centre,2263 Portobello Boulevard,Badminton 16 +,Other,Indoors,Yes,https://ottawa.ca/en/recreation-and-parks/facilities/place-listing/francois-dupuis-recreation-centre,https://reservation.frontdesksuite.ca/rcfs/francoisdupuis/Home/Index?Culture=en&PageId=d570b02d-5c02-4541-b85f-5283397fae43,East - Orleans,Racquet Sport,Adult,Evening,FALSE
7,Sunday,15:20 - 16:20,François Dupuis Recreation Centre,2263 Portobello Boulevard,Badminton - Parent with Child (ages 15 and under),Other,Indoors,Yes,https://ottawa.ca/en/recreation-and-parks/facilities/place-listing/francois-dupuis-recreation-centre,https://reservation.frontdesksuite.ca/rcfs/francoisdupuis/Home/Index?Culture=en&PageId=d570b02d-5c02-4541-b85f-5283397fae43,East - Orleans,Racquet Sport,Children,PM,FALSE
7,Sunday,16:30 - 17:30,François Dupuis Recreation Centre,2263 Portobello Boulevard,Badminton - Parent with Child (ages 15 and under),Other,Indoors,Yes,https://ottawa.ca/en/recreation-and-parks/facilities/place-listing/francois-dupuis-recreation-centre,https://reservation.frontdesksuite.ca/rcfs/francoisdupuis/Home/Index?Culture=en&PageId=d570b02d-5c02-4541-b85f-5283397fae43,East - Orleans,Racquet Sport,Children,"PM, Evening",FALSE
1,Monday,18:50 - 19:50,François Dupuis Recreation Centre,2263 Portobello Boulevard,Pickleball 16+,Other,Indoors,Yes,https://ottawa.ca/en/recreation-and-parks/facilities/place-listing/francois-dupuis-recreation-centre,https://reservation.frontdesksuite.ca/rcfs/francoisdupuis/Home/Index?Culture=en&PageId=d570b02d-5c02-4541-b85f-5283397fae43,East - Orleans,Racquet Sport,Adult,Evening,FALSE
1,Monday,10:40 - 11:40,François Dupuis Recreation Centre,2263 Portobello Boulevard,Pickleball 50+,Other,Indoors,Yes,https://ottawa.ca/en/recreation-and-parks/facilities/place-listing/francois-dupuis-recreation-centre,https://reservation.frontdesksuite.ca/rcfs/francoisdupuis/Home/Index?Culture=en&PageId=d570b02d-5c02-4541-b85f-5283397fae43,East - Orleans,Racquet Sport,50+,AM,FALSE
1,Monday,11:50 - 12:50,François Dupuis Recreation Centre,2263 Portobello Boulevard,Pickleball 50+,Other,Indoors,Yes,https://ottawa.ca/en/recreation-and-parks/facilities/place-listing/francois-dupuis-recreation-centre,https://reservation.frontdesksuite.ca/rcfs/francoisdupuis/Home/Index?Culture=en&PageId=d570b02d-5c02-4541-b85f-5283397fae43,East - Orleans,Racquet Sport,50+,"AM, PM",FALSE
2,Tuesday,08:20 - 09:20,François Dupuis Recreation Centre,2263 Portobello Boulevard,Pickleball 50+,Other,Indoors,Yes,https://ottawa.ca/en/recreation-and-parks/facilities/place-listing/francois-dupuis-recreation-centre,https://reservation.frontdesksuite.ca/rcfs/francoisdupuis/Home/Index?Culture=en&PageId=d570b02d-5c02-4541-b85f-5283397fae43,East - Orleans,Racquet Sport,50+,AM,FALSE
2,Tuesday,10:40 - 11:40,François Dupuis Recreation Centre,2263 Portobello Boulevard,Pickleball 50+,Other,Indoors,Yes,https://ottawa.ca/en/recreation-and-parks/facilities/place-listing/francois-dupuis-recreation-centre,https://reservation.frontdesksuite.ca/rcfs/francoisdupuis/Home/Index?Culture=en&PageId=d570b02d-5c02-4541-b85f-5283397fae43,East - Orleans,Racquet Sport,50+,AM,FALSE
3,Wednesday,10:40 - 11:40,François Dupuis Recreation Centre,2263 Portobello Boulevard,Pickleball 50+,Other,Indoors,Yes,https://ottawa.ca/en/recreation-and-parks/facilities/place-listing/francois-dupuis-recreation-centre,https://reservation.frontdesksuite.ca/rcfs/francoisdupuis/Home/Index?Culture=en&PageId=d570b02d-5c02-4541-b85f-5283397fae43,East - Orleans,Racquet Sport,50+,AM,FALSE
3,Wednesday,11:50 - 12:50,François Dupuis Recreation Centre,2263 Portobello Boulevard,Pickleball 50+,Other,Indoors,Yes,https://ottawa.ca/en/recreation-and-parks/facilities/place-listing/francois-dupuis-recreation-centre,https://reservation.frontdesksuite.ca/rcfs/francoisdupuis/Home/Index?Culture=en&PageId=d570b02d-5c02-4541-b85f-5283397fae43,East - Orleans,Racquet Sport,50+,"AM, PM",FALSE
4,Thursday,10:40 - 11:40,François Dupuis Recreation Centre,2263 Portobello Boulevard,Pickleball 50+,Other,Indoors,Yes,https://ottawa.ca/en/recreation-and-parks/facilities/place-listing/francois-dupuis-recreation-centre,https://reservation.frontdesksuite.ca/rcfs/francoisdupuis/Home/Index?Culture=en&PageId=d570b02d-5c02-4541-b85f-5283397fae43,East - Orleans,Racquet Sport,50+,AM,FALSE
4,Thursday,11:50 - 12:50,François Dupuis Recreation Centre,2263 Portobello Boulevard,Pickleball 50+,Other,Indoors,Yes,https://ottawa.ca/en/recreation-and-parks/facilities/place-listing/francois-dupuis-recreation-centre,https://reservation.frontdesksuite.ca/rcfs/francoisdupuis/Home/Index?Culture=en&PageId=d570b02d-5c02-4541-b85f-5283397fae43,East - Orleans,Racquet Sport,50+,"AM, PM",FALSE
5,Friday,08:20 - 09:20,François Dupuis Recreation Centre,2263 Portobello Boulevard,Pickleball 50+,Other,Indoors,Yes,https://ottawa.ca/en/recreation-and-parks/facilities/place-listing/francois-dupuis-recreation-centre,https://reservation.frontdesksuite.ca/rcfs/francoisdupuis/Home/Index?Culture=en&PageId=d570b02d-5c02-4541-b85f-5283397fae43,East - Orleans,Racquet Sport,50+,AM,FALSE
5,Friday,09:30 - 10:30,François Dupuis Recreation Centre,2263 Portobello Boulevard,Pickleball 50+,Other,Indoors,Yes,https://ottawa.ca/en/recreation-and-parks/facilities/place-listing/francois-dupuis-recreation-centre,https://reservation.frontdesksuite.ca/rcfs/francoisdupuis/Home/Index?Culture=en&PageId=d570b02d-5c02-4541-b85f-5283397fae43,East - Orleans,Racquet Sport,50+,AM,FALSE
5,Friday,10:40 - 11:40,François Dupuis Recreation Centre,2263 Portobello Boulevard,Pickleball 50+,Other,Indoors,Yes,https://ottawa.ca/en/recreation-and-parks/facilities/place-listing/francois-dupuis-recreation-centre,https://reservation.frontdesksuite.ca/rcfs/francoisdupuis/Home/Index?Culture=en&PageId=d570b02d-5c02-4541-b85f-5283397fae43,East - Orleans,Racquet Sport,50+,AM,FALSE
7,Sunday,14:00 - 15:00,François Dupuis Recreation Centre,2263 Portobello Boulevard,Pickleball - Parent with Child (ages 15 and under),Other,Indoors,Yes,https://ottawa.ca/en/recreation-and-parks/facilities/place-listing/francois-dupuis-recreation-centre,https://reservation.frontdesksuite.ca/rcfs/francoisdupuis/Home/Index?Culture=en&PageId=d570b02d-5c02-4541-b85f-5283397fae43,East - Orleans,Racquet Sport,Children,PM,FALSE
1,Monday,20:00 - 21:00,François Dupuis Recreation Centre,2263 Portobello Boulevard,Pickleball - Intermediate 16+,Other,Indoors,Yes,https://ottawa.ca/en/recreation-and-parks/facilities/place-listing/francois-dupuis-recreation-centre,https://reservation.frontdesksuite.ca/rcfs/francoisdupuis/Home/Index?Culture=en&PageId=d570b02d-5c02-4541-b85f-5283397fae43,East - Orleans,Racquet Sport,Adult,Evening,FALSE
1,Monday,08:20 - 09:20,François Dupuis Recreation Centre,2263 Portobello Boulevard,Pickleball Intermediate 50+,Other,Indoors,Yes,https://ottawa.ca/en/recreation-and-parks/facilities/place-listing/francois-dupuis-recreation-centre,https://reservation.frontdesksuite.ca/rcfs/francoisdupuis/Home/Index?Culture=en&PageId=d570b02d-5c02-4541-b85f-5283397fae43,East - Orleans,Racquet Sport,50+,AM,FALSE
1,Monday,09:30 - 10:30,François Dupuis Recreation Centre,2263 Portobello Boulevard,Pickleball Intermediate 50+,Other,Indoors,Yes,https://ottawa.ca/en/recreation-and-parks/facilities/place-listing/francois-dupuis-recreation-centre,https://reservation.frontdesksuite.ca/rcfs/francoisdupuis/Home/Index?Culture=en&PageId=d570b02d-5c02-4541-b85f-5283397fae43,East - Orleans,Racquet Sport,50+,AM,FALSE
2,Tuesday,11:50 - 12:50,François Dupuis Recreation Centre,2263 Portobello Boulevard,Pickleball Intermediate 50+,Other,Indoors,Yes,https://ottawa.ca/en/recreation-and-parks/facilities/place-listing/francois-dupuis-recreation-centre,https://reservation.frontdesksuite.ca/rcfs/francoisdupuis/Home/Index?Culture=en&PageId=d570b02d-5c02-4541-b85f-5283397fae43,East - Orleans,Racquet Sport,50+,"AM, PM",FALSE
3,Wednesday,08:20 - 09:20,François Dupuis Recreation Centre,2263 Portobello Boulevard,Pickleball Intermediate 50+,Other,Indoors,Yes,https://ottawa.ca/en/recreation-and-parks/facilities/place-listing/francois-dupuis-recreation-centre,https://reservation.frontdesksuite.ca/rcfs/francoisdupuis/Home/Index?Culture=en&PageId=d570b02d-5c02-4541-b85f-5283397fae43,East - Orleans,Racquet Sport,50+,AM,FALSE
3,Wednesday,09:30 - 10:30,François Dupuis Recreation Centre,2263 Portobello Boulevard,Pickleball Intermediate 50+,Other,Indoors,Yes,https://ottawa.ca/en/recreation-and-parks/facilities/place-listing/francois-dupuis-recreation-centre,https://reservation.frontdesksuite.ca/rcfs/francoisdupuis/Home/Index?Culture=en&PageId=d570b02d-5c02-4541-b85f-5283397fae43,East - Orleans,Racquet Sport,50+,AM,FALSE
4,Thursday,08:20 - 09:20,François Dupuis Recreation Centre,2263 Portobello Boulevard,Pickleball Intermediate 50+,Other,Indoors,Yes,https://ottawa.ca/en/recreation-and-parks/facilities/place-listing/francois-dupuis-recreation-centre,https://reservation.frontdesksuite.ca/rcfs/francoisdupuis/Home/Index?Culture=en&PageId=d570b02d-5c02-4541-b85f-5283397fae43,East - Orleans,Racquet Sport,50+,AM,FALSE
4,Thursday,09:30 - 10:30,François Dupuis Recreation Centre,2263 Portobello Boulevard,Pickleball Intermediate 50+,Other,Indoors,Yes,https://ottawa.ca/en/recreation-and-parks/facilities/place-listing/francois-dupuis-recreation-centre,https://reservation.frontdesksuite.ca/rcfs/francoisdupuis/Home/Index?Culture=en&PageId=d570b02d-5c02-4541-b85f-5283397fae43,East - Orleans,Racquet Sport,50+,AM,FALSE
5,Friday,11:50 - 12:50,François Dupuis Recreation Centre,2263 Portobello Boulevard,Pickleball Intermediate 50+,Other,Indoors,Yes,https://ottawa.ca/en/recreation-and-parks/facilities/place-listing/francois-dupuis-recreation-centre,https://reservation.frontdesksuite.ca/rcfs/francoisdupuis/Home/Index?Culture=en&PageId=d570b02d-5c02-4541-b85f-5283397fae43,East - Orleans,Racquet Sport,50+,"AM, PM",FALSE
1,Monday,15:20 - 16:20,François Dupuis Recreation Centre,2263 Portobello Boulevard,Basketball 12+,Other,Indoors,Yes,https://ottawa.ca/en/recreation-and-parks/facilities/place-listing/francois-dupuis-recreation-centre,https://reservation.frontdesksuite.ca/rcfs/francoisdupuis/Home/Index?Culture=en&PageId=d570b02d-5c02-4541-b85f-5283397fae43,East - Orleans,Gym Sport,Youth,PM,FALSE
1,Monday,16:30 - 17:30,François Dupuis Recreation Centre,2263 Portobello Boulevard,Basketball 12+,Other,Indoors,Yes,https://ottawa.ca/en/recreation-and-parks/facilities/place-listing/francois-dupuis-recreation-centre,https://reservation.frontdesksuite.ca/rcfs/francoisdupuis/Home/Index?Culture=en&PageId=d570b02d-5c02-4541-b85f-5283397fae43,East - Orleans,Gym Sport,Youth,"PM, Evening",FALSE
2,Tuesday,16:30 - 17:30,François Dupuis Recreation Centre,2263 Portobello Boulevard,Basketball 12+,Other,Indoors,Yes,https://ottawa.ca/en/recreation-and-parks/facilities/place-listing/francois-dupuis-recreation-centre,https://reservation.frontdesksuite.ca/rcfs/francoisdupuis/Home/Index?Culture=en&PageId=d570b02d-5c02-4541-b85f-5283397fae43,East - Orleans,Gym Sport,Youth,"PM, Evening",FALSE
2,Tuesday,17:40 - 18:40,François Dupuis Recreation Centre,2263 Portobello Boulevard,Basketball 12+,Other,Indoors,Yes,https://ottawa.ca/en/recreation-and-parks/facilities/place-listing/francois-dupuis-recreation-centre,https://reservation.frontdesksuite.ca/rcfs/francoisdupuis/Home/Index?Culture=en&PageId=d570b02d-5c02-4541-b85f-5283397fae43,East - Orleans,Gym Sport,Youth,Evening,FALSE
3,Wednesday,15:20 - 16:20,François Dupuis Recreation Centre,2263 Portobello Boulevard,Basketball 12+,Other,Indoors,Yes,https://ottawa.ca/en/recreation-and-parks/facilities/place-listing/francois-dupuis-recreation-centre,https://reservation.frontdesksuite.ca/rcfs/francoisdupuis/Home/Index?Culture=en&PageId=d570b02d-5c02-4541-b85f-5283397fae43,East - Orleans,Gym Sport,Youth,PM,FALSE
4,Thursday,16:30 - 17:30,François Dupuis Recreation Centre,2263 Portobello Boulevard,Basketball 12+,Other,Indoors,Yes,https://ottawa.ca/en/recreation-and-parks/facilities/place-listing/francois-dupuis-recreation-centre,https://reservation.frontdesksuite.ca/rcfs/francoisdupuis/Home/Index?Culture=en&PageId=d570b02d-5c02-4541-b85f-5283397fae43,East - Orleans,Gym Sport,Youth,"PM, Evening",FALSE
4,Thursday,17:40 - 18:40,François Dupuis Recreation Centre,2263 Portobello Boulevard,Basketball 12+,Other,Indoors,Yes,https://ottawa.ca/en/recreation-and-parks/facilities/place-listing/francois-dupuis-recreation-centre,https://reservation.frontdesksuite.ca/rcfs/francoisdupuis/Home/Index?Culture=en&PageId=d570b02d-5c02-4541-b85f-5283397fae43,East - Orleans,Gym Sport,Youth,Evening,FALSE
5,Friday,15:20 - 16:20,François Dupuis Recreation Centre,2263 Portobello Boulevard,Basketball 12+,Other,Indoors,Yes,https://ottawa.ca/en/recreation-and-parks/facilities/place-listing/francois-dupuis-recreation-centre,https://reservation.frontdesksuite.ca/rcfs/francoisdupuis/Home/Index?Culture=en&PageId=d570b02d-5c02-4541-b85f-5283397fae43,East - Orleans,Gym Sport,Youth,PM,FALSE
5,Friday,16:30 - 17:30,François Dupuis Recreation Centre,2263 Portobello Boulevard,Basketball 12+,Other,Indoors,Yes,https://ottawa.ca/en/recreation-and-parks/facilities/place-listing/francois-dupuis-recreation-centre,https://reservation.frontdesksuite.ca/rcfs/francoisdupuis/Home/Index?Culture=en&PageId=d570b02d-5c02-4541-b85f-5283397fae43,East - Orleans,Gym Sport,Youth,"PM, Evening",FALSE
5,Friday,17:40 - 18:40,François Dupuis Recreation Centre,2263 Portobello Boulevard,Basketball 12+,Other,Indoors,Yes,https://ottawa.ca/en/recreation-and-parks/facilities/place-listing/francois-dupuis-recreation-centre,https://reservation.frontdesksuite.ca/rcfs/francoisdupuis/Home/Index?Culture=en&PageId=d570b02d-5c02-4541-b85f-5283397fae43,East - Orleans,Gym Sport,Youth,Evening,FALSE
5,Friday,18:50 - 19:50,François Dupuis Recreation Centre,2263 Portobello Boulevard,Basketball 12+,Other,Indoors,Yes,https://ottawa.ca/en/recreation-and-parks/facilities/place-listing/francois-dupuis-recreation-centre,https://reservation.frontdesksuite.ca/rcfs/francoisdupuis/Home/Index?Culture=en&PageId=d570b02d-5c02-4541-b85f-5283397fae43,East - Orleans,Gym Sport,Youth,Evening,FALSE
6,Saturday,14:00 - 15:00,François Dupuis Recreation Centre,2263 Portobello Boulevard,Basketball 12+,Other,Indoors,Yes,https://ottawa.ca/en/recreation-and-parks/facilities/place-listing/francois-dupuis-recreation-centre,https://reservation.frontdesksuite.ca/rcfs/francoisdupuis/Home/Index?Culture=en&PageId=d570b02d-5c02-4541-b85f-5283397fae43,East - Orleans,Gym Sport,Youth,PM,TRUE
6,Saturday,15:20 - 16:20,François Dupuis Recreation Centre,2263 Portobello Boulevard,Basketball - Parent with Child (ages 12 and under),Other,Indoors,Yes,https://ottawa.ca/en/recreation-and-parks/facilities/place-listing/francois-dupuis-recreation-centre,https://reservation.frontdesksuite.ca/rcfs/francoisdupuis/Home/Index?Culture=en&PageId=d570b02d-5c02-4541-b85f-5283397fae43,East - Orleans,Gym Sport,Children,PM,TRUE
6,Saturday,16:30 - 17:30,François Dupuis Recreation Centre,2263 Portobello Boulevard,Basketball - Parent with Child (ages 12 and under),Other,Indoors,Yes,https://ottawa.ca/en/recreation-and-parks/facilities/place-listing/francois-dupuis-recreation-centre,https://reservation.frontdesksuite.ca/rcfs/francoisdupuis/Home/Index?Culture=en&PageId=d570b02d-5c02-4541-b85f-5283397fae43,East - Orleans,Gym Sport,Children,"PM, Evening",TRUE
4,Thursday,18:50 - 19:50,François Dupuis Recreation Centre,2263 Portobello Boulevard,Volleyball 16+,Other,Indoors,Yes,https://ottawa.ca/en/recreation-and-parks/facilities/place-listing/francois-dupuis-recreation-centre,https://reservation.frontdesksuite.ca/rcfs/francoisdupuis/Home/Index?Culture=en&PageId=d570b02d-5c02-4541-b85f-5283397fae43,East - Orleans,Gym Sport,Adult,Evening,FALSE
4,Thursday,20:00 - 21:00,François Dupuis Recreation Centre,2263 Portobello Boulevard,Volleyball 16+,Other,Indoors,Yes,https://ottawa.ca/en/recreation-and-parks/facilities/place-listing/francois-dupuis-recreation-centre,https://reservation.frontdesksuite.ca/rcfs/francoisdupuis/Home/Index?Culture=en&PageId=d570b02d-5c02-4541-b85f-5283397fae43,East - Orleans,Gym Sport,Adult,Evening,FALSE
6,Saturday,14:00 - 15:00,François Dupuis Recreation Centre,2263 Portobello Boulevard,Rock Climbing 5+,Other,Indoors,Yes,https://ottawa.ca/en/recreation-and-parks/facilities/place-listing/francois-dupuis-recreation-centre,https://reservation.frontdesksuite.ca/rcfs/francoisdupuis/Home/Index?Culture=en&PageId=d570b02d-5c02-4541-b85f-5283397fae43,East - Orleans,Gym Sport,"Children, Youth",PM,TRUE
5,Friday,19:00 - 19:50,Fred Barrett Arena,3280 Leitrim Road,Public skating,Other,Other,No,https://ottawa.ca/en/recreation-and-parks/facilities/place-listing/fred-barrett-arena,#,South,Skating,"Preschool, Children, Youth, Adult",Evening,FALSE
7,Sunday,14:00 - 14:50,Fred Barrett Arena,3280 Leitrim Road,Public skating,Other,Other,No,https://ottawa.ca/en/recreation-and-parks/facilities/place-listing/fred-barrett-arena,#,South,Skating,"Preschool, Children, Youth, Adult",PM,TRUE
7,Sunday,13:00 - 13:50,Fred Barrett Arena,3280 Leitrim Road,Family skating,Other,Other,No,https://ottawa.ca/en/recreation-and-parks/facilities/place-listing/fred-barrett-arena,#,South,Skating,"Preschool, Children, Youth, Adult",PM,TRUE
2,Tuesday,16:00 - 16:50,Fred Barrett Arena,3280 Leitrim Road,Hockey - child (6 to 12 years),Other,Other,Yes,https://ottawa.ca/en/recreation-and-parks/facilities/place-listing/fred-barrett-arena,https://reservation.frontdesksuite.ca/rcfs/arenafredbarrett/Home/Index?Culture=en&PageId=02739b24-9475-45ba-b3f0-b74123a2f2e2,South,Skating,"Children, Youth",PM,FALSE
5,Friday,17:00 - 17:50,Fred Barrett Arena,3280 Leitrim Road,Hockey - child (6 to 12 years),Other,Other,Yes,https://ottawa.ca/en/recreation-and-parks/facilities/place-listing/fred-barrett-arena,https://reservation.frontdesksuite.ca/rcfs/arenafredbarrett/Home/Index?Culture=en&PageId=02739b24-9475-45ba-b3f0-b74123a2f2e2,South,Skating,"Children, Youth",Evening,FALSE
5,Friday,16:00 - 16:50,Fred Barrett Arena,3280 Leitrim Road,Hockey - youth (13 to 17 years),Other,Other,Yes,https://ottawa.ca/en/recreation-and-parks/facilities/place-listing/fred-barrett-arena,https://reservation.frontdesksuite.ca/rcfs/arenafredbarrett/Home/Index?Culture=en&PageId=02739b24-9475-45ba-b3f0-b74123a2f2e2,South,Skating,Youth,PM,FALSE
5,Friday,15:00 - 15:50,Fred Barrett Arena,3280 Leitrim Road,Figure skating (6+),Other,Other,Yes,https://ottawa.ca/en/recreation-and-parks/facilities/place-listing/fred-barrett-arena,https://reservation.frontdesksuite.ca/rcfs/arenafredbarrett/Home/Index?Culture=en&PageId=02739b24-9475-45ba-b3f0-b74123a2f2e2,South,Skating,Adult,PM,FALSE
5,Friday,18:00 - 18:50,Fred Barrett Arena,3280 Leitrim Road,Ringette (10 to 14 years),Other,Other,Yes,https://ottawa.ca/en/recreation-and-parks/facilities/place-listing/fred-barrett-arena,https://reservation.frontdesksuite.ca/rcfs/arenafredbarrett/Home/Index?Culture=en&PageId=02739b24-9475-45ba-b3f0-b74123a2f2e2,South,Skating,Youth,Evening,FALSE
2,Tuesday,15:00 - 15:50,Fred Barrett Arena,3280 Leitrim Road,Stick and Puck - Preschool and Child (3 to 12 years),Other,Other,Yes,https://ottawa.ca/en/recreation-and-parks/facilities/place-listing/fred-barrett-arena,https://reservation.frontdesksuite.ca/rcfs/arenafredbarrett/Home/Index?Culture=en&PageId=02739b24-9475-45ba-b3f0-b74123a2f2e2,South,Skating,Preschool,PM,FALSE
1,Monday,08:00 - 21:00,Heron Road Community Centre,1480 Heron Road,Weight and cardio room,Other,Other,No,https://ottawa.ca/en/recreation-and-parks/facilities/place-listing/heron-road-community-centre,#,South,Fitness,Adult,"AM, PM, Evening",FALSE
2,Tuesday,08:00 - 21:00,Heron Road Community Centre,1480 Heron Road,Weight and cardio room,Other,Other,No,https://ottawa.ca/en/recreation-and-parks/facilities/place-listing/heron-road-community-centre,#,South,Fitness,Adult,"AM, PM, Evening",FALSE
3,Wednesday,08:00 - 21:00,Heron Road Community Centre,1480 Heron Road,Weight and cardio room,Other,Other,No,https://ottawa.ca/en/recreation-and-parks/facilities/place-listing/heron-road-community-centre,#,South,Fitness,Adult,"AM, PM, Evening",FALSE
4,Thursday,08:00 - 21:00,Heron Road Community Centre,1480 Heron Road,Weight and cardio room,Other,Other,No,https://ottawa.ca/en/recreation-and-parks/facilities/place-listing/heron-road-community-centre,#,South,Fitness,Adult,"AM, PM, Evening",FALSE
5,Friday,08:00 - 21:00,Heron Road Community Centre,1480 Heron Road,Weight and cardio room,Other,Other,No,https://ottawa.ca/en/recreation-and-parks/facilities/place-listing/heron-road-community-centre,#,South,Fitness,Adult,"AM, PM, Evening",FALSE
6,Saturday,08:00 - 21:00,Heron Road Community Centre,1480 Heron Road,Weight and cardio room,Other,Other,No,https://ottawa.ca/en/recreation-and-parks/facilities/place-listing/heron-road-community-centre,#,South,Fitness,Adult,"AM, PM, Evening",FALSE
7,Sunday,08:00 - 14:30,Heron Road Community Centre,1480 Heron Road,Weight and cardio room,Other,Other,No,https://ottawa.ca/en/recreation-and-parks/facilities/place-listing/heron-road-community-centre,#,South,Fitness,Adult,"AM, PM",FALSE
1,Monday,09:00 - 09:55,Heron Road Community Centre,1480 Heron Road,Pickleball 50+ Older Adult,Other,Other,Yes,https://ottawa.ca/en/recreation-and-parks/facilities/place-listing/heron-road-community-centre,https://reservation.frontdesksuite.ca/rcfs/heronCC/Home/Index?Culture=en&PageId=e7445bb0-c3e4-4f56-98c7-edf4390c3b84,South,Racquet Sport,50+,AM,FALSE
1,Monday,10:00 - 10:55,Heron Road Community Centre,1480 Heron Road,Pickleball 50+ Older Adult,Other,Other,Yes,https://ottawa.ca/en/recreation-and-parks/facilities/place-listing/heron-road-community-centre,https://reservation.frontdesksuite.ca/rcfs/heronCC/Home/Index?Culture=en&PageId=e7445bb0-c3e4-4f56-98c7-edf4390c3b84,South,Racquet Sport,50+,AM,FALSE
1,Monday,11:00 - 11:55,Heron Road Community Centre,1480 Heron Road,Pickleball 50+ Older Adult,Other,Other,Yes,https://ottawa.ca/en/recreation-and-parks/facilities/place-listing/heron-road-community-centre,https://reservation.frontdesksuite.ca/rcfs/heronCC/Home/Index?Culture=en&PageId=e7445bb0-c3e4-4f56-98c7-edf4390c3b84,South,Racquet Sport,50+,AM,FALSE
1,Monday,12:00 - 12:55,Heron Road Community Centre,1480 Heron Road,Pickleball 50+ Older Adult,Other,Other,Yes,https://ottawa.ca/en/recreation-and-parks/facilities/place-listing/heron-road-community-centre,https://reservation.frontdesksuite.ca/rcfs/heronCC/Home/Index?Culture=en&PageId=e7445bb0-c3e4-4f56-98c7-edf4390c3b84,South,Racquet Sport,50+,PM,FALSE
1,Monday,13:00 - 13:55,Heron Road Community Centre,1480 Heron Road,Pickleball 50+ Older Adult,Other,Other,Yes,https://ottawa.ca/en/recreation-and-parks/facilities/place-listing/heron-road-community-centre,https://reservation.frontdesksuite.ca/rcfs/heronCC/Home/Index?Culture=en&PageId=e7445bb0-c3e4-4f56-98c7-edf4390c3b84,South,Racquet Sport,50+,PM,FALSE
2,Tuesday,09:00 - 09:55,Heron Road Community Centre,1480 Heron Road,Pickleball 50+ Older Adult,Other,Other,Yes,https://ottawa.ca/en/recreation-and-parks/facilities/place-listing/heron-road-community-centre,https://reservation.frontdesksuite.ca/rcfs/heronCC/Home/Index?Culture=en&PageId=e7445bb0-c3e4-4f56-98c7-edf4390c3b84,South,Racquet Sport,50+,AM,FALSE
2,Tuesday,10:00 - 10:55,Heron Road Community Centre,1480 Heron Road,Pickleball 50+ Older Adult,Other,Other,Yes,https://ottawa.ca/en/recreation-and-parks/facilities/place-listing/heron-road-community-centre,https://reservation.frontdesksuite.ca/rcfs/heronCC/Home/Index?Culture=en&PageId=e7445bb0-c3e4-4f56-98c7-edf4390c3b84,South,Racquet Sport,50+,AM,FALSE
2,Tuesday,11:00 - 11:55,Heron Road Community Centre,1480 Heron Road,Pickleball 50+ Older Adult,Other,Other,Yes,https://ottawa.ca/en/recreation-and-parks/facilities/place-listing/heron-road-community-centre,https://reservation.frontdesksuite.ca/rcfs/heronCC/Home/Index?Culture=en&PageId=e7445bb0-c3e4-4f56-98c7-edf4390c3b84,South,Racquet Sport,50+,AM,FALSE
2,Tuesday,12:00 - 12:55,Heron Road Community Centre,1480 Heron Road,Pickleball 50+ Older Adult,Other,Other,Yes,https://ottawa.ca/en/recreation-and-parks/facilities/place-listing/heron-road-community-centre,https://reservation.frontdesksuite.ca/rcfs/heronCC/Home/Index?Culture=en&PageId=e7445bb0-c3e4-4f56-98c7-edf4390c3b84,South,Racquet Sport,50+,PM,FALSE
2,Tuesday,13:00 - 13:55,Heron Road Community Centre,1480 Heron Road,Pickleball 50+ Older Adult,Other,Other,Yes,https://ottawa.ca/en/recreation-and-parks/facilities/place-listing/heron-road-community-centre,https://reservation.frontdesksuite.ca/rcfs/heronCC/Home/Index?Culture=en&PageId=e7445bb0-c3e4-4f56-98c7-edf4390c3b84,South,Racquet Sport,50+,PM,FALSE
3,Wednesday,09:00 - 09:55,Heron Road Community Centre,1480 Heron Road,Pickleball 50+ Older Adult,Other,Other,Yes,https://ottawa.ca/en/recreation-and-parks/facilities/place-listing/heron-road-community-centre,https://reservation.frontdesksuite.ca/rcfs/heronCC/Home/Index?Culture=en&PageId=e7445bb0-c3e4-4f56-98c7-edf4390c3b84,South,Racquet Sport,50+,AM,FALSE
3,Wednesday,10:00 - 10:55,Heron Road Community Centre,1480 Heron Road,Pickleball 50+ Older Adult,Other,Other,Yes,https://ottawa.ca/en/recreation-and-parks/facilities/place-listing/heron-road-community-centre,https://reservation.frontdesksuite.ca/rcfs/heronCC/Home/Index?Culture=en&PageId=e7445bb0-c3e4-4f56-98c7-edf4390c3b84,South,Racquet Sport,50+,AM,FALSE
3,Wednesday,11:00 - 11:55,Heron Road Community Centre,1480 Heron Road,Pickleball 50+ Older Adult,Other,Other,Yes,https://ottawa.ca/en/recreation-and-parks/facilities/place-listing/heron-road-community-centre,https://reservation.frontdesksuite.ca/rcfs/heronCC/Home/Index?Culture=en&PageId=e7445bb0-c3e4-4f56-98c7-edf4390c3b84,South,Racquet Sport,50+,AM,FALSE
3,Wednesday,12:00 - 12:55,Heron Road Community Centre,1480 Heron Road,Pickleball 50+ Older Adult,Other,Other,Yes,https://ottawa.ca/en/recreation-and-parks/facilities/place-listing/heron-road-community-centre,https://reservation.frontdesksuite.ca/rcfs/heronCC/Home/Index?Culture=en&PageId=e7445bb0-c3e4-4f56-98c7-edf4390c3b84,South,Racquet Sport,50+,PM,FALSE
3,Wednesday,13:00 - 13:55,Heron Road Community Centre,1480 Heron Road,Pickleball 50+ Older Adult,Other,Other,Yes,https://ottawa.ca/en/recreation-and-parks/facilities/place-listing/heron-road-community-centre,https://reservation.frontdesksuite.ca/rcfs/heronCC/Home/Index?Culture=en&PageId=e7445bb0-c3e4-4f56-98c7-edf4390c3b84,South,Racquet Sport,50+,PM,FALSE
4,Thursday,09:00 - 09:55,Heron Road Community Centre,1480 Heron Road,Pickleball 50+ Older Adult,Other,Other,Yes,https://ottawa.ca/en/recreation-and-parks/facilities/place-listing/heron-road-community-centre,https://reservation.frontdesksuite.ca/rcfs/heronCC/Home/Index?Culture=en&PageId=e7445bb0-c3e4-4f56-98c7-edf4390c3b84,South,Racquet Sport,50+,AM,FALSE
4,Thursday,10:00 - 10:55,Heron Road Community Centre,1480 Heron Road,Pickleball 50+ Older Adult,Other,Other,Yes,https://ottawa.ca/en/recreation-and-parks/facilities/place-listing/heron-road-community-centre,https://reservation.frontdesksuite.ca/rcfs/heronCC/Home/Index?Culture=en&PageId=e7445bb0-c3e4-4f56-98c7-edf4390c3b84,South,Racquet Sport,50+,AM,FALSE
4,Thursday,11:00 - 11:55,Heron Road Community Centre,1480 Heron Road,Pickleball 50+ Older Adult,Other,Other,Yes,https://ottawa.ca/en/recreation-and-parks/facilities/place-listing/heron-road-community-centre,https://reservation.frontdesksuite.ca/rcfs/heronCC/Home/Index?Culture=en&PageId=e7445bb0-c3e4-4f56-98c7-edf4390c3b84,South,Racquet Sport,50+,AM,FALSE
4,Thursday,12:00 - 12:55,Heron Road Community Centre,1480 Heron Road,Pickleball 50+ Older Adult,Other,Other,Yes,https://ottawa.ca/en/recreation-and-parks/facilities/place-listing/heron-road-community-centre,https://reservation.frontdesksuite.ca/rcfs/heronCC/Home/Index?Culture=en&PageId=e7445bb0-c3e4-4f56-98c7-edf4390c3b84,South,Racquet Sport,50+,PM,FALSE
4,Thursday,13:00 - 13:55,Heron Road Community Centre,1480 Heron Road,Pickleball 50+ Older Adult,Other,Other,Yes,https://ottawa.ca/en/recreation-and-parks/facilities/place-listing/heron-road-community-centre,https://reservation.frontdesksuite.ca/rcfs/heronCC/Home/Index?Culture=en&PageId=e7445bb0-c3e4-4f56-98c7-edf4390c3b84,South,Racquet Sport,50+,PM,FALSE
5,Friday,09:00 - 09:55,Heron Road Community Centre,1480 Heron Road,Pickleball 50+ Older Adult,Other,Other,Yes,https://ottawa.ca/en/recreation-and-parks/facilities/place-listing/heron-road-community-centre,https://reservation.frontdesksuite.ca/rcfs/heronCC/Home/Index?Culture=en&PageId=e7445bb0-c3e4-4f56-98c7-edf4390c3b84,South,Racquet Sport,50+,AM,FALSE
5,Friday,10:00 - 10:55,Heron Road Community Centre,1480 Heron Road,Pickleball 50+ Older Adult,Other,Other,Yes,https://ottawa.ca/en/recreation-and-parks/facilities/place-listing/heron-road-community-centre,https://reservation.frontdesksuite.ca/rcfs/heronCC/Home/Index?Culture=en&PageId=e7445bb0-c3e4-4f56-98c7-edf4390c3b84,South,Racquet Sport,50+,AM,FALSE
5,Friday,11:00 - 11:55,Heron Road Community Centre,1480 Heron Road,Pickleball 50+ Older Adult,Other,Other,Yes,https://ottawa.ca/en/recreation-and-parks/facilities/place-listing/heron-road-community-centre,https://reservation.frontdesksuite.ca/rcfs/heronCC/Home/Index?Culture=en&PageId=e7445bb0-c3e4-4f56-98c7-edf4390c3b84,South,Racquet Sport,50+,AM,FALSE
5,Friday,12:00 - 12:55,Heron Road Community Centre,1480 Heron Road,Pickleball 50+ Older Adult,Other,Other,Yes,https://ottawa.ca/en/recreation-and-parks/facilities/place-listing/heron-road-community-centre,https://reservation.frontdesksuite.ca/rcfs/heronCC/Home/Index?Culture=en&PageId=e7445bb0-c3e4-4f56-98c7-edf4390c3b84,South,Racquet Sport,50+,PM,FALSE
5,Friday,13:00 - 13:55,Heron Road Community Centre,1480 Heron Road,Pickleball 50+ Older Adult,Other,Other,Yes,https://ottawa.ca/en/recreation-and-parks/facilities/place-listing/heron-road-community-centre,https://reservation.frontdesksuite.ca/rcfs/heronCC/Home/Index?Culture=en&PageId=e7445bb0-c3e4-4f56-98c7-edf4390c3b84,South,Racquet Sport,50+,PM,FALSE
3,Wednesday,17:00 - 18:00,Heron Road Community Centre,1480 Heron Road,Pickleball 18+,Other,Other,Yes,https://ottawa.ca/en/recreation-and-parks/facilities/place-listing/heron-road-community-centre,https://reservation.frontdesksuite.ca/rcfs/heronCC/Home/Index?Culture=en&PageId=e7445bb0-c3e4-4f56-98c7-edf4390c3b84,South,Racquet Sport,Adult,Evening,FALSE
3,Wednesday,18:00 - 19:00,Heron Road Community Centre,1480 Heron Road,Pickleball 18+,Other,Other,Yes,https://ottawa.ca/en/recreation-and-parks/facilities/place-listing/heron-road-community-centre,https://reservation.frontdesksuite.ca/rcfs/heronCC/Home/Index?Culture=en&PageId=e7445bb0-c3e4-4f56-98c7-edf4390c3b84,South,Racquet Sport,Adult,Evening,FALSE
3,Wednesday,19:00 - 20:00,Heron Road Community Centre,1480 Heron Road,Pickleball 18+,Other,Other,Yes,https://ottawa.ca/en/recreation-and-parks/facilities/place-listing/heron-road-community-centre,https://reservation.frontdesksuite.ca/rcfs/heronCC/Home/Index?Culture=en&PageId=e7445bb0-c3e4-4f56-98c7-edf4390c3b84,South,Racquet Sport,Adult,Evening,FALSE
3,Wednesday,20:00 - 21:00,Heron Road Community Centre,1480 Heron Road,Pickleball 18+,Other,Other,Yes,https://ottawa.ca/en/recreation-and-parks/facilities/place-listing/heron-road-community-centre,https://reservation.frontdesksuite.ca/rcfs/heronCC/Home/Index?Culture=en&PageId=e7445bb0-c3e4-4f56-98c7-edf4390c3b84,South,Racquet Sport,Adult,Evening,FALSE
6,Saturday,08:00 - 09:00,Heron Road Community Centre,1480 Heron Road,Pickleball 18+,Other,Other,Yes,https://ottawa.ca/en/recreation-and-parks/facilities/place-listing/heron-road-community-centre,https://reservation.frontdesksuite.ca/rcfs/heronCC/Home/Index?Culture=en&PageId=e7445bb0-c3e4-4f56-98c7-edf4390c3b84,South,Racquet Sport,Adult,AM,FALSE
6,Saturday,09:05 - 10:05,Heron Road Community Centre,1480 Heron Road,Pickleball 18+,Other,Other,Yes,https://ottawa.ca/en/recreation-and-parks/facilities/place-listing/heron-road-community-centre,https://reservation.frontdesksuite.ca/rcfs/heronCC/Home/Index?Culture=en&PageId=e7445bb0-c3e4-4f56-98c7-edf4390c3b84,South,Racquet Sport,Adult,AM,FALSE
7,Sunday,08:00 - 09:00,Heron Road Community Centre,1480 Heron Road,Pickleball 18+,Other,Other,Yes,https://ottawa.ca/en/recreation-and-parks/facilities/place-listing/heron-road-community-centre,https://reservation.frontdesksuite.ca/rcfs/heronCC/Home/Index?Culture=en&PageId=e7445bb0-c3e4-4f56-98c7-edf4390c3b84,South,Racquet Sport,Adult,AM,FALSE
7,Sunday,09:05 - 10:05,Heron Road Community Centre,1480 Heron Road,Pickleball 18+,Other,Other,Yes,https://ottawa.ca/en/recreation-and-parks/facilities/place-listing/heron-road-community-centre,https://reservation.frontdesksuite.ca/rcfs/heronCC/Home/Index?Culture=en&PageId=e7445bb0-c3e4-4f56-98c7-edf4390c3b84,South,Racquet Sport,Adult,AM,FALSE
1,Monday,17:00 - 18:00,Heron Road Community Centre,1480 Heron Road,Badminton - family,Other,Other,No,https://ottawa.ca/en/recreation-and-parks/facilities/place-listing/heron-road-community-centre,#,South,Racquet Sport,"Preschool, Children, Youth, Adult",Evening,FALSE
1,Monday,20:00 - 21:00,Heron Road Community Centre,1480 Heron Road,Badminton 18+,Other,Other,No,https://ottawa.ca/en/recreation-and-parks/facilities/place-listing/heron-road-community-centre,#,South,Racquet Sport,Adult,Evening,FALSE
6,Saturday,12:30 - 13:30,Heron Road Community Centre,1480 Heron Road,Badminton 18+,Other,Other,No,https://ottawa.ca/en/recreation-and-parks/facilities/place-listing/heron-road-community-centre,#,South,Racquet Sport,Adult,PM,FALSE
6,Saturday,13:30 - 14:30,Heron Road Community Centre,1480 Heron Road,Badminton 18+,Other,Other,No,https://ottawa.ca/en/recreation-and-parks/facilities/place-listing/heron-road-community-centre,#,South,Racquet Sport,Adult,PM,FALSE
7,Sunday,12:30 - 13:30,Heron Road Community Centre,1480 Heron Road,Badminton 18+,Other,Other,No,https://ottawa.ca/en/recreation-and-parks/facilities/place-listing/heron-road-community-centre,#,South,Racquet Sport,Adult,PM,FALSE
7,Sunday,13:30 - 14:30,Heron Road Community Centre,1480 Heron Road,Badminton 18+,Other,Other,No,https://ottawa.ca/en/recreation-and-parks/facilities/place-listing/heron-road-community-centre,#,South,Racquet Sport,Adult,PM,FALSE
6,Saturday,10:30 - 11:30,Heron Road Community Centre,1480 Heron Road,Kindergym,Other,Other,No,https://ottawa.ca/en/recreation-and-parks/facilities/place-listing/heron-road-community-centre,#,South,Gym Sport,Preschool,AM,TRUE
7,Sunday,10:30 - 11:30,Heron Road Community Centre,1480 Heron Road,Kindergym,Other,Other,No,https://ottawa.ca/en/recreation-and-parks/facilities/place-listing/heron-road-community-centre,#,South,Gym Sport,Preschool,AM,FALSE
4,Thursday,20:00 - 21:00,Heron Road Community Centre,1480 Heron Road,Basketball 18+,Other,Other,No,https://ottawa.ca/en/recreation-and-parks/facilities/place-listing/heron-road-community-centre,#,South,Gym Sport,Adult,Evening,FALSE
2,Tuesday,19:00 - 20:00,Heron Road Community Centre,1480 Heron Road,Volleyball 18+,Other,Other,No,https://ottawa.ca/en/recreation-and-parks/facilities/place-listing/heron-road-community-centre,#,South,Gym Sport,Adult,Evening,FALSE
2,Tuesday,17:00 - 18:00,Heron Road Community Centre,1480 Heron Road,Volleyball - youth (13 to 17),Other,Other,No,https://ottawa.ca/en/recreation-and-parks/facilities/place-listing/heron-road-community-centre,#,South,Gym Sport,Youth,Evening,FALSE
1,Monday,08:30 - 15:00,Heron Seniors Centre,1480 Heron Road,Art studio,Other,Other,No,https://ottawa.ca/en/recreation-and-parks/facilities/place-listing/heron-seniors-centre,#,South,Other,Adult,"AM, PM",FALSE
5,Friday,08:30 - 15:00,Heron Seniors Centre,1480 Heron Road,Art studio,Other,Other,No,https://ottawa.ca/en/recreation-and-parks/facilities/place-listing/heron-seniors-centre,#,South,Other,Adult,"AM, PM",FALSE
2,Tuesday,12:30 - 15:30,Heron Seniors Centre,1480 Heron Road,Bridge,Other,Other,No,https://ottawa.ca/en/recreation-and-parks/facilities/place-listing/heron-seniors-centre,#,South,Other,Adult,PM,FALSE
4,Thursday,12:30 - 15:30,Heron Seniors Centre,1480 Heron Road,Bridge,Other,Other,No,https://ottawa.ca/en/recreation-and-parks/facilities/place-listing/heron-seniors-centre,#,South,Other,Adult,PM,FALSE
3,Wednesday,09:30 - 12:00,Heron Seniors Centre,1480 Heron Road,Tea and chat,Other,Other,No,https://ottawa.ca/en/recreation-and-parks/facilities/place-listing/heron-seniors-centre,#,South,Other,Adult,AM,FALSE
4,Thursday,12:30 - 15:30,Heron Seniors Centre,1480 Heron Road,Euchre,Other,Other,No,https://ottawa.ca/en/recreation-and-parks/facilities/place-listing/heron-seniors-centre,#,South,Other,Adult,PM,FALSE
3,Wednesday,10:00 - 12:00,Heron Seniors Centre,1480 Heron Road,Play Reading,Other,Other,No,https://ottawa.ca/en/recreation-and-parks/facilities/place-listing/heron-seniors-centre,#,South,Other,Adult,AM,FALSE
1,Monday,12:30 - 15:30,Heron Seniors Centre,1480 Heron Road,Social games,Other,Other,No,https://ottawa.ca/en/recreation-and-parks/facilities/place-listing/heron-seniors-centre,#,South,Other,Adult,PM,FALSE
1,Monday,08:30 - 15:30,Heron Seniors Centre,1480 Heron Road,Billiards and darts,Other,Other,No,https://ottawa.ca/en/recreation-and-parks/facilities/place-listing/heron-seniors-centre,#,South,Other,Adult,"AM, PM",FALSE
2,Tuesday,08:30 - 15:30,Heron Seniors Centre,1480 Heron Road,Billiards and darts,Other,Other,No,https://ottawa.ca/en/recreation-and-parks/facilities/place-listing/heron-seniors-centre,#,South,Other,Adult,"AM, PM",FALSE
3,Wednesday,08:30 - 15:30,Heron Seniors Centre,1480 Heron Road,Billiards and darts,Other,Other,No,https://ottawa.ca/en/recreation-and-parks/facilities/place-listing/heron-seniors-centre,#,South,Other,Adult,"AM, PM",FALSE
4,Thursday,08:30 - 15:30,Heron Seniors Centre,1480 Heron Road,Billiards and darts,Other,Other,No,https://ottawa.ca/en/recreation-and-parks/facilities/place-listing/heron-seniors-centre,#,South,Other,Adult,"AM, PM",FALSE
5,Friday,08:30 - 15:30,Heron Seniors Centre,1480 Heron Road,Billiards and darts,Other,Other,No,https://ottawa.ca/en/recreation-and-parks/facilities/place-listing/heron-seniors-centre,#,South,Other,Adult,"AM, PM",FALSE
2,Tuesday,10:00 - 11:00,Heron Seniors Centre,1480 Heron Road,Walking club,Other,Other,No,https://ottawa.ca/en/recreation-and-parks/facilities/place-listing/heron-seniors-centre,#,South,Other,Adult,AM,FALSE
3,Wednesday,10:00 - 11:00,Heron Seniors Centre,1480 Heron Road,Walking club,Other,Other,No,https://ottawa.ca/en/recreation-and-parks/facilities/place-listing/heron-seniors-centre,#,South,Other,Adult,AM,FALSE
4,Thursday,10:00 - 11:00,Heron Seniors Centre,1480 Heron Road,Walking club,Other,Other,No,https://ottawa.ca/en/recreation-and-parks/facilities/place-listing/heron-seniors-centre,#,South,Other,Adult,AM,FALSE
3,Wednesday,12:00 - 13:30,Hintonburg Community Centre,1064 Wellington Street West,Badminton,Other,Other,Yes,https://ottawa.ca/en/recreation-and-parks/facilities/place-listing/hintonburg-community-centre,https://reservation.frontdesksuite.ca/rcfs/hintonburgcc/Home/Index?Culture=en&PageId=171093b3-dfc1-4193-b02c-bd8173675fd5,Central,Racquet Sport,Adult,PM,FALSE
3,Wednesday,13:30 - 15:00,Hintonburg Community Centre,1064 Wellington Street West,Badminton,Other,Other,Yes,https://ottawa.ca/en/recreation-and-parks/facilities/place-listing/hintonburg-community-centre,https://reservation.frontdesksuite.ca/rcfs/hintonburgcc/Home/Index?Culture=en&PageId=171093b3-dfc1-4193-b02c-bd8173675fd5,Central,Racquet Sport,Adult,PM,FALSE
4,Thursday,19:00 - 20:30,Hintonburg Community Centre,1064 Wellington Street West,Badminton,Other,Other,Yes,https://ottawa.ca/en/recreation-and-parks/facilities/place-listing/hintonburg-community-centre,https://reservation.frontdesksuite.ca/rcfs/hintonburgcc/Home/Index?Culture=en&PageId=171093b3-dfc1-4193-b02c-bd8173675fd5,Central,Racquet Sport,Adult,Evening,FALSE
4,Thursday,20:30 - 22:00,Hintonburg Community Centre,1064 Wellington Street West,Badminton,Other,Other,Yes,https://ottawa.ca/en/recreation-and-parks/facilities/place-listing/hintonburg-community-centre,https://reservation.frontdesksuite.ca/rcfs/hintonburgcc/Home/Index?Culture=en&PageId=171093b3-dfc1-4193-b02c-bd8173675fd5,Central,Racquet Sport,Adult,Evening,FALSE
7,Sunday,12:30 - 14:00,Hintonburg Community Centre,1064 Wellington Street West,Badminton,Other,Other,Yes,https://ottawa.ca/en/recreation-and-parks/facilities/place-listing/hintonburg-community-centre,https://reservation.frontdesksuite.ca/rcfs/hintonburgcc/Home/Index?Culture=en&PageId=171093b3-dfc1-4193-b02c-bd8173675fd5,Central,Racquet Sport,Adult,PM,FALSE
7,Sunday,14:00 - 15:30,Hintonburg Community Centre,1064 Wellington Street West,Badminton,Other,Other,Yes,https://ottawa.ca/en/recreation-and-parks/facilities/place-listing/hintonburg-community-centre,https://reservation.frontdesksuite.ca/rcfs/hintonburgcc/Home/Index?Culture=en&PageId=171093b3-dfc1-4193-b02c-bd8173675fd5,Central,Racquet Sport,Adult,PM,FALSE
1,Monday,09:30 - 11:00,Hintonburg Community Centre,1064 Wellington Street West,Kinderplay,Other,Other,Yes,https://ottawa.ca/en/recreation-and-parks/facilities/place-listing/hintonburg-community-centre,https://reservation.frontdesksuite.ca/rcfs/hintonburgcc/Home/Index?Culture=en&PageId=171093b3-dfc1-4193-b02c-bd8173675fd5,Central,Gym Sport,Preschool,AM,FALSE
3,Wednesday,09:30 - 11:00,Hintonburg Community Centre,1064 Wellington Street West,Kinderplay,Other,Other,Yes,https://ottawa.ca/en/recreation-and-parks/facilities/place-listing/hintonburg-community-centre,https://reservation.frontdesksuite.ca/rcfs/hintonburgcc/Home/Index?Culture=en&PageId=171093b3-dfc1-4193-b02c-bd8173675fd5,Central,Gym Sport,Preschool,AM,FALSE
1,Monday,12:00 - 13:00,Hintonburg Community Centre,1064 Wellington Street West,Pickleball,Other,Other,Yes,https://ottawa.ca/en/recreation-and-parks/facilities/place-listing/hintonburg-community-centre,https://reservation.frontdesksuite.ca/rcfs/hintonburgcc/Home/Index?Culture=en&PageId=171093b3-dfc1-4193-b02c-bd8173675fd5,Central,Racquet Sport,Adult,PM,FALSE
1,Monday,13:00 - 14:00,Hintonburg Community Centre,1064 Wellington Street West,Pickleball,Other,Other,Yes,https://ottawa.ca/en/recreation-and-parks/facilities/place-listing/hintonburg-community-centre,https://reservation.frontdesksuite.ca/rcfs/hintonburgcc/Home/Index?Culture=en&PageId=171093b3-dfc1-4193-b02c-bd8173675fd5,Central,Racquet Sport,Adult,PM,FALSE
1,Monday,14:00 - 15:00,Hintonburg Community Centre,1064 Wellington Street West,Pickleball,Other,Other,Yes,https://ottawa.ca/en/recreation-and-parks/facilities/place-listing/hintonburg-community-centre,https://reservation.frontdesksuite.ca/rcfs/hintonburgcc/Home/Index?Culture=en&PageId=171093b3-dfc1-4193-b02c-bd8173675fd5,Central,Racquet Sport,Adult,PM,FALSE
2,Tuesday,10:00 - 11:00,Hintonburg Community Centre,1064 Wellington Street West,Pickleball,Other,Other,Yes,https://ottawa.ca/en/recreation-and-parks/facilities/place-listing/hintonburg-community-centre,https://reservation.frontdesksuite.ca/rcfs/hintonburgcc/Home/Index?Culture=en&PageId=171093b3-dfc1-4193-b02c-bd8173675fd5,Central,Racquet Sport,Adult,AM,FALSE
2,Tuesday,11:00 - 12:00,Hintonburg Community Centre,1064 Wellington Street West,Pickleball,Other,Other,Yes,https://ottawa.ca/en/recreation-and-parks/facilities/place-listing/hintonburg-community-centre,https://reservation.frontdesksuite.ca/rcfs/hintonburgcc/Home/Index?Culture=en&PageId=171093b3-dfc1-4193-b02c-bd8173675fd5,Central,Racquet Sport,Adult,AM,FALSE
2,Tuesday,12:00 - 13:00,Hintonburg Community Centre,1064 Wellington Street West,Pickleball,Other,Other,Yes,https://ottawa.ca/en/recreation-and-parks/facilities/place-listing/hintonburg-community-centre,https://reservation.frontdesksuite.ca/rcfs/hintonburgcc/Home/Index?Culture=en&PageId=171093b3-dfc1-4193-b02c-bd8173675fd5,Central,Racquet Sport,Adult,PM,FALSE
2,Tuesday,13:00 - 14:00,Hintonburg Community Centre,1064 Wellington Street West,Pickleball,Other,Other,Yes,https://ottawa.ca/en/recreation-and-parks/facilities/place-listing/hintonburg-community-centre,https://reservation.frontdesksuite.ca/rcfs/hintonburgcc/Home/Index?Culture=en&PageId=171093b3-dfc1-4193-b02c-bd8173675fd5,Central,Racquet Sport,Adult,PM,FALSE
2,Tuesday,14:00 - 15:00,Hintonburg Community Centre,1064 Wellington Street West,Pickleball,Other,Other,Yes,https://ottawa.ca/en/recreation-and-parks/facilities/place-listing/hintonburg-community-centre,https://reservation.frontdesksuite.ca/rcfs/hintonburgcc/Home/Index?Culture=en&PageId=171093b3-dfc1-4193-b02c-bd8173675fd5,Central,Racquet Sport,Adult,PM,FALSE
5,Friday,10:00 - 11:00,Hintonburg Community Centre,1064 Wellington Street West,Pickleball,Other,Other,Yes,https://ottawa.ca/en/recreation-and-parks/facilities/place-listing/hintonburg-community-centre,https://reservation.frontdesksuite.ca/rcfs/hintonburgcc/Home/Index?Culture=en&PageId=171093b3-dfc1-4193-b02c-bd8173675fd5,Central,Racquet Sport,Adult,AM,FALSE
5,Friday,11:00 - 12:00,Hintonburg Community Centre,1064 Wellington Street West,Pickleball,Other,Other,Yes,https://ottawa.ca/en/recreation-and-parks/facilities/place-listing/hintonburg-community-centre,https://reservation.frontdesksuite.ca/rcfs/hintonburgcc/Home/Index?Culture=en&PageId=171093b3-dfc1-4193-b02c-bd8173675fd5,Central,Racquet Sport,Adult,AM,FALSE
5,Friday,20:00 - 20:50,Howard Darwin Centennial Arena,1765 Merivale Road,Figure skating (6+),Other,Other,Yes,https://ottawa.ca/en/recreation-and-parks/facilities/place-listing/howard-darwin-centennial-arena,https://reservation.frontdesksuite.ca/rcfs/arenahowarddarwin/Home/Index?Culture=en&PageId=467ca27d-9005-4709-974c-803b4b96021e&ShouldStartReserveTimeFlow=False&ButtonId=00000000-0000-0000-0000-000000000000,West - Nepean,Skating,Adult,Evening,FALSE
6,Saturday,16:00 - 16:50,Howard Darwin Centennial Arena,1765 Merivale Road,Public skating,Other,Other,No,https://ottawa.ca/en/recreation-and-parks/facilities/place-listing/howard-darwin-centennial-arena,#,West - Nepean,Skating,"Preschool, Children, Youth, Adult",PM,TRUE
7,Sunday,14:00 - 14:50,Howard Darwin Centennial Arena,1765 Merivale Road,Public skating,Other,Other,No,https://ottawa.ca/en/recreation-and-parks/facilities/place-listing/howard-darwin-centennial-arena,#,West - Nepean,Skating,"Preschool, Children, Youth, Adult",PM,FALSE
5,Friday,19:00 - 19:50,Howard Darwin Centennial Arena,1765 Merivale Road,Family skating,Other,Other,No,https://ottawa.ca/en/recreation-and-parks/facilities/place-listing/howard-darwin-centennial-arena,#,West - Nepean,Skating,"Preschool, Children, Youth, Adult",Evening,FALSE
6,Saturday,15:00 - 15:50,Howard Darwin Centennial Arena,1765 Merivale Road,Family skating,Other,Other,No,https://ottawa.ca/en/recreation-and-parks/facilities/place-listing/howard-darwin-centennial-arena,#,West - Nepean,Skating,"Preschool, Children, Youth, Adult",PM,TRUE
7,Sunday,13:00 - 13:50,Howard Darwin Centennial Arena,1765 Merivale Road,Family skating,Other,Other,No,https://ottawa.ca/en/recreation-and-parks/facilities/place-listing/howard-darwin-centennial-arena,#,West - Nepean,Skating,"Preschool, Children, Youth, Adult",PM,FALSE
1,Monday,07:30 - 21:00,Hunt Club-Riverside Park Community Centre,3320 Paul Anka Drive,Cardio and weight room,Other,Other,No,https://ottawa.ca/en/recreation-and-parks/facilities/place-listing/hunt-club-riverside-park-community-centre,#,South,Fitness,Adult,"AM, PM, Evening",FALSE
2,Tuesday,07:30 - 21:00,Hunt Club-Riverside Park Community Centre,3320 Paul Anka Drive,Cardio and weight room,Other,Other,No,https://ottawa.ca/en/recreation-and-parks/facilities/place-listing/hunt-club-riverside-park-community-centre,#,South,Fitness,Adult,"AM, PM, Evening",FALSE
3,Wednesday,07:30 - 21:00,Hunt Club-Riverside Park Community Centre,3320 Paul Anka Drive,Cardio and weight room,Other,Other,No,https://ottawa.ca/en/recreation-and-parks/facilities/place-listing/hunt-club-riverside-park-community-centre,#,South,Fitness,Adult,"AM, PM, Evening",FALSE
4,Thursday,07:30 - 21:00,Hunt Club-Riverside Park Community Centre,3320 Paul Anka Drive,Cardio and weight room,Other,Other,No,https://ottawa.ca/en/recreation-and-parks/facilities/place-listing/hunt-club-riverside-park-community-centre,#,South,Fitness,Adult,"AM, PM, Evening",FALSE
5,Friday,07:30 - 21:00,Hunt Club-Riverside Park Community Centre,3320 Paul Anka Drive,Cardio and weight room,Other,Other,No,https://ottawa.ca/en/recreation-and-parks/facilities/place-listing/hunt-club-riverside-park-community-centre,#,South,Fitness,Adult,"AM, PM, Evening",FALSE
6,Saturday,08:30 - 17:00,Hunt Club-Riverside Park Community Centre,3320 Paul Anka Drive,Cardio and weight room,Other,Other,No,https://ottawa.ca/en/recreation-and-parks/facilities/place-listing/hunt-club-riverside-park-community-centre,#,South,Fitness,Adult,"AM, PM",FALSE
7,Sunday,08:30 - 17:00,Hunt Club-Riverside Park Community Centre,3320 Paul Anka Drive,Cardio and weight room,Other,Other,No,https://ottawa.ca/en/recreation-and-parks/facilities/place-listing/hunt-club-riverside-park-community-centre,#,South,Fitness,Adult,"AM, PM",FALSE
2,Tuesday,18:00 - 19:00,Hunt Club-Riverside Park Community Centre,3320 Paul Anka Drive,Cardio and Strength,Other,Other,Yes,https://ottawa.ca/en/recreation-and-parks/facilities/place-listing/hunt-club-riverside-park-community-centre,https://reservation.frontdesksuite.ca/rcfs/huntclubCC/Home/Index?Culture=en&PageId=279ec8ea-2b3e-4418-bebc-03e0dc833f2f,South,Group Fitness,Adult,Evening,FALSE
4,Thursday,17:45 - 18:45,Hunt Club-Riverside Park Community Centre,3320 Paul Anka Drive,Cardio and Strength,Other,Other,Yes,https://ottawa.ca/en/recreation-and-parks/facilities/place-listing/hunt-club-riverside-park-community-centre,https://reservation.frontdesksuite.ca/rcfs/huntclubCC/Home/Index?Culture=en&PageId=279ec8ea-2b3e-4418-bebc-03e0dc833f2f,South,Group Fitness,Adult,Evening,FALSE
5,Friday,09:00 - 10:00,Hunt Club-Riverside Park Community Centre,3320 Paul Anka Drive,Cardio and Strength,Other,Other,Yes,https://ottawa.ca/en/recreation-and-parks/facilities/place-listing/hunt-club-riverside-park-community-centre,https://reservation.frontdesksuite.ca/rcfs/huntclubCC/Home/Index?Culture=en&PageId=279ec8ea-2b3e-4418-bebc-03e0dc833f2f,South,Group Fitness,Adult,AM,FALSE
6,Saturday,09:00 - 10:00,Hunt Club-Riverside Park Community Centre,3320 Paul Anka Drive,Cardio and Strength,Other,Other,Yes,https://ottawa.ca/en/recreation-and-parks/facilities/place-listing/hunt-club-riverside-park-community-centre,https://reservation.frontdesksuite.ca/rcfs/huntclubCC/Home/Index?Culture=en&PageId=279ec8ea-2b3e-4418-bebc-03e0dc833f2f,South,Group Fitness,Adult,AM,FALSE
3,Wednesday,09:00 - 10:00,Hunt Club-Riverside Park Community Centre,3320 Paul Anka Drive,Strength,Other,Other,Yes,https://ottawa.ca/en/recreation-and-parks/facilities/place-listing/hunt-club-riverside-park-community-centre,https://reservation.frontdesksuite.ca/rcfs/huntclubCC/Home/Index?Culture=en&PageId=279ec8ea-2b3e-4418-bebc-03e0dc833f2f,South,Group Fitness,Adult,AM,FALSE
1,Monday,09:00 - 10:00,Hunt Club-Riverside Park Community Centre,3320 Paul Anka Drive,Stretch and Strength,Other,Other,Yes,https://ottawa.ca/en/recreation-and-parks/facilities/place-listing/hunt-club-riverside-park-community-centre,https://reservation.frontdesksuite.ca/rcfs/huntclubCC/Home/Index?Culture=en&PageId=279ec8ea-2b3e-4418-bebc-03e0dc833f2f,South,Group Fitness,Adult,AM,FALSE
2,Tuesday,09:00 - 10:00,Hunt Club-Riverside Park Community Centre,3320 Paul Anka Drive,Yoga,Other,Other,Yes,https://ottawa.ca/en/recreation-and-parks/facilities/place-listing/hunt-club-riverside-park-community-centre,https://reservation.frontdesksuite.ca/rcfs/huntclubCC/Home/Index?Culture=en&PageId=279ec8ea-2b3e-4418-bebc-03e0dc833f2f,South,Group Fitness,Adult,AM,FALSE
3,Wednesday,17:45 - 18:45,Hunt Club-Riverside Park Community Centre,3320 Paul Anka Drive,Zumba®,Other,Other,Yes,https://ottawa.ca/en/recreation-and-parks/facilities/place-listing/hunt-club-riverside-park-community-centre,https://reservation.frontdesksuite.ca/rcfs/huntclubCC/Home/Index?Culture=en&PageId=279ec8ea-2b3e-4418-bebc-03e0dc833f2f,South,Group Fitness,Adult,Evening,FALSE
6,Saturday,10:00 - 11:00,Hunt Club-Riverside Park Community Centre,3320 Paul Anka Drive,Zumba®,Other,Other,Yes,https://ottawa.ca/en/recreation-and-parks/facilities/place-listing/hunt-club-riverside-park-community-centre,https://reservation.frontdesksuite.ca/rcfs/huntclubCC/Home/Index?Culture=en&PageId=279ec8ea-2b3e-4418-bebc-03e0dc833f2f,South,Group Fitness,Adult,AM,FALSE
3,Wednesday,12:00 - 13:00,Hunt Club-Riverside Park Community Centre,3320 Paul Anka Drive,Badminton - adult,Other,Other,Yes,https://ottawa.ca/en/recreation-and-parks/facilities/place-listing/hunt-club-riverside-park-community-centre,https://reservation.frontdesksuite.ca/rcfs/huntclubCC/Home/Index?Culture=en&PageId=279ec8ea-2b3e-4418-bebc-03e0dc833f2f,South,Racquet Sport,Adult,PM,FALSE
3,Wednesday,13:00 - 14:00,Hunt Club-Riverside Park Community Centre,3320 Paul Anka Drive,Badminton - adult,Other,Other,Yes,https://ottawa.ca/en/recreation-and-parks/facilities/place-listing/hunt-club-riverside-park-community-centre,https://reservation.frontdesksuite.ca/rcfs/huntclubCC/Home/Index?Culture=en&PageId=279ec8ea-2b3e-4418-bebc-03e0dc833f2f,South,Racquet Sport,Adult,PM,FALSE
5,Friday,13:00 - 14:00,Hunt Club-Riverside Park Community Centre,3320 Paul Anka Drive,Badminton - adult,Other,Other,Yes,https://ottawa.ca/en/recreation-and-parks/facilities/place-listing/hunt-club-riverside-park-community-centre,https://reservation.frontdesksuite.ca/rcfs/huntclubCC/Home/Index?Culture=en&PageId=279ec8ea-2b3e-4418-bebc-03e0dc833f2f,South,Racquet Sport,Adult,PM,FALSE
5,Friday,14:00 - 15:00,Hunt Club-Riverside Park Community Centre,3320 Paul Anka Drive,Badminton - adult,Other,Other,Yes,https://ottawa.ca/en/recreation-and-parks/facilities/place-listing/hunt-club-riverside-park-community-centre,https://reservation.frontdesksuite.ca/rcfs/huntclubCC/Home/Index?Culture=en&PageId=279ec8ea-2b3e-4418-bebc-03e0dc833f2f,South,Racquet Sport,Adult,PM,FALSE
7,Sunday,15:30 - 16:30,Hunt Club-Riverside Park Community Centre,3320 Paul Anka Drive,Badminton - adult,Other,Other,Yes,https://ottawa.ca/en/recreation-and-parks/facilities/place-listing/hunt-club-riverside-park-community-centre,https://reservation.frontdesksuite.ca/rcfs/huntclubCC/Home/Index?Culture=en&PageId=279ec8ea-2b3e-4418-bebc-03e0dc833f2f,South,Racquet Sport,Adult,PM,FALSE
7,Sunday,14:30 - 15:30,Hunt Club-Riverside Park Community Centre,3320 Paul Anka Drive,Badminton - family,Other,Other,Yes,https://ottawa.ca/en/recreation-and-parks/facilities/place-listing/hunt-club-riverside-park-community-centre,https://reservation.frontdesksuite.ca/rcfs/huntclubCC/Home/Index?Culture=en&PageId=279ec8ea-2b3e-4418-bebc-03e0dc833f2f,South,Racquet Sport,"Preschool, Children, Youth, Adult",PM,FALSE
6,Saturday,14:15 - 15:15,Hunt Club-Riverside Park Community Centre,3320 Paul Anka Drive,Basketball - adult,Other,Other,Yes,https://ottawa.ca/en/recreation-and-parks/facilities/place-listing/hunt-club-riverside-park-community-centre,https://reservation.frontdesksuite.ca/rcfs/huntclubCC/Home/Index?Culture=en&PageId=279ec8ea-2b3e-4418-bebc-03e0dc833f2f,South,Gym Sport,Adult,PM,FALSE
6,Saturday,09:00 - 10:00,Hunt Club-Riverside Park Community Centre,3320 Paul Anka Drive,Kinderplay,Other,Other,Yes,https://ottawa.ca/en/recreation-and-parks/facilities/place-listing/hunt-club-riverside-park-community-centre,https://reservation.frontdesksuite.ca/rcfs/huntclubCC/Home/Index?Culture=en&PageId=279ec8ea-2b3e-4418-bebc-03e0dc833f2f,South,Gym Sport,Preschool,AM,TRUE
6,Saturday,10:00 - 11:00,Hunt Club-Riverside Park Community Centre,3320 Paul Anka Drive,Kinderplay,Other,Other,Yes,https://ottawa.ca/en/recreation-and-parks/facilities/place-listing/hunt-club-riverside-park-community-centre,https://reservation.frontdesksuite.ca/rcfs/huntclubCC/Home/Index?Culture=en&PageId=279ec8ea-2b3e-4418-bebc-03e0dc833f2f,South,Gym Sport,Preschool,AM,TRUE
6,Saturday,14:15 - 15:15,Hunt Club-Riverside Park Community Centre,3320 Paul Anka Drive,Open Gym - family,Other,Other,Yes,https://ottawa.ca/en/recreation-and-parks/facilities/place-listing/hunt-club-riverside-park-community-centre,https://reservation.frontdesksuite.ca/rcfs/huntclubCC/Home/Index?Culture=en&PageId=279ec8ea-2b3e-4418-bebc-03e0dc833f2f,South,Gym Sport,"Preschool, Children, Youth, Adult",PM,TRUE
1,Monday,12:00 - 13:00,Hunt Club-Riverside Park Community Centre,3320 Paul Anka Drive,Pickleball - adult,Other,Other,Yes,https://ottawa.ca/en/recreation-and-parks/facilities/place-listing/hunt-club-riverside-park-community-centre,https://reservation.frontdesksuite.ca/rcfs/huntclubCC/Home/Index?Culture=en&PageId=279ec8ea-2b3e-4418-bebc-03e0dc833f2f,South,Racquet Sport,Adult,PM,FALSE
1,Monday,13:00 - 14:00,Hunt Club-Riverside Park Community Centre,3320 Paul Anka Drive,Pickleball - adult,Other,Other,Yes,https://ottawa.ca/en/recreation-and-parks/facilities/place-listing/hunt-club-riverside-park-community-centre,https://reservation.frontdesksuite.ca/rcfs/huntclubCC/Home/Index?Culture=en&PageId=279ec8ea-2b3e-4418-bebc-03e0dc833f2f,South,Racquet Sport,Adult,PM,FALSE
2,Tuesday,11:30 - 12:30,Hunt Club-Riverside Park Community Centre,3320 Paul Anka Drive,Pickleball - adult,Other,Other,Yes,https://ottawa.ca/en/recreation-and-parks/facilities/place-listing/hunt-club-riverside-park-community-centre,https://reservation.frontdesksuite.ca/rcfs/huntclubCC/Home/Index?Culture=en&PageId=279ec8ea-2b3e-4418-bebc-03e0dc833f2f,South,Racquet Sport,Adult,"AM, PM",FALSE
2,Tuesday,12:30 - 13:30,Hunt Club-Riverside Park Community Centre,3320 Paul Anka Drive,Pickleball - adult,Other,Other,Yes,https://ottawa.ca/en/recreation-and-parks/facilities/place-listing/hunt-club-riverside-park-community-centre,https://reservation.frontdesksuite.ca/rcfs/huntclubCC/Home/Index?Culture=en&PageId=279ec8ea-2b3e-4418-bebc-03e0dc833f2f,South,Racquet Sport,Adult,PM,FALSE
4,Thursday,12:00 - 13:00,Hunt Club-Riverside Park Community Centre,3320 Paul Anka Drive,Pickleball Intermediate - adult,Other,Other,Yes,https://ottawa.ca/en/recreation-and-parks/facilities/place-listing/hunt-club-riverside-park-community-centre,https://reservation.frontdesksuite.ca/rcfs/huntclubCC/Home/Index?Culture=en&PageId=279ec8ea-2b3e-4418-bebc-03e0dc833f2f,South,Racquet Sport,Adult,PM,FALSE
4,Thursday,13:00 - 14:00,Hunt Club-Riverside Park Community Centre,3320 Paul Anka Drive,Pickleball Intermediate - adult,Other,Other,Yes,https://ottawa.ca/en/recreation-and-parks/facilities/place-listing/hunt-club-riverside-park-community-centre,https://reservation.frontdesksuite.ca/rcfs/huntclubCC/Home/Index?Culture=en&PageId=279ec8ea-2b3e-4418-bebc-03e0dc833f2f,South,Racquet Sport,Adult,PM,FALSE
6,Saturday,13:00 - 14:00,Hunt Club-Riverside Park Community Centre,3320 Paul Anka Drive,Volleyball - adult,Other,Other,Yes,https://ottawa.ca/en/recreation-and-parks/facilities/place-listing/hunt-club-riverside-park-community-centre,https://reservation.frontdesksuite.ca/rcfs/huntclubCC/Home/Index?Culture=en&PageId=279ec8ea-2b3e-4418-bebc-03e0dc833f2f,South,Gym Sport,Adult,PM,FALSE
7,Sunday,11:00 - 12:00,Hunt Club-Riverside Park Community Centre,3320 Paul Anka Drive,Volleyball - adult,Other,Other,Yes,https://ottawa.ca/en/recreation-and-parks/facilities/place-listing/hunt-club-riverside-park-community-centre,https://reservation.frontdesksuite.ca/rcfs/huntclubCC/Home/Index?Culture=en&PageId=279ec8ea-2b3e-4418-bebc-03e0dc833f2f,South,Gym Sport,Adult,AM,FALSE
1,Monday,11:00 - 11:50,J.A. Dulude Arena,941 Clyde Avenue,Public skating,Other,Other,No,https://ottawa.ca/en/recreation-and-parks/facilities/place-listing/ja-dulude-arena,#,West - Nepean,Skating,"Preschool, Children, Youth, Adult",AM,FALSE
2,Tuesday,11:00 - 11:50,J.A. Dulude Arena,941 Clyde Avenue,Public skating,Other,Other,No,https://ottawa.ca/en/recreation-and-parks/facilities/place-listing/ja-dulude-arena,#,West - Nepean,Skating,"Preschool, Children, Youth, Adult",AM,FALSE
4,Thursday,12:00 - 12:50,J.A. Dulude Arena,941 Clyde Avenue,Public skating,Other,Other,No,https://ottawa.ca/en/recreation-and-parks/facilities/place-listing/ja-dulude-arena,#,West - Nepean,Skating,"Preschool, Children, Youth, Adult",PM,FALSE
4,Thursday,18:00 - 18:50,J.A. Dulude Arena,941 Clyde Avenue,Public skating,Other,Other,No,https://ottawa.ca/en/recreation-and-parks/facilities/place-listing/ja-dulude-arena,#,West - Nepean,Skating,"Preschool, Children, Youth, Adult",Evening,FALSE
5,Friday,12:00 - 12:50,J.A. Dulude Arena,941 Clyde Avenue,Public skating,Other,Other,No,https://ottawa.ca/en/recreation-and-parks/facilities/place-listing/ja-dulude-arena,#,West - Nepean,Skating,"Preschool, Children, Youth, Adult",PM,FALSE
6,Saturday,14:00 - 14:50,J.A. Dulude Arena,941 Clyde Avenue,Public skating,Other,Other,No,https://ottawa.ca/en/recreation-and-parks/facilities/place-listing/ja-dulude-arena,#,West - Nepean,Skating,"Preschool, Children, Youth, Adult",PM,TRUE
7,Sunday,16:00 - 16:50,J.A. Dulude Arena,941 Clyde Avenue,Public skating,Other,Other,No,https://ottawa.ca/en/recreation-and-parks/facilities/place-listing/ja-dulude-arena,#,West - Nepean,Skating,"Preschool, Children, Youth, Adult",PM,FALSE
6,Saturday,13:00 - 13:50,J.A. Dulude Arena,941 Clyde Avenue,Family skating,Other,Other,No,https://ottawa.ca/en/recreation-and-parks/facilities/place-listing/ja-dulude-arena,#,West - Nepean,Skating,"Preschool, Children, Youth, Adult",PM,TRUE
7,Sunday,15:00 - 15:50,J.A. Dulude Arena,941 Clyde Avenue,Family skating,Other,Other,No,https://ottawa.ca/en/recreation-and-parks/facilities/place-listing/ja-dulude-arena,#,West - Nepean,Skating,"Preschool, Children, Youth, Adult",PM,FALSE
1,Monday,10:00 - 10:50,J.A. Dulude Arena,941 Clyde Avenue,Adult 50+ skating,Other,Other,No,https://ottawa.ca/en/recreation-and-parks/facilities/place-listing/ja-dulude-arena,#,West - Nepean,Skating,50+,AM,FALSE
2,Tuesday,10:00 - 10:50,J.A. Dulude Arena,941 Clyde Avenue,Adult 50+ skating,Other,Other,No,https://ottawa.ca/en/recreation-and-parks/facilities/place-listing/ja-dulude-arena,#,West - Nepean,Skating,50+,AM,FALSE
4,Thursday,11:00 - 11:50,J.A. Dulude Arena,941 Clyde Avenue,Adult 50+ skating,Other,Other,No,https://ottawa.ca/en/recreation-and-parks/facilities/place-listing/ja-dulude-arena,#,West - Nepean,Skating,50+,AM,FALSE
5,Friday,11:00 - 11:50,J.A. Dulude Arena,941 Clyde Avenue,Adult 50+ skating,Other,Other,No,https://ottawa.ca/en/recreation-and-parks/facilities/place-listing/ja-dulude-arena,#,West - Nepean,Skating,50+,AM,FALSE
4,Thursday,19:00 - 19:50,J.A. Dulude Arena,941 Clyde Avenue,Figure skating (6+),Other,Other,Yes,https://ottawa.ca/en/recreation-and-parks/facilities/place-listing/ja-dulude-arena,https://reservation.frontdesksuite.ca/rcfs/ArenaJADulude/Home/Index?Culture=en&PageId=2d125425-f303-48eb-812d-a25776b59b68,West - Nepean,Skating,Adult,Evening,FALSE
5,Friday,10:00 - 10:50,Jack Charron Arena,10 McKitrick Drive,Public skating,Other,Other,No,https://ottawa.ca/en/recreation-and-parks/facilities/place-listing/jack-charron-arena,#,West - Kanata,Skating,"Preschool, Children, Youth, Adult",AM,FALSE
7,Sunday,16:00 - 16:50,Jack Charron Arena,10 McKitrick Drive,Public skating,Other,Other,No,https://ottawa.ca/en/recreation-and-parks/facilities/place-listing/jack-charron-arena,#,West - Kanata,Skating,"Preschool, Children, Youth, Adult",PM,TRUE
7,Sunday,15:00 - 15:50,Jack Charron Arena,10 McKitrick Drive,Family skating,Other,Other,No,https://ottawa.ca/en/recreation-and-parks/facilities/place-listing/jack-charron-arena,#,West - Kanata,Skating,"Preschool, Children, Youth, Adult",PM,TRUE
5,Friday,09:00 - 09:50,Jack Charron Arena,10 McKitrick Drive,Adult 50+ skating,Other,Other,No,https://ottawa.ca/en/recreation-and-parks/facilities/place-listing/jack-charron-arena,#,West - Kanata,Skating,50+,AM,FALSE
1,Monday,10:00 - 11:00,Jack Purcell Community Centre,320 Jack Purcell Lane,Alternate needs swim,Other,Indoors,Yes,https://ottawa.ca/en/recreation-and-parks/facilities/place-listing/jack-purcell-community-centre,https://reservation.frontdesksuite.ca/rcfs/jpcc/Home/Index?Culture=en&PageId=6b1757a5-2682-45ae-83a1-faa753559938,Central,Swimming,Adult,AM,FALSE
1,Monday,11:00 - 12:00,Jack Purcell Community Centre,320 Jack Purcell Lane,Alternate needs swim,Other,Indoors,Yes,https://ottawa.ca/en/recreation-and-parks/facilities/place-listing/jack-purcell-community-centre,https://reservation.frontdesksuite.ca/rcfs/jpcc/Home/Index?Culture=en&PageId=6b1757a5-2682-45ae-83a1-faa753559938,Central,Swimming,Adult,AM,FALSE
3,Wednesday,10:00 - 11:00,Jack Purcell Community Centre,320 Jack Purcell Lane,Alternate needs swim,Other,Indoors,Yes,https://ottawa.ca/en/recreation-and-parks/facilities/place-listing/jack-purcell-community-centre,https://reservation.frontdesksuite.ca/rcfs/jpcc/Home/Index?Culture=en&PageId=6b1757a5-2682-45ae-83a1-faa753559938,Central,Swimming,Adult,AM,FALSE
3,Wednesday,11:00 - 12:00,Jack Purcell Community Centre,320 Jack Purcell Lane,Alternate needs swim,Other,Indoors,Yes,https://ottawa.ca/en/recreation-and-parks/facilities/place-listing/jack-purcell-community-centre,https://reservation.frontdesksuite.ca/rcfs/jpcc/Home/Index?Culture=en&PageId=6b1757a5-2682-45ae-83a1-faa753559938,Central,Swimming,Adult,AM,FALSE
4,Thursday,19:15 - 20:15,Jack Purcell Community Centre,320 Jack Purcell Lane,Alternate needs swim,Other,Indoors,Yes,https://ottawa.ca/en/recreation-and-parks/facilities/place-listing/jack-purcell-community-centre,https://reservation.frontdesksuite.ca/rcfs/jpcc/Home/Index?Culture=en&PageId=6b1757a5-2682-45ae-83a1-faa753559938,Central,Swimming,Adult,Evening,FALSE
5,Friday,10:00 - 11:00,Jack Purcell Community Centre,320 Jack Purcell Lane,Alternate needs swim,Other,Indoors,Yes,https://ottawa.ca/en/recreation-and-parks/facilities/place-listing/jack-purcell-community-centre,https://reservation.frontdesksuite.ca/rcfs/jpcc/Home/Index?Culture=en&PageId=6b1757a5-2682-45ae-83a1-faa753559938,Central,Swimming,Adult,AM,FALSE
5,Friday,11:00 - 12:00,Jack Purcell Community Centre,320 Jack Purcell Lane,Alternate needs swim,Other,Indoors,Yes,https://ottawa.ca/en/recreation-and-parks/facilities/place-listing/jack-purcell-community-centre,https://reservation.frontdesksuite.ca/rcfs/jpcc/Home/Index?Culture=en&PageId=6b1757a5-2682-45ae-83a1-faa753559938,Central,Swimming,Adult,AM,FALSE
1,Monday,12:00 - 13:00,Jack Purcell Community Centre,320 Jack Purcell Lane,Lane swim,Lane Swim,Indoors,No,https://ottawa.ca/en/recreation-and-parks/facilities/place-listing/jack-purcell-community-centre,#,Central,Swimming,Adult,PM,FALSE
1,Monday,16:00 - 17:00,Jack Purcell Community Centre,320 Jack Purcell Lane,Lane swim,Lane Swim,Indoors,No,https://ottawa.ca/en/recreation-and-parks/facilities/place-listing/jack-purcell-community-centre,#,Central,Swimming,Adult,PM,FALSE
2,Tuesday,12:00 - 13:00,Jack Purcell Community Centre,320 Jack Purcell Lane,Lane swim,Lane Swim,Indoors,No,https://ottawa.ca/en/recreation-and-parks/facilities/place-listing/jack-purcell-community-centre,#,Central,Swimming,Adult,PM,FALSE
3,Wednesday,12:00 - 13:00,Jack Purcell Community Centre,320 Jack Purcell Lane,Lane swim,Lane Swim,Indoors,No,https://ottawa.ca/en/recreation-and-parks/facilities/place-listing/jack-purcell-community-centre,#,Central,Swimming,Adult,PM,FALSE
3,Wednesday,16:00 - 17:00,Jack Purcell Community Centre,320 Jack Purcell Lane,Lane swim,Lane Swim,Indoors,No,https://ottawa.ca/en/recreation-and-parks/facilities/place-listing/jack-purcell-community-centre,#,Central,Swimming,Adult,PM,FALSE
4,Thursday,12:00 - 13:00,Jack Purcell Community Centre,320 Jack Purcell Lane,Lane swim,Lane Swim,Indoors,No,https://ottawa.ca/en/recreation-and-parks/facilities/place-listing/jack-purcell-community-centre,#,Central,Swimming,Adult,PM,FALSE
5,Friday,12:00 - 13:00,Jack Purcell Community Centre,320 Jack Purcell Lane,Lane swim,Lane Swim,Indoors,No,https://ottawa.ca/en/recreation-and-parks/facilities/place-listing/jack-purcell-community-centre,#,Central,Swimming,Adult,PM,FALSE
5,Friday,16:00 - 17:00,Jack Purcell Community Centre,320 Jack Purcell Lane,Lane swim,Lane Swim,Indoors,No,https://ottawa.ca/en/recreation-and-parks/facilities/place-listing/jack-purcell-community-centre,#,Central,Swimming,Adult,PM,FALSE
6,Saturday,13:00 - 14:00,Jack Purcell Community Centre,320 Jack Purcell Lane,Lane swim,Lane Swim,Indoors,No,https://ottawa.ca/en/recreation-and-parks/facilities/place-listing/jack-purcell-community-centre,#,Central,Swimming,Adult,PM,TRUE
7,Sunday,13:00 - 14:00,Jack Purcell Community Centre,320 Jack Purcell Lane,Lane swim,Lane Swim,Indoors,No,https://ottawa.ca/en/recreation-and-parks/facilities/place-listing/jack-purcell-community-centre,#,Central,Swimming,Adult,PM,FALSE
1,Monday,13:00 - 14:00,Jack Purcell Community Centre,320 Jack Purcell Lane,Aqua therapy,Aquafit,Indoors,No,https://ottawa.ca/en/recreation-and-parks/facilities/place-listing/jack-purcell-community-centre,#,Central,Swimming,Adult,PM,FALSE
2,Tuesday,13:00 - 14:00,Jack Purcell Community Centre,320 Jack Purcell Lane,Aqua therapy,Aquafit,Indoors,No,https://ottawa.ca/en/recreation-and-parks/facilities/place-listing/jack-purcell-community-centre,#,Central,Swimming,Adult,PM,FALSE
3,Wednesday,13:00 - 14:00,Jack Purcell Community Centre,320 Jack Purcell Lane,Aqua therapy,Aquafit,Indoors,No,https://ottawa.ca/en/recreation-and-parks/facilities/place-listing/jack-purcell-community-centre,#,Central,Swimming,Adult,PM,FALSE
4,Thursday,13:00 - 14:00,Jack Purcell Community Centre,320 Jack Purcell Lane,Aqua therapy,Aquafit,Indoors,No,https://ottawa.ca/en/recreation-and-parks/facilities/place-listing/jack-purcell-community-centre,#,Central,Swimming,Adult,PM,FALSE
5,Friday,13:00 - 14:00,Jack Purcell Community Centre,320 Jack Purcell Lane,Aqua therapy,Aquafit,Indoors,No,https://ottawa.ca/en/recreation-and-parks/facilities/place-listing/jack-purcell-community-centre,#,Central,Swimming,Adult,PM,FALSE
1,Monday,14:00 - 15:00,Jack Purcell Community Centre,320 Jack Purcell Lane,Chronic pain,Other,Indoors,No,https://ottawa.ca/en/recreation-and-parks/facilities/place-listing/jack-purcell-community-centre,#,Central,Swimming,Adult,PM,FALSE
2,Tuesday,14:00 - 15:00,Jack Purcell Community Centre,320 Jack Purcell Lane,Chronic pain,Other,Indoors,No,https://ottawa.ca/en/recreation-and-parks/facilities/place-listing/jack-purcell-community-centre,#,Central,Swimming,Adult,PM,FALSE
3,Wednesday,14:00 - 15:00,Jack Purcell Community Centre,320 Jack Purcell Lane,Chronic pain,Other,Indoors,No,https://ottawa.ca/en/recreation-and-parks/facilities/place-listing/jack-purcell-community-centre,#,Central,Swimming,Adult,PM,FALSE
4,Thursday,14:00 - 15:00,Jack Purcell Community Centre,320 Jack Purcell Lane,Chronic pain,Other,Indoors,No,https://ottawa.ca/en/recreation-and-parks/facilities/place-listing/jack-purcell-community-centre,#,Central,Swimming,Adult,PM,FALSE
5,Friday,14:00 - 15:00,Jack Purcell Community Centre,320 Jack Purcell Lane,Chronic pain,Other,Indoors,No,https://ottawa.ca/en/recreation-and-parks/facilities/place-listing/jack-purcell-community-centre,#,Central,Swimming,Adult,PM,FALSE
1,Monday,15:00 - 16:00,Jack Purcell Community Centre,320 Jack Purcell Lane,Aquafit Lite,Aquafit,Indoors,No,https://ottawa.ca/en/recreation-and-parks/facilities/place-listing/jack-purcell-community-centre,#,Central,Swimming,Adult,PM,FALSE
1,Monday,17:00 - 18:00,Jack Purcell Community Centre,320 Jack Purcell Lane,Aquafit Lite,Aquafit,Indoors,No,https://ottawa.ca/en/recreation-and-parks/facilities/place-listing/jack-purcell-community-centre,#,Central,Swimming,Adult,Evening,FALSE
3,Wednesday,15:00 - 16:00,Jack Purcell Community Centre,320 Jack Purcell Lane,Aquafit Lite,Aquafit,Indoors,No,https://ottawa.ca/en/recreation-and-parks/facilities/place-listing/jack-purcell-community-centre,#,Central,Swimming,Adult,PM,FALSE
3,Wednesday,17:00 - 18:00,Jack Purcell Community Centre,320 Jack Purcell Lane,Aquafit Lite,Aquafit,Indoors,No,https://ottawa.ca/en/recreation-and-parks/facilities/place-listing/jack-purcell-community-centre,#,Central,Swimming,Adult,Evening,FALSE
5,Friday,15:00 - 16:00,Jack Purcell Community Centre,320 Jack Purcell Lane,Aquafit Lite,Aquafit,Indoors,No,https://ottawa.ca/en/recreation-and-parks/facilities/place-listing/jack-purcell-community-centre,#,Central,Swimming,Adult,PM,FALSE
5,Friday,17:00 - 18:00,Jack Purcell Community Centre,320 Jack Purcell Lane,Aquafit Lite,Aquafit,Indoors,No,https://ottawa.ca/en/recreation-and-parks/facilities/place-listing/jack-purcell-community-centre,#,Central,Swimming,Adult,Evening,FALSE
1,Monday,18:00 - 19:00,Jack Purcell Community Centre,320 Jack Purcell Lane,Public swim,Public Swim,Indoors,No,https://ottawa.ca/en/recreation-and-parks/facilities/place-listing/jack-purcell-community-centre,#,Central,Swimming,"Preschool, Children, Youth, Adult",Evening,FALSE
2,Tuesday,15:00 - 16:00,Jack Purcell Community Centre,320 Jack Purcell Lane,Public swim,Public Swim,Indoors,No,https://ottawa.ca/en/recreation-and-parks/facilities/place-listing/jack-purcell-community-centre,#,Central,Swimming,"Preschool, Children, Youth, Adult",PM,FALSE
3,Wednesday,18:00 - 19:00,Jack Purcell Community Centre,320 Jack Purcell Lane,Public swim,Public Swim,Indoors,No,https://ottawa.ca/en/recreation-and-parks/facilities/place-listing/jack-purcell-community-centre,#,Central,Swimming,"Preschool, Children, Youth, Adult",Evening,FALSE
4,Thursday,15:00 - 16:00,Jack Purcell Community Centre,320 Jack Purcell Lane,Public swim,Public Swim,Indoors,No,https://ottawa.ca/en/recreation-and-parks/facilities/place-listing/jack-purcell-community-centre,#,Central,Swimming,"Preschool, Children, Youth, Adult",PM,FALSE
5,Friday,18:00 - 20:00,Jack Purcell Community Centre,320 Jack Purcell Lane,Public swim,Public Swim,Indoors,No,https://ottawa.ca/en/recreation-and-parks/facilities/place-listing/jack-purcell-community-centre,#,Central,Swimming,"Preschool, Children, Youth, Adult",Evening,FALSE
6,Saturday,14:00 - 16:00,Jack Purcell Community Centre,320 Jack Purcell Lane,Public swim,Public Swim,Indoors,No,https://ottawa.ca/en/recreation-and-parks/facilities/place-listing/jack-purcell-community-centre,#,Central,Swimming,"Preschool, Children, Youth, Adult",PM,TRUE
7,Sunday,14:00 - 15:00,Jack Purcell Community Centre,320 Jack Purcell Lane,Public swim,Public Swim,Indoors,No,https://ottawa.ca/en/recreation-and-parks/facilities/place-listing/jack-purcell-community-centre,#,Central,Swimming,"Preschool, Children, Youth, Adult",PM,FALSE
1,Monday,19:00 - 20:00,Jack Purcell Community Centre,320 Jack Purcell Lane,Women’s only swim,Other,Indoors,No,https://ottawa.ca/en/recreation-and-parks/facilities/place-listing/jack-purcell-community-centre,#,Central,Swimming,Adult,Evening,FALSE
3,Wednesday,19:00 - 20:00,Jack Purcell Community Centre,320 Jack Purcell Lane,Women’s only swim,Other,Indoors,No,https://ottawa.ca/en/recreation-and-parks/facilities/place-listing/jack-purcell-community-centre,#,Central,Swimming,Adult,Evening,FALSE
6,Saturday,16:00 - 17:00,Jack Purcell Community Centre,320 Jack Purcell Lane,Public swim women’s only,Public Swim,Indoors,No,https://ottawa.ca/en/recreation-and-parks/facilities/place-listing/jack-purcell-community-centre,#,Central,Swimming,"Preschool, Children, Youth, Adult",PM,FALSE
7,Sunday,15:00 - 16:00,Jack Purcell Community Centre,320 Jack Purcell Lane,Public swim women’s only,Public Swim,Indoors,No,https://ottawa.ca/en/recreation-and-parks/facilities/place-listing/jack-purcell-community-centre,#,Central,Swimming,"Preschool, Children, Youth, Adult",PM,FALSE
1,Monday,07:30 - 20:00,Jack Purcell Community Centre,320 Jack Purcell Lane,Weight and cardio room,Other,Indoors,No,https://ottawa.ca/en/recreation-and-parks/facilities/place-listing/jack-purcell-community-centre,#,Central,Fitness,Adult,"AM, PM, Evening",FALSE
2,Tuesday,07:30 - 20:00,Jack Purcell Community Centre,320 Jack Purcell Lane,Weight and cardio room,Other,Indoors,No,https://ottawa.ca/en/recreation-and-parks/facilities/place-listing/jack-purcell-community-centre,#,Central,Fitness,Adult,"AM, PM, Evening",FALSE
3,Wednesday,07:30 - 20:00,Jack Purcell Community Centre,320 Jack Purcell Lane,Weight and cardio room,Other,Indoors,No,https://ottawa.ca/en/recreation-and-parks/facilities/place-listing/jack-purcell-community-centre,#,Central,Fitness,Adult,"AM, PM, Evening",FALSE
4,Thursday,07:30 - 20:00,Jack Purcell Community Centre,320 Jack Purcell Lane,Weight and cardio room,Other,Indoors,No,https://ottawa.ca/en/recreation-and-parks/facilities/place-listing/jack-purcell-community-centre,#,Central,Fitness,Adult,"AM, PM, Evening",FALSE
5,Friday,07:30 - 20:00,Jack Purcell Community Centre,320 Jack Purcell Lane,Weight and cardio room,Other,Indoors,No,https://ottawa.ca/en/recreation-and-parks/facilities/place-listing/jack-purcell-community-centre,#,Central,Fitness,Adult,"AM, PM, Evening",FALSE
6,Saturday,09:00 - 17:00,Jack Purcell Community Centre,320 Jack Purcell Lane,Weight and cardio room,Other,Indoors,No,https://ottawa.ca/en/recreation-and-parks/facilities/place-listing/jack-purcell-community-centre,#,Central,Fitness,Adult,"AM, PM",FALSE
7,Sunday,09:00 - 17:00,Jack Purcell Community Centre,320 Jack Purcell Lane,Weight and cardio room,Other,Indoors,No,https://ottawa.ca/en/recreation-and-parks/facilities/place-listing/jack-purcell-community-centre,#,Central,Fitness,Adult,"AM, PM",FALSE
4,Thursday,12:00 - 12:50,Jim Durrell Recreation Centre,1265 Walkley Road,Public skating,Other,Other,No,https://ottawa.ca/en/recreation-and-parks/facilities/place-listing/jim-durrell-recreation-centre,#,South,Skating,"Preschool, Children, Youth, Adult",PM,FALSE
7,Sunday,15:15 - 16:05,Jim Durrell Recreation Centre,1265 Walkley Road,Public skating,Other,Other,No,https://ottawa.ca/en/recreation-and-parks/facilities/place-listing/jim-durrell-recreation-centre,#,South,Skating,"Preschool, Children, Youth, Adult",PM,TRUE
7,Sunday,14:15 - 15:05,Jim Durrell Recreation Centre,1265 Walkley Road,Family skating,Other,Other,No,https://ottawa.ca/en/recreation-and-parks/facilities/place-listing/jim-durrell-recreation-centre,#,South,Skating,"Preschool, Children, Youth, Adult",PM,TRUE
2,Tuesday,11:00 - 11:50,Jim Durrell Recreation Centre,1265 Walkley Road,Adult 18+ skating,Other,Other,No,https://ottawa.ca/en/recreation-and-parks/facilities/place-listing/jim-durrell-recreation-centre,#,South,Skating,Adult,AM,FALSE
4,Thursday,11:00 - 11:50,Jim Durrell Recreation Centre,1265 Walkley Road,Adult 18+ skating,Other,Other,No,https://ottawa.ca/en/recreation-and-parks/facilities/place-listing/jim-durrell-recreation-centre,#,South,Skating,Adult,AM,FALSE
1,Monday,17:15 - 18:05,Jim Durrell Recreation Centre,1265 Walkley Road,Hockey - child (6 to 12 years),Other,Other,Yes,https://ottawa.ca/en/recreation-and-parks/facilities/place-listing/jim-durrell-recreation-centre,https://reservation.frontdesksuite.ca/rcfs/arenajimdurrell/Home/Index?Culture=en&PageId=40528352-c8b1-4cf1-8013-2cbef2679ed7,South,Skating,"Children, Youth",Evening,FALSE
2,Tuesday,12:00 - 12:50,Jim Durrell Recreation Centre,1265 Walkley Road,Hockey 35+,Other,Other,Yes,https://ottawa.ca/en/recreation-and-parks/facilities/place-listing/jim-durrell-recreation-centre,https://reservation.frontdesksuite.ca/rcfs/arenajimdurrell/Home/Index?Culture=en&PageId=40528352-c8b1-4cf1-8013-2cbef2679ed7,South,Skating,Adult,PM,FALSE
4,Thursday,16:15 - 17:05,Jim Durrell Recreation Centre,1265 Walkley Road,Ringette (10 to 14 years),Other,Other,Yes,https://ottawa.ca/en/recreation-and-parks/facilities/place-listing/jim-durrell-recreation-centre,https://reservation.frontdesksuite.ca/rcfs/arenajimdurrell/Home/Index?Culture=en&PageId=40528352-c8b1-4cf1-8013-2cbef2679ed7,South,Skating,Youth,"PM, Evening",FALSE
4,Thursday,15:15 - 16:05,Jim Durrell Recreation Centre,1265 Walkley Road,Stick and Puck - Preschool and Child (3 to 12 years),Other,Other,Yes,https://ottawa.ca/en/recreation-and-parks/facilities/place-listing/jim-durrell-recreation-centre,https://reservation.frontdesksuite.ca/rcfs/arenajimdurrell/Home/Index?Culture=en&PageId=40528352-c8b1-4cf1-8013-2cbef2679ed7,South,Skating,Preschool,PM,FALSE
1,Monday,16:15 - 17:05,Jim Durrell Recreation Centre,1265 Walkley Road,Stick and Puck - Youth and Adult (13+),Other,Other,Yes,https://ottawa.ca/en/recreation-and-parks/facilities/place-listing/jim-durrell-recreation-centre,https://reservation.frontdesksuite.ca/rcfs/arenajimdurrell/Home/Index?Culture=en&PageId=40528352-c8b1-4cf1-8013-2cbef2679ed7,South,Skating,Youth,"PM, Evening",FALSE
3,Wednesday,12:00 - 13:00,Jim Tubman Chevrolet Rink,2185 Arch Street,Lacrosse - all ages,Other,Other,No,https://ottawa.ca/en/recreation-and-parks/facilities/place-listing/jim-tubman-chevrolet-rink,#,South,Gym Sport,"Preschool, Children, Youth, Adult",PM,FALSE
6,Saturday,16:00 - 18:30,Jim Tubman Chevrolet Rink,2185 Arch Street,Lacrosse - all ages,Other,Other,No,https://ottawa.ca/en/recreation-and-parks/facilities/place-listing/jim-tubman-chevrolet-rink,#,South,Gym Sport,"Preschool, Children, Youth, Adult","PM, Evening",FALSE
1,Monday,08:00 - 09:00,Jim Tubman Chevrolet Rink,2185 Arch Street,Rollerblade - all ages,Other,Other,No,https://ottawa.ca/en/recreation-and-parks/facilities/place-listing/jim-tubman-chevrolet-rink,#,South,Gym Sport,"Preschool, Children, Youth, Adult",AM,FALSE
2,Tuesday,08:00 - 09:00,Jim Tubman Chevrolet Rink,2185 Arch Street,Rollerblade - all ages,Other,Other,No,https://ottawa.ca/en/recreation-and-parks/facilities/place-listing/jim-tubman-chevrolet-rink,#,South,Gym Sport,"Preschool, Children, Youth, Adult",AM,FALSE
3,Wednesday,08:00 - 09:00,Jim Tubman Chevrolet Rink,2185 Arch Street,Rollerblade - all ages,Other,Other,No,https://ottawa.ca/en/recreation-and-parks/facilities/place-listing/jim-tubman-chevrolet-rink,#,South,Gym Sport,"Preschool, Children, Youth, Adult",AM,FALSE
4,Thursday,08:00 - 09:00,Jim Tubman Chevrolet Rink,2185 Arch Street,Rollerblade - all ages,Other,Other,No,https://ottawa.ca/en/recreation-and-parks/facilities/place-listing/jim-tubman-chevrolet-rink,#,South,Gym Sport,"Preschool, Children, Youth, Adult",AM,FALSE
5,Friday,08:00 - 09:00,Jim Tubman Chevrolet Rink,2185 Arch Street,Rollerblade - all ages,Other,Other,No,https://ottawa.ca/en/recreation-and-parks/facilities/place-listing/jim-tubman-chevrolet-rink,#,South,Gym Sport,"Preschool, Children, Youth, Adult",AM,FALSE
6,Saturday,09:00 - 12:00,Jim Tubman Chevrolet Rink,2185 Arch Street,Rollerblade - all ages,Other,Other,No,https://ottawa.ca/en/recreation-and-parks/facilities/place-listing/jim-tubman-chevrolet-rink,#,South,Gym Sport,"Preschool, Children, Youth, Adult",AM,FALSE
2,Tuesday,13:00 - 14:30,Jim Tubman Chevrolet Rink,2185 Arch Street,Roller hockey - adult,Other,Other,No,https://ottawa.ca/en/recreation-and-parks/facilities/place-listing/jim-tubman-chevrolet-rink,#,South,Gym Sport,Adult,PM,FALSE
2,Tuesday,21:00 - 22:00,Jim Tubman Chevrolet Rink,2185 Arch Street,Roller hockey - adult,Other,Other,No,https://ottawa.ca/en/recreation-and-parks/facilities/place-listing/jim-tubman-chevrolet-rink,#,South,Gym Sport,Adult,Evening,FALSE
4,Thursday,13:00 - 14:30,Jim Tubman Chevrolet Rink,2185 Arch Street,Roller hockey - adult,Other,Other,No,https://ottawa.ca/en/recreation-and-parks/facilities/place-listing/jim-tubman-chevrolet-rink,#,South,Gym Sport,Adult,PM,FALSE
6,Saturday,21:00 - 22:00,Jim Tubman Chevrolet Rink,2185 Arch Street,Roller hockey - adult,Other,Other,No,https://ottawa.ca/en/recreation-and-parks/facilities/place-listing/jim-tubman-chevrolet-rink,#,South,Gym Sport,Adult,Evening,FALSE
1,Monday,16:30 - 18:15,Jim Tubman Chevrolet Rink,2185 Arch Street,Roller hockey - youth,Other,Other,No,https://ottawa.ca/en/recreation-and-parks/facilities/place-listing/jim-tubman-chevrolet-rink,#,South,Gym Sport,Youth,"PM, Evening",FALSE
3,Wednesday,20:30 - 22:00,Jim Tubman Chevrolet Rink,2185 Arch Street,Roller hockey - youth,Other,Other,No,https://ottawa.ca/en/recreation-and-parks/facilities/place-listing/jim-tubman-chevrolet-rink,#,South,Gym Sport,Youth,Evening,FALSE
5,Friday,16:30 - 18:45,Jim Tubman Chevrolet Rink,2185 Arch Street,Roller hockey - youth,Other,Other,No,https://ottawa.ca/en/recreation-and-parks/facilities/place-listing/jim-tubman-chevrolet-rink,#,South,Gym Sport,Youth,"PM, Evening",FALSE
7,Sunday,13:30 - 15:30,Jim Tubman Chevrolet Rink,2185 Arch Street,Roller hockey - youth,Other,Other,No,https://ottawa.ca/en/recreation-and-parks/facilities/place-listing/jim-tubman-chevrolet-rink,#,South,Gym Sport,Youth,PM,FALSE
1,Monday,14:30 - 16:30,Jim Tubman Chevrolet Rink,2185 Arch Street,Ball hockey - child,Other,Other,No,https://ottawa.ca/en/recreation-and-parks/facilities/place-listing/jim-tubman-chevrolet-rink,#,South,Gym Sport,Children,PM,FALSE
3,Wednesday,14:30 - 16:30,Jim Tubman Chevrolet Rink,2185 Arch Street,Ball hockey - child,Other,Other,No,https://ottawa.ca/en/recreation-and-parks/facilities/place-listing/jim-tubman-chevrolet-rink,#,South,Gym Sport,Children,PM,FALSE
5,Friday,14:30 - 16:30,Jim Tubman Chevrolet Rink,2185 Arch Street,Ball hockey - child,Other,Other,No,https://ottawa.ca/en/recreation-and-parks/facilities/place-listing/jim-tubman-chevrolet-rink,#,South,Gym Sport,Children,PM,FALSE
6,Saturday,18:15 - 20:00,Jim Tubman Chevrolet Rink,2185 Arch Street,Ball hockey - child,Other,Other,No,https://ottawa.ca/en/recreation-and-parks/facilities/place-listing/jim-tubman-chevrolet-rink,#,South,Gym Sport,Children,Evening,FALSE
1,Monday,20:00 - 22:00,Jim Tubman Chevrolet Rink,2185 Arch Street,Ball hockey - youth,Other,Other,No,https://ottawa.ca/en/recreation-and-parks/facilities/place-listing/jim-tubman-chevrolet-rink,#,South,Gym Sport,Youth,Evening,FALSE
6,Saturday,18:30 - 20:00,Jim Tubman Chevrolet Rink,2185 Arch Street,Ball hockey - youth,Other,Other,No,https://ottawa.ca/en/recreation-and-parks/facilities/place-listing/jim-tubman-chevrolet-rink,#,South,Gym Sport,Youth,Evening,FALSE
1,Monday,13:00 - 14:30,Jim Tubman Chevrolet Rink,2185 Arch Street,Basketball - adult,Other,Other,No,https://ottawa.ca/en/recreation-and-parks/facilities/place-listing/jim-tubman-chevrolet-rink,#,South,Gym Sport,Adult,PM,FALSE
3,Wednesday,13:00 - 14:30,Jim Tubman Chevrolet Rink,2185 Arch Street,Basketball - adult,Other,Other,No,https://ottawa.ca/en/recreation-and-parks/facilities/place-listing/jim-tubman-chevrolet-rink,#,South,Gym Sport,Adult,PM,FALSE
5,Friday,13:00 - 14:30,Jim Tubman Chevrolet Rink,2185 Arch Street,Basketball - adult,Other,Other,No,https://ottawa.ca/en/recreation-and-parks/facilities/place-listing/jim-tubman-chevrolet-rink,#,South,Gym Sport,Adult,PM,FALSE
7,Sunday,21:00 - 22:00,Jim Tubman Chevrolet Rink,2185 Arch Street,Basketball - adult,Other,Other,No,https://ottawa.ca/en/recreation-and-parks/facilities/place-listing/jim-tubman-chevrolet-rink,#,South,Gym Sport,Adult,Evening,FALSE
2,Tuesday,16:30 - 17:45,Jim Tubman Chevrolet Rink,2185 Arch Street,Basketball - child,Other,Other,No,https://ottawa.ca/en/recreation-and-parks/facilities/place-listing/jim-tubman-chevrolet-rink,#,South,Gym Sport,Children,"PM, Evening",FALSE
4,Thursday,16:30 - 17:45,Jim Tubman Chevrolet Rink,2185 Arch Street,Basketball - child,Other,Other,No,https://ottawa.ca/en/recreation-and-parks/facilities/place-listing/jim-tubman-chevrolet-rink,#,South,Gym Sport,Children,"PM, Evening",FALSE
6,Saturday,14:00 - 15:00,Jim Tubman Chevrolet Rink,2185 Arch Street,Basketball - child,Other,Other,No,https://ottawa.ca/en/recreation-and-parks/facilities/place-listing/jim-tubman-chevrolet-rink,#,South,Gym Sport,Children,PM,FALSE
7,Sunday,12:00 - 13:30,Jim Tubman Chevrolet Rink,2185 Arch Street,Basketball - child,Other,Other,No,https://ottawa.ca/en/recreation-and-parks/facilities/place-listing/jim-tubman-chevrolet-rink,#,South,Gym Sport,Children,PM,FALSE
1,Monday,12:00 - 13:00,Jim Tubman Chevrolet Rink,2185 Arch Street,Basketball - youth,Other,Other,No,https://ottawa.ca/en/recreation-and-parks/facilities/place-listing/jim-tubman-chevrolet-rink,#,South,Gym Sport,Youth,PM,FALSE
2,Tuesday,12:00 - 13:00,Jim Tubman Chevrolet Rink,2185 Arch Street,Basketball - youth,Other,Other,No,https://ottawa.ca/en/recreation-and-parks/facilities/place-listing/jim-tubman-chevrolet-rink,#,South,Gym Sport,Youth,PM,FALSE
4,Thursday,12:00 - 13:00,Jim Tubman Chevrolet Rink,2185 Arch Street,Basketball - youth,Other,Other,No,https://ottawa.ca/en/recreation-and-parks/facilities/place-listing/jim-tubman-chevrolet-rink,#,South,Gym Sport,Youth,PM,FALSE
5,Friday,12:00 - 13:00,Jim Tubman Chevrolet Rink,2185 Arch Street,Basketball - youth,Other,Other,No,https://ottawa.ca/en/recreation-and-parks/facilities/place-listing/jim-tubman-chevrolet-rink,#,South,Gym Sport,Youth,PM,FALSE
6,Saturday,12:00 - 14:00,Jim Tubman Chevrolet Rink,2185 Arch Street,Basketball - youth,Other,Other,No,https://ottawa.ca/en/recreation-and-parks/facilities/place-listing/jim-tubman-chevrolet-rink,#,South,Gym Sport,Youth,PM,FALSE
7,Sunday,19:15 - 21:00,Jim Tubman Chevrolet Rink,2185 Arch Street,Basketball - youth,Other,Other,No,https://ottawa.ca/en/recreation-and-parks/facilities/place-listing/jim-tubman-chevrolet-rink,#,South,Gym Sport,Youth,Evening,FALSE
4,Thursday,20:00 - 20:50,John G. Mlacak Centre,2500 Campeau Drive,Figure skating,Other,Other,Yes,https://ottawa.ca/en/recreation-and-parks/facilities/place-listing/john-g-mlacak-centre,https://reservation.frontdesksuite.ca/rcfs/ArenaJohnGMlacak/Home/Index?Culture=en&PageId=82eb22b1-dd43-4b8a-b4ec-d9e4fafc93e5,West - Kanata,Skating,Adult,Evening,FALSE
4,Thursday,19:00 - 19:50,John G. Mlacak Centre,2500 Campeau Drive,Public skating,Other,Other,No,https://ottawa.ca/en/recreation-and-parks/facilities/place-listing/john-g-mlacak-centre,#,West - Kanata,Skating,"Preschool, Children, Youth, Adult",Evening,FALSE
6,Saturday,19:00 - 19:50,John G. Mlacak Centre,2500 Campeau Drive,Public skating,Other,Other,No,https://ottawa.ca/en/recreation-and-parks/facilities/place-listing/john-g-mlacak-centre,#,West - Kanata,Skating,"Preschool, Children, Youth, Adult",Evening,TRUE
6,Saturday,18:00 - 18:50,John G. Mlacak Centre,2500 Campeau Drive,Family skating,Other,Other,No,https://ottawa.ca/en/recreation-and-parks/facilities/place-listing/john-g-mlacak-centre,#,West - Kanata,Skating,"Preschool, Children, Youth, Adult",Evening,TRUE
2,Tuesday,15:00 - 15:50,Johnny Leroux Stittsville Community Arena,10 Warner-Colpitts Lane,Youth hockey (13+),Other,Other,Yes,https://ottawa.ca/en/recreation-and-parks/facilities/place-listing/johnny-leroux-stittsville-community-arena,https://reservation.frontdesksuite.ca/rcfs/ArenaJohnnyLeroux/Home/Index?Culture=en&PageId=3b51fbf8-80f4-4363-adf3-8ebe8732df26,West - Stittsville,Skating,Youth,PM,FALSE
2,Tuesday,14:00 - 14:50,Johnny Leroux Stittsville Community Arena,10 Warner-Colpitts Lane,Hockey 60+,Other,Other,Yes,https://ottawa.ca/en/recreation-and-parks/facilities/place-listing/johnny-leroux-stittsville-community-arena,https://reservation.frontdesksuite.ca/rcfs/ArenaJohnnyLeroux/Home/Index?Culture=en&PageId=3b51fbf8-80f4-4363-adf3-8ebe8732df26,West - Stittsville,Skating,50+,PM,FALSE
1,Monday,08:00 - 13:00,Kanata Leisure Centre and Wave Pool,70 Aird Place,Hot tub and sauna,Other,Indoors,No,https://ottawa.ca/en/recreation-and-parks/facilities/place-listing/kanata-leisure-centre-and-wave-pool,#,West - Kanata,Swimming,Adult,"AM, PM",FALSE
1,Monday,17:00 - 21:00,Kanata Leisure Centre and Wave Pool,70 Aird Place,Hot tub and sauna,Other,Indoors,No,https://ottawa.ca/en/recreation-and-parks/facilities/place-listing/kanata-leisure-centre-and-wave-pool,#,West - Kanata,Swimming,Adult,Evening,FALSE
2,Tuesday,08:00 - 13:00,Kanata Leisure Centre and Wave Pool,70 Aird Place,Hot tub and sauna,Other,Indoors,No,https://ottawa.ca/en/recreation-and-parks/facilities/place-listing/kanata-leisure-centre-and-wave-pool,#,West - Kanata,Swimming,Adult,"AM, PM",FALSE
2,Tuesday,17:00 - 21:00,Kanata Leisure Centre and Wave Pool,70 Aird Place,Hot tub and sauna,Other,Indoors,No,https://ottawa.ca/en/recreation-and-parks/facilities/place-listing/kanata-leisure-centre-and-wave-pool,#,West - Kanata,Swimming,Adult,Evening,FALSE
3,Wednesday,08:00 - 13:00,Kanata Leisure Centre and Wave Pool,70 Aird Place,Hot tub and sauna,Other,Indoors,No,https://ottawa.ca/en/recreation-and-parks/facilities/place-listing/kanata-leisure-centre-and-wave-pool,#,West - Kanata,Swimming,Adult,"AM, PM",FALSE
3,Wednesday,17:00 - 21:00,Kanata Leisure Centre and Wave Pool,70 Aird Place,Hot tub and sauna,Other,Indoors,No,https://ottawa.ca/en/recreation-and-parks/facilities/place-listing/kanata-leisure-centre-and-wave-pool,#,West - Kanata,Swimming,Adult,Evening,FALSE
4,Thursday,08:00 - 10:00,Kanata Leisure Centre and Wave Pool,70 Aird Place,Hot tub and sauna,Other,Indoors,No,https://ottawa.ca/en/recreation-and-parks/facilities/place-listing/kanata-leisure-centre-and-wave-pool,#,West - Kanata,Swimming,Adult,AM,FALSE
4,Thursday,11:00 - 13:00,Kanata Leisure Centre and Wave Pool,70 Aird Place,Hot tub and sauna,Other,Indoors,No,https://ottawa.ca/en/recreation-and-parks/facilities/place-listing/kanata-leisure-centre-and-wave-pool,#,West - Kanata,Swimming,Adult,"AM, PM",FALSE
4,Thursday,17:00 - 21:00,Kanata Leisure Centre and Wave Pool,70 Aird Place,Hot tub and sauna,Other,Indoors,No,https://ottawa.ca/en/recreation-and-parks/facilities/place-listing/kanata-leisure-centre-and-wave-pool,#,West - Kanata,Swimming,Adult,Evening,FALSE
5,Friday,08:00 - 13:00,Kanata Leisure Centre and Wave Pool,70 Aird Place,Hot tub and sauna,Other,Indoors,No,https://ottawa.ca/en/recreation-and-parks/facilities/place-listing/kanata-leisure-centre-and-wave-pool,#,West - Kanata,Swimming,Adult,"AM, PM",FALSE
5,Friday,17:00 - 21:00,Kanata Leisure Centre and Wave Pool,70 Aird Place,Hot tub and sauna,Other,Indoors,No,https://ottawa.ca/en/recreation-and-parks/facilities/place-listing/kanata-leisure-centre-and-wave-pool,#,West - Kanata,Swimming,Adult,Evening,FALSE
6,Saturday,12:00 - 17:00,Kanata Leisure Centre and Wave Pool,70 Aird Place,Hot tub and sauna,Other,Indoors,No,https://ottawa.ca/en/recreation-and-parks/facilities/place-listing/kanata-leisure-centre-and-wave-pool,#,West - Kanata,Swimming,Adult,PM,FALSE
7,Sunday,12:00 - 17:00,Kanata Leisure Centre and Wave Pool,70 Aird Place,Hot tub and sauna,Other,Indoors,No,https://ottawa.ca/en/recreation-and-parks/facilities/place-listing/kanata-leisure-centre-and-wave-pool,#,West - Kanata,Swimming,Adult,PM,FALSE
1,Monday,08:00 - 13:00,Kanata Leisure Centre and Wave Pool,70 Aird Place,Lane swim,Lane Swim,Indoors,No,https://ottawa.ca/en/recreation-and-parks/facilities/place-listing/kanata-leisure-centre-and-wave-pool,#,West - Kanata,Swimming,Adult,"AM, PM",FALSE
1,Monday,20:00 - 21:00,Kanata Leisure Centre and Wave Pool,70 Aird Place,Lane swim,Lane Swim,Indoors,No,https://ottawa.ca/en/recreation-and-parks/facilities/place-listing/kanata-leisure-centre-and-wave-pool,#,West - Kanata,Swimming,Adult,Evening,FALSE
2,Tuesday,08:00 - 12:00,Kanata Leisure Centre and Wave Pool,70 Aird Place,Lane swim,Lane Swim,Indoors,No,https://ottawa.ca/en/recreation-and-parks/facilities/place-listing/kanata-leisure-centre-and-wave-pool,#,West - Kanata,Swimming,Adult,AM,FALSE
2,Tuesday,20:00 - 21:00,Kanata Leisure Centre and Wave Pool,70 Aird Place,Lane swim,Lane Swim,Indoors,No,https://ottawa.ca/en/recreation-and-parks/facilities/place-listing/kanata-leisure-centre-and-wave-pool,#,West - Kanata,Swimming,Adult,Evening,FALSE
3,Wednesday,08:00 - 13:00,Kanata Leisure Centre and Wave Pool,70 Aird Place,Lane swim,Lane Swim,Indoors,No,https://ottawa.ca/en/recreation-and-parks/facilities/place-listing/kanata-leisure-centre-and-wave-pool,#,West - Kanata,Swimming,Adult,"AM, PM",FALSE
3,Wednesday,20:00 - 21:00,Kanata Leisure Centre and Wave Pool,70 Aird Place,Lane swim,Lane Swim,Indoors,No,https://ottawa.ca/en/recreation-and-parks/facilities/place-listing/kanata-leisure-centre-and-wave-pool,#,West - Kanata,Swimming,Adult,Evening,FALSE
4,Thursday,08:00 - 10:00,Kanata Leisure Centre and Wave Pool,70 Aird Place,Lane swim,Lane Swim,Indoors,No,https://ottawa.ca/en/recreation-and-parks/facilities/place-listing/kanata-leisure-centre-and-wave-pool,#,West - Kanata,Swimming,Adult,AM,FALSE
4,Thursday,11:00 - 12:00,Kanata Leisure Centre and Wave Pool,70 Aird Place,Lane swim,Lane Swim,Indoors,No,https://ottawa.ca/en/recreation-and-parks/facilities/place-listing/kanata-leisure-centre-and-wave-pool,#,West - Kanata,Swimming,Adult,AM,FALSE
4,Thursday,20:00 - 21:00,Kanata Leisure Centre and Wave Pool,70 Aird Place,Lane swim,Lane Swim,Indoors,No,https://ottawa.ca/en/recreation-and-parks/facilities/place-listing/kanata-leisure-centre-and-wave-pool,#,West - Kanata,Swimming,Adult,Evening,FALSE
5,Friday,08:00 - 12:00,Kanata Leisure Centre and Wave Pool,70 Aird Place,Lane swim,Lane Swim,Indoors,No,https://ottawa.ca/en/recreation-and-parks/facilities/place-listing/kanata-leisure-centre-and-wave-pool,#,West - Kanata,Swimming,Adult,AM,FALSE
5,Friday,20:00 - 21:00,Kanata Leisure Centre and Wave Pool,70 Aird Place,Lane swim,Lane Swim,Indoors,No,https://ottawa.ca/en/recreation-and-parks/facilities/place-listing/kanata-leisure-centre-and-wave-pool,#,West - Kanata,Swimming,Adult,Evening,FALSE
1,Monday,10:00 - 13:00,Kanata Leisure Centre and Wave Pool,70 Aird Place,Preschool swim,Other,Indoors,No,https://ottawa.ca/en/recreation-and-parks/facilities/place-listing/kanata-leisure-centre-and-wave-pool,#,West - Kanata,Swimming,Preschool,"AM, PM",FALSE
2,Tuesday,10:00 - 13:00,Kanata Leisure Centre and Wave Pool,70 Aird Place,Preschool swim,Other,Indoors,No,https://ottawa.ca/en/recreation-and-parks/facilities/place-listing/kanata-leisure-centre-and-wave-pool,#,West - Kanata,Swimming,Preschool,"AM, PM",FALSE
3,Wednesday,10:00 - 13:00,Kanata Leisure Centre and Wave Pool,70 Aird Place,Preschool swim,Other,Indoors,No,https://ottawa.ca/en/recreation-and-parks/facilities/place-listing/kanata-leisure-centre-and-wave-pool,#,West - Kanata,Swimming,Preschool,"AM, PM",FALSE
4,Thursday,11:00 - 13:00,Kanata Leisure Centre and Wave Pool,70 Aird Place,Preschool swim,Other,Indoors,No,https://ottawa.ca/en/recreation-and-parks/facilities/place-listing/kanata-leisure-centre-and-wave-pool,#,West - Kanata,Swimming,Preschool,"AM, PM",FALSE
5,Friday,10:00 - 13:00,Kanata Leisure Centre and Wave Pool,70 Aird Place,Preschool swim,Other,Indoors,No,https://ottawa.ca/en/recreation-and-parks/facilities/place-listing/kanata-leisure-centre-and-wave-pool,#,West - Kanata,Swimming,Preschool,"AM, PM",FALSE
3,Wednesday,17:00 - 18:00,Kanata Leisure Centre and Wave Pool,70 Aird Place,Public swim,Public Swim,Indoors,No,https://ottawa.ca/en/recreation-and-parks/facilities/place-listing/kanata-leisure-centre-and-wave-pool,#,West - Kanata,Swimming,"Preschool, Children, Youth, Adult",Evening,FALSE
5,Friday,17:00 - 18:00,Kanata Leisure Centre and Wave Pool,70 Aird Place,Public swim,Public Swim,Indoors,No,https://ottawa.ca/en/recreation-and-parks/facilities/place-listing/kanata-leisure-centre-and-wave-pool,#,West - Kanata,Swimming,"Preschool, Children, Youth, Adult",Evening,FALSE
6,Saturday,12:00 - 13:00,Kanata Leisure Centre and Wave Pool,70 Aird Place,Public swim,Public Swim,Indoors,No,https://ottawa.ca/en/recreation-and-parks/facilities/place-listing/kanata-leisure-centre-and-wave-pool,#,West - Kanata,Swimming,"Preschool, Children, Youth, Adult",PM,TRUE
7,Sunday,12:00 - 13:00,Kanata Leisure Centre and Wave Pool,70 Aird Place,Public swim,Public Swim,Indoors,No,https://ottawa.ca/en/recreation-and-parks/facilities/place-listing/kanata-leisure-centre-and-wave-pool,#,West - Kanata,Swimming,"Preschool, Children, Youth, Adult",PM,FALSE
3,Wednesday,18:00 - 20:00,Kanata Leisure Centre and Wave Pool,70 Aird Place,Wave swim,Other,Indoors,No,https://ottawa.ca/en/recreation-and-parks/facilities/place-listing/kanata-leisure-centre-and-wave-pool,#,West - Kanata,Swimming,"Preschool, Children, Youth, Adult",Evening,FALSE
5,Friday,18:00 - 20:00,Kanata Leisure Centre and Wave Pool,70 Aird Place,Wave swim,Other,Indoors,No,https://ottawa.ca/en/recreation-and-parks/facilities/place-listing/kanata-leisure-centre-and-wave-pool,#,West - Kanata,Swimming,"Preschool, Children, Youth, Adult",Evening,FALSE
6,Saturday,13:00 - 17:00,Kanata Leisure Centre and Wave Pool,70 Aird Place,Wave swim,Other,Indoors,No,https://ottawa.ca/en/recreation-and-parks/facilities/place-listing/kanata-leisure-centre-and-wave-pool,#,West - Kanata,Swimming,"Preschool, Children, Youth, Adult",PM,FALSE
7,Sunday,13:00 - 17:00,Kanata Leisure Centre and Wave Pool,70 Aird Place,Wave swim,Other,Indoors,No,https://ottawa.ca/en/recreation-and-parks/facilities/place-listing/kanata-leisure-centre-and-wave-pool,#,West - Kanata,Swimming,"Preschool, Children, Youth, Adult",PM,FALSE
2,Tuesday,12:05 - 13:00,Kanata Leisure Centre and Wave Pool,70 Aird Place,Aquafit,Aquafit,Indoors,No,https://ottawa.ca/en/recreation-and-parks/facilities/place-listing/kanata-leisure-centre-and-wave-pool,#,West - Kanata,Swimming,Adult,PM,FALSE
4,Thursday,12:00 - 12:55,Kanata Leisure Centre and Wave Pool,70 Aird Place,Aquafit,Aquafit,Indoors,No,https://ottawa.ca/en/recreation-and-parks/facilities/place-listing/kanata-leisure-centre-and-wave-pool,#,West - Kanata,Swimming,Adult,PM,FALSE
4,Thursday,13:05 - 14:00,Kanata Leisure Centre and Wave Pool,70 Aird Place,Aquafit,Aquafit,Indoors,No,https://ottawa.ca/en/recreation-and-parks/facilities/place-listing/kanata-leisure-centre-and-wave-pool,#,West - Kanata,Swimming,Adult,PM,FALSE
5,Friday,12:05 - 13:00,Kanata Leisure Centre and Wave Pool,70 Aird Place,Aquafit,Aquafit,Indoors,No,https://ottawa.ca/en/recreation-and-parks/facilities/place-listing/kanata-leisure-centre-and-wave-pool,#,West - Kanata,Swimming,Adult,PM,FALSE
1,Monday,07:00 - 21:00,Kanata Leisure Centre and Wave Pool,70 Aird Place,Weight and cardio room,Other,Indoors,No,https://ottawa.ca/en/recreation-and-parks/facilities/place-listing/kanata-leisure-centre-and-wave-pool,#,West - Kanata,Fitness,Adult,"AM, PM, Evening",FALSE
2,Tuesday,07:00 - 21:00,Kanata Leisure Centre and Wave Pool,70 Aird Place,Weight and cardio room,Other,Indoors,No,https://ottawa.ca/en/recreation-and-parks/facilities/place-listing/kanata-leisure-centre-and-wave-pool,#,West - Kanata,Fitness,Adult,"AM, PM, Evening",FALSE
3,Wednesday,07:00 - 21:00,Kanata Leisure Centre and Wave Pool,70 Aird Place,Weight and cardio room,Other,Indoors,No,https://ottawa.ca/en/recreation-and-parks/facilities/place-listing/kanata-leisure-centre-and-wave-pool,#,West - Kanata,Fitness,Adult,"AM, PM, Evening",FALSE
4,Thursday,07:00 - 21:00,Kanata Leisure Centre and Wave Pool,70 Aird Place,Weight and cardio room,Other,Indoors,No,https://ottawa.ca/en/recreation-and-parks/facilities/place-listing/kanata-leisure-centre-and-wave-pool,#,West - Kanata,Fitness,Adult,"AM, PM, Evening",FALSE
5,Friday,07:00 - 21:00,Kanata Leisure Centre and Wave Pool,70 Aird Place,Weight and cardio room,Other,Indoors,No,https://ottawa.ca/en/recreation-and-parks/facilities/place-listing/kanata-leisure-centre-and-wave-pool,#,West - Kanata,Fitness,Adult,"AM, PM, Evening",FALSE
6,Saturday,08:00 - 20:00,Kanata Leisure Centre and Wave Pool,70 Aird Place,Weight and cardio room,Other,Indoors,No,https://ottawa.ca/en/recreation-and-parks/facilities/place-listing/kanata-leisure-centre-and-wave-pool,#,West - Kanata,Fitness,Adult,"AM, PM, Evening",FALSE
7,Sunday,08:00 - 18:00,Kanata Leisure Centre and Wave Pool,70 Aird Place,Weight and cardio room,Other,Indoors,No,https://ottawa.ca/en/recreation-and-parks/facilities/place-listing/kanata-leisure-centre-and-wave-pool,#,West - Kanata,Fitness,Adult,"AM, PM, Evening",FALSE
1,Monday,10:30 - 11:30,Kanata Leisure Centre and Wave Pool,70 Aird Place,Qigong,Other,Indoors,No,https://ottawa.ca/en/recreation-and-parks/facilities/place-listing/kanata-leisure-centre-and-wave-pool,#,West - Kanata,Group Fitness,Adult,AM,FALSE
6,Saturday,10:00 - 11:00,Kanata Leisure Centre and Wave Pool,70 Aird Place,Qigong,Other,Indoors,No,https://ottawa.ca/en/recreation-and-parks/facilities/place-listing/kanata-leisure-centre-and-wave-pool,#,West - Kanata,Group Fitness,Adult,AM,FALSE
2,Tuesday,09:00 - 10:00,Kanata Leisure Centre and Wave Pool,70 Aird Place,Step and strength,Other,Indoors,No,https://ottawa.ca/en/recreation-and-parks/facilities/place-listing/kanata-leisure-centre-and-wave-pool,#,West - Kanata,Group Fitness,Adult,AM,FALSE
5,Friday,09:00 - 10:00,Kanata Leisure Centre and Wave Pool,70 Aird Place,Step and strength,Other,Indoors,No,https://ottawa.ca/en/recreation-and-parks/facilities/place-listing/kanata-leisure-centre-and-wave-pool,#,West - Kanata,Group Fitness,Adult,AM,FALSE
1,Monday,09:00 - 10:00,Kanata Leisure Centre and Wave Pool,70 Aird Place,Strength,Other,Indoors,No,https://ottawa.ca/en/recreation-and-parks/facilities/place-listing/kanata-leisure-centre-and-wave-pool,#,West - Kanata,Group Fitness,Adult,AM,FALSE
2,Tuesday,10:30 - 11:30,Kanata Leisure Centre and Wave Pool,70 Aird Place,Tai Chi,Other,Indoors,No,https://ottawa.ca/en/recreation-and-parks/facilities/place-listing/kanata-leisure-centre-and-wave-pool,#,West - Kanata,Group Fitness,Adult,AM,FALSE
5,Friday,10:30 - 11:30,Kanata Leisure Centre and Wave Pool,70 Aird Place,Tai Chi,Other,Indoors,No,https://ottawa.ca/en/recreation-and-parks/facilities/place-listing/kanata-leisure-centre-and-wave-pool,#,West - Kanata,Group Fitness,Adult,AM,FALSE
4,Thursday,10:30 - 11:30,Kanata Leisure Centre and Wave Pool,70 Aird Place,Yoga,Other,Indoors,No,https://ottawa.ca/en/recreation-and-parks/facilities/place-listing/kanata-leisure-centre-and-wave-pool,#,West - Kanata,Group Fitness,Adult,AM,FALSE
6,Saturday,11:00 - 12:00,Kanata Leisure Centre and Wave Pool,70 Aird Place,Yoga,Other,Indoors,No,https://ottawa.ca/en/recreation-and-parks/facilities/place-listing/kanata-leisure-centre-and-wave-pool,#,West - Kanata,Group Fitness,Adult,AM,FALSE
2,Tuesday,19:00 - 20:00,Kanata Leisure Centre and Wave Pool,70 Aird Place,Zumba®,Other,Indoors,No,https://ottawa.ca/en/recreation-and-parks/facilities/place-listing/kanata-leisure-centre-and-wave-pool,#,West - Kanata,Group Fitness,Adult,Evening,FALSE
5,Friday,19:00 - 20:00,Kanata Leisure Centre and Wave Pool,70 Aird Place,Zumba®,Other,Indoors,No,https://ottawa.ca/en/recreation-and-parks/facilities/place-listing/kanata-leisure-centre-and-wave-pool,#,West - Kanata,Group Fitness,Adult,Evening,FALSE
3,Wednesday,09:30 - 10:30,Kanata Leisure Centre and Wave Pool,70 Aird Place,Zumba® Gold,Other,Indoors,No,https://ottawa.ca/en/recreation-and-parks/facilities/place-listing/kanata-leisure-centre-and-wave-pool,#,West - Kanata,Group Fitness,50+,AM,FALSE
4,Thursday,13:00 - 15:00,Kanata Seniors Centre,2500 Campeau Drive,Bid Euchre,Other,Other,No,https://ottawa.ca/en/recreation-and-parks/facilities/place-listing/kanata-seniors-centre,#,West - Kanata,Other,Adult,PM,FALSE
2,Tuesday,12:30 - 15:00,Kanata Seniors Centre,2500 Campeau Drive,Carpet Bowling,Other,Other,No,https://ottawa.ca/en/recreation-and-parks/facilities/place-listing/kanata-seniors-centre,#,West - Kanata,Other,Adult,PM,FALSE
2,Tuesday,09:00 - 11:30,Kanata Seniors Centre,2500 Campeau Drive,Intermediate Instructional Bridge,Other,Other,No,https://ottawa.ca/en/recreation-and-parks/facilities/place-listing/kanata-seniors-centre,#,West - Kanata,Other,Adult,AM,FALSE
2,Tuesday,13:00 - 15:30,Kanata Seniors Centre,2500 Campeau Drive,Open Paint,Other,Other,No,https://ottawa.ca/en/recreation-and-parks/facilities/place-listing/kanata-seniors-centre,#,West - Kanata,Other,Adult,PM,FALSE
1,Monday,10:00 - 11:00,Kanata Seniors Centre,2500 Campeau Drive,Sounds of Music,Other,Other,No,https://ottawa.ca/en/recreation-and-parks/facilities/place-listing/kanata-seniors-centre,#,West - Kanata,Other,Adult,AM,FALSE
2,Tuesday,18:15 - 19:15,Lansdowne Park,1525 Princess Patricia,Roller skating,Other,Other,No,https://ottawa.ca/en/recreation-and-parks/facilities/place-listing/lansdowne-park,#,Central,Gym Sport,Adult,Evening,FALSE
2,Tuesday,19:20 - 20:20,Lansdowne Park,1525 Princess Patricia,Roller skating,Other,Other,No,https://ottawa.ca/en/recreation-and-parks/facilities/place-listing/lansdowne-park,#,Central,Gym Sport,Adult,Evening,FALSE
3,Wednesday,16:00 - 16:50,Lois Kemp Arena (Blackburn),200 Glen Park Drive,Hockey - child (ages 6 to 12),Other,Other,Yes,https://ottawa.ca/en/recreation-and-parks/facilities/place-listing/lois-kemp-arena-blackburn,https://reservation.frontdesksuite.ca/rcfs/loiskemp/Home/Index?Culture=en&PageId=b423691c-d790-4110-90f1-dde02a8e2b3f&ShouldStartReserveTimeFlow=False&ButtonId=00000000-0000-0000-0000-000000000000,East - Orleans,Skating,"Children, Youth",PM,FALSE
2,Tuesday,10:00 - 10:50,Lois Kemp Arena (Blackburn),200 Glen Park Drive,Hockey 50+,Other,Other,Yes,https://ottawa.ca/en/recreation-and-parks/facilities/place-listing/lois-kemp-arena-blackburn,https://reservation.frontdesksuite.ca/rcfs/loiskemp/Home/Index?Culture=en&PageId=b423691c-d790-4110-90f1-dde02a8e2b3f&ShouldStartReserveTimeFlow=False&ButtonId=00000000-0000-0000-0000-000000000000,East - Orleans,Skating,50+,AM,FALSE
5,Friday,19:00 - 19:50,Lois Kemp Arena (Blackburn),200 Glen Park Drive,Ringette (10 to 14 years),Other,Other,Yes,https://ottawa.ca/en/recreation-and-parks/facilities/place-listing/lois-kemp-arena-blackburn,https://reservation.frontdesksuite.ca/rcfs/loiskemp/Home/Index?Culture=en&PageId=b423691c-d790-4110-90f1-dde02a8e2b3f&ShouldStartReserveTimeFlow=False&ButtonId=00000000-0000-0000-0000-000000000000,East - Orleans,Skating,Youth,Evening,FALSE
1,Monday,16:00 - 16:50,Lois Kemp Arena (Blackburn),200 Glen Park Drive,Stick and puck - youth and adult (ages 13+),Other,Other,Yes,https://ottawa.ca/en/recreation-and-parks/facilities/place-listing/lois-kemp-arena-blackburn,https://reservation.frontdesksuite.ca/rcfs/loiskemp/Home/Index?Culture=en&PageId=b423691c-d790-4110-90f1-dde02a8e2b3f&ShouldStartReserveTimeFlow=False&ButtonId=00000000-0000-0000-0000-000000000000,East - Orleans,Skating,Youth,PM,FALSE
2,Tuesday,11:00 - 11:50,Lois Kemp Arena (Blackburn),200 Glen Park Drive,Public skating,Other,Other,No,https://ottawa.ca/en/recreation-and-parks/facilities/place-listing/lois-kemp-arena-blackburn,#,East - Orleans,Skating,"Preschool, Children, Youth, Adult",AM,FALSE
3,Wednesday,15:00 - 15:50,Lois Kemp Arena (Blackburn),200 Glen Park Drive,Public skating,Other,Other,No,https://ottawa.ca/en/recreation-and-parks/facilities/place-listing/lois-kemp-arena-blackburn,#,East - Orleans,Skating,"Preschool, Children, Youth, Adult",PM,FALSE
5,Friday,18:00 - 18:50,Lois Kemp Arena (Blackburn),200 Glen Park Drive,Public skating,Other,Other,No,https://ottawa.ca/en/recreation-and-parks/facilities/place-listing/lois-kemp-arena-blackburn,#,East - Orleans,Skating,"Preschool, Children, Youth, Adult",Evening,FALSE
7,Sunday,16:00 - 16:50,Lois Kemp Arena (Blackburn),200 Glen Park Drive,Public skating,Other,Other,No,https://ottawa.ca/en/recreation-and-parks/facilities/place-listing/lois-kemp-arena-blackburn,#,East - Orleans,Skating,"Preschool, Children, Youth, Adult",PM,TRUE
5,Friday,17:00 - 17:50,Lois Kemp Arena (Blackburn),200 Glen Park Drive,Family skating,Other,Other,No,https://ottawa.ca/en/recreation-and-parks/facilities/place-listing/lois-kemp-arena-blackburn,#,East - Orleans,Skating,"Preschool, Children, Youth, Adult",Evening,FALSE
7,Sunday,15:00 - 15:50,Lois Kemp Arena (Blackburn),200 Glen Park Drive,Family skating,Other,Other,No,https://ottawa.ca/en/recreation-and-parks/facilities/place-listing/lois-kemp-arena-blackburn,#,East - Orleans,Skating,"Preschool, Children, Youth, Adult",PM,TRUE
1,Monday,15:00 - 15:50,Lois Kemp Arena (Blackburn),200 Glen Park Drive,Skating 50+,Other,Other,No,https://ottawa.ca/en/recreation-and-parks/facilities/place-listing/lois-kemp-arena-blackburn,#,East - Orleans,Skating,50+,PM,FALSE
1,Monday,07:30 - 10:00,Lowertown Community Centre and Pool,40 Cobourg Street,Lane Swim,Lane Swim,Indoors,Yes,https://ottawa.ca/en/recreation-and-parks/facilities/place-listing/lowertown-community-centre-and-pool,https://reservation.frontdesksuite.ca/rcfs/lowertown/Home/Index?Culture=en&PageId=ca5c7334-1292-4494-934e-15cb2f5dca34,Central,Swimming,Adult,AM,FALSE
1,Monday,11:00 - 14:00,Lowertown Community Centre and Pool,40 Cobourg Street,Lane Swim,Lane Swim,Indoors,Yes,https://ottawa.ca/en/recreation-and-parks/facilities/place-listing/lowertown-community-centre-and-pool,https://reservation.frontdesksuite.ca/rcfs/lowertown/Home/Index?Culture=en&PageId=ca5c7334-1292-4494-934e-15cb2f5dca34,Central,Swimming,Adult,"AM, PM",FALSE
1,Monday,20:30 - 22:00,Lowertown Community Centre and Pool,40 Cobourg Street,Lane Swim,Lane Swim,Indoors,Yes,https://ottawa.ca/en/recreation-and-parks/facilities/place-listing/lowertown-community-centre-and-pool,https://reservation.frontdesksuite.ca/rcfs/lowertown/Home/Index?Culture=en&PageId=ca5c7334-1292-4494-934e-15cb2f5dca34,Central,Swimming,Adult,Evening,FALSE
2,Tuesday,11:00 - 13:00,Lowertown Community Centre and Pool,40 Cobourg Street,Lane Swim,Lane Swim,Indoors,Yes,https://ottawa.ca/en/recreation-and-parks/facilities/place-listing/lowertown-community-centre-and-pool,https://reservation.frontdesksuite.ca/rcfs/lowertown/Home/Index?Culture=en&PageId=ca5c7334-1292-4494-934e-15cb2f5dca34,Central,Swimming,Adult,"AM, PM",FALSE
2,Tuesday,19:00 - 20:00,Lowertown Community Centre and Pool,40 Cobourg Street,Lane Swim,Lane Swim,Indoors,Yes,https://ottawa.ca/en/recreation-and-parks/facilities/place-listing/lowertown-community-centre-and-pool,https://reservation.frontdesksuite.ca/rcfs/lowertown/Home/Index?Culture=en&PageId=ca5c7334-1292-4494-934e-15cb2f5dca34,Central,Swimming,Adult,Evening,FALSE
3,Wednesday,06:30 - 10:00,Lowertown Community Centre and Pool,40 Cobourg Street,Lane Swim,Lane Swim,Indoors,Yes,https://ottawa.ca/en/recreation-and-parks/facilities/place-listing/lowertown-community-centre-and-pool,https://reservation.frontdesksuite.ca/rcfs/lowertown/Home/Index?Culture=en&PageId=ca5c7334-1292-4494-934e-15cb2f5dca34,Central,Swimming,Adult,AM,FALSE
3,Wednesday,11:00 - 13:00,Lowertown Community Centre and Pool,40 Cobourg Street,Lane Swim,Lane Swim,Indoors,Yes,https://ottawa.ca/en/recreation-and-parks/facilities/place-listing/lowertown-community-centre-and-pool,https://reservation.frontdesksuite.ca/rcfs/lowertown/Home/Index?Culture=en&PageId=ca5c7334-1292-4494-934e-15cb2f5dca34,Central,Swimming,Adult,"AM, PM",FALSE
3,Wednesday,20:00 - 22:00,Lowertown Community Centre and Pool,40 Cobourg Street,Lane Swim,Lane Swim,Indoors,Yes,https://ottawa.ca/en/recreation-and-parks/facilities/place-listing/lowertown-community-centre-and-pool,https://reservation.frontdesksuite.ca/rcfs/lowertown/Home/Index?Culture=en&PageId=ca5c7334-1292-4494-934e-15cb2f5dca34,Central,Swimming,Adult,Evening,FALSE
4,Thursday,06:30 - 10:00,Lowertown Community Centre and Pool,40 Cobourg Street,Lane Swim,Lane Swim,Indoors,Yes,https://ottawa.ca/en/recreation-and-parks/facilities/place-listing/lowertown-community-centre-and-pool,https://reservation.frontdesksuite.ca/rcfs/lowertown/Home/Index?Culture=en&PageId=ca5c7334-1292-4494-934e-15cb2f5dca34,Central,Swimming,Adult,AM,FALSE
4,Thursday,11:00 - 13:00,Lowertown Community Centre and Pool,40 Cobourg Street,Lane Swim,Lane Swim,Indoors,Yes,https://ottawa.ca/en/recreation-and-parks/facilities/place-listing/lowertown-community-centre-and-pool,https://reservation.frontdesksuite.ca/rcfs/lowertown/Home/Index?Culture=en&PageId=ca5c7334-1292-4494-934e-15cb2f5dca34,Central,Swimming,Adult,"AM, PM",FALSE
4,Thursday,19:00 - 20:00,Lowertown Community Centre and Pool,40 Cobourg Street,Lane Swim,Lane Swim,Indoors,Yes,https://ottawa.ca/en/recreation-and-parks/facilities/place-listing/lowertown-community-centre-and-pool,https://reservation.frontdesksuite.ca/rcfs/lowertown/Home/Index?Culture=en&PageId=ca5c7334-1292-4494-934e-15cb2f5dca34,Central,Swimming,Adult,Evening,FALSE
5,Friday,06:30 - 10:00,Lowertown Community Centre and Pool,40 Cobourg Street,Lane Swim,Lane Swim,Indoors,Yes,https://ottawa.ca/en/recreation-and-parks/facilities/place-listing/lowertown-community-centre-and-pool,https://reservation.frontdesksuite.ca/rcfs/lowertown/Home/Index?Culture=en&PageId=ca5c7334-1292-4494-934e-15cb2f5dca34,Central,Swimming,Adult,AM,FALSE
5,Friday,11:00 - 13:00,Lowertown Community Centre and Pool,40 Cobourg Street,Lane Swim,Lane Swim,Indoors,Yes,https://ottawa.ca/en/recreation-and-parks/facilities/place-listing/lowertown-community-centre-and-pool,https://reservation.frontdesksuite.ca/rcfs/lowertown/Home/Index?Culture=en&PageId=ca5c7334-1292-4494-934e-15cb2f5dca34,Central,Swimming,Adult,"AM, PM",FALSE
5,Friday,14:00 - 16:00,Lowertown Community Centre and Pool,40 Cobourg Street,Lane Swim,Lane Swim,Indoors,Yes,https://ottawa.ca/en/recreation-and-parks/facilities/place-listing/lowertown-community-centre-and-pool,https://reservation.frontdesksuite.ca/rcfs/lowertown/Home/Index?Culture=en&PageId=ca5c7334-1292-4494-934e-15cb2f5dca34,Central,Swimming,Adult,PM,FALSE
6,Saturday,15:00 - 16:00,Lowertown Community Centre and Pool,40 Cobourg Street,Lane Swim,Lane Swim,Indoors,Yes,https://ottawa.ca/en/recreation-and-parks/facilities/place-listing/lowertown-community-centre-and-pool,https://reservation.frontdesksuite.ca/rcfs/lowertown/Home/Index?Culture=en&PageId=ca5c7334-1292-4494-934e-15cb2f5dca34,Central,Swimming,Adult,PM,FALSE
7,Sunday,15:00 - 16:00,Lowertown Community Centre and Pool,40 Cobourg Street,Lane Swim,Lane Swim,Indoors,Yes,https://ottawa.ca/en/recreation-and-parks/facilities/place-listing/lowertown-community-centre-and-pool,https://reservation.frontdesksuite.ca/rcfs/lowertown/Home/Index?Culture=en&PageId=ca5c7334-1292-4494-934e-15cb2f5dca34,Central,Swimming,Adult,PM,FALSE
2,Tuesday,13:00 - 14:00,Lowertown Community Centre and Pool,40 Cobourg Street,Public Swim,Public Swim,Indoors,Yes,https://ottawa.ca/en/recreation-and-parks/facilities/place-listing/lowertown-community-centre-and-pool,https://reservation.frontdesksuite.ca/rcfs/lowertown/Home/Index?Culture=en&PageId=ca5c7334-1292-4494-934e-15cb2f5dca34,Central,Swimming,"Preschool, Children, Youth, Adult",PM,FALSE
3,Wednesday,18:00 - 20:00,Lowertown Community Centre and Pool,40 Cobourg Street,Public Swim,Public Swim,Indoors,Yes,https://ottawa.ca/en/recreation-and-parks/facilities/place-listing/lowertown-community-centre-and-pool,https://reservation.frontdesksuite.ca/rcfs/lowertown/Home/Index?Culture=en&PageId=ca5c7334-1292-4494-934e-15cb2f5dca34,Central,Swimming,"Preschool, Children, Youth, Adult",Evening,FALSE
4,Thursday,13:00 - 14:00,Lowertown Community Centre and Pool,40 Cobourg Street,Public Swim,Public Swim,Indoors,Yes,https://ottawa.ca/en/recreation-and-parks/facilities/place-listing/lowertown-community-centre-and-pool,https://reservation.frontdesksuite.ca/rcfs/lowertown/Home/Index?Culture=en&PageId=ca5c7334-1292-4494-934e-15cb2f5dca34,Central,Swimming,"Preschool, Children, Youth, Adult",PM,FALSE
5,Friday,16:00 - 19:00,Lowertown Community Centre and Pool,40 Cobourg Street,Public Swim,Public Swim,Indoors,Yes,https://ottawa.ca/en/recreation-and-parks/facilities/place-listing/lowertown-community-centre-and-pool,https://reservation.frontdesksuite.ca/rcfs/lowertown/Home/Index?Culture=en&PageId=ca5c7334-1292-4494-934e-15cb2f5dca34,Central,Swimming,"Preschool, Children, Youth, Adult","PM, Evening",FALSE
6,Saturday,12:00 - 15:00,Lowertown Community Centre and Pool,40 Cobourg Street,Public Swim,Public Swim,Indoors,Yes,https://ottawa.ca/en/recreation-and-parks/facilities/place-listing/lowertown-community-centre-and-pool,https://reservation.frontdesksuite.ca/rcfs/lowertown/Home/Index?Culture=en&PageId=ca5c7334-1292-4494-934e-15cb2f5dca34,Central,Swimming,"Preschool, Children, Youth, Adult",PM,TRUE
7,Sunday,12:00 - 15:00,Lowertown Community Centre and Pool,40 Cobourg Street,Public Swim,Public Swim,Indoors,Yes,https://ottawa.ca/en/recreation-and-parks/facilities/place-listing/lowertown-community-centre-and-pool,https://reservation.frontdesksuite.ca/rcfs/lowertown/Home/Index?Culture=en&PageId=ca5c7334-1292-4494-934e-15cb2f5dca34,Central,Swimming,"Preschool, Children, Youth, Adult",PM,FALSE
1,Monday,14:00 - 15:45,Lowertown Community Centre and Pool,40 Cobourg Street,50+ Swim,Other,Indoors,Yes,https://ottawa.ca/en/recreation-and-parks/facilities/place-listing/lowertown-community-centre-and-pool,https://reservation.frontdesksuite.ca/rcfs/lowertown/Home/Index?Culture=en&PageId=ca5c7334-1292-4494-934e-15cb2f5dca34,Central,Swimming,50+,PM,FALSE
2,Tuesday,10:00 - 11:00,Lowertown Community Centre and Pool,40 Cobourg Street,50+ Swim,Other,Indoors,Yes,https://ottawa.ca/en/recreation-and-parks/facilities/place-listing/lowertown-community-centre-and-pool,https://reservation.frontdesksuite.ca/rcfs/lowertown/Home/Index?Culture=en&PageId=ca5c7334-1292-4494-934e-15cb2f5dca34,Central,Swimming,50+,AM,FALSE
2,Tuesday,14:00 - 16:00,Lowertown Community Centre and Pool,40 Cobourg Street,50+ Swim,Other,Indoors,Yes,https://ottawa.ca/en/recreation-and-parks/facilities/place-listing/lowertown-community-centre-and-pool,https://reservation.frontdesksuite.ca/rcfs/lowertown/Home/Index?Culture=en&PageId=ca5c7334-1292-4494-934e-15cb2f5dca34,Central,Swimming,50+,PM,FALSE
3,Wednesday,14:00 - 16:00,Lowertown Community Centre and Pool,40 Cobourg Street,50+ Swim,Other,Indoors,Yes,https://ottawa.ca/en/recreation-and-parks/facilities/place-listing/lowertown-community-centre-and-pool,https://reservation.frontdesksuite.ca/rcfs/lowertown/Home/Index?Culture=en&PageId=ca5c7334-1292-4494-934e-15cb2f5dca34,Central,Swimming,50+,PM,FALSE
4,Thursday,10:00 - 11:00,Lowertown Community Centre and Pool,40 Cobourg Street,50+ Swim,Other,Indoors,Yes,https://ottawa.ca/en/recreation-and-parks/facilities/place-listing/lowertown-community-centre-and-pool,https://reservation.frontdesksuite.ca/rcfs/lowertown/Home/Index?Culture=en&PageId=ca5c7334-1292-4494-934e-15cb2f5dca34,Central,Swimming,50+,AM,FALSE
4,Thursday,14:00 - 16:00,Lowertown Community Centre and Pool,40 Cobourg Street,50+ Swim,Other,Indoors,Yes,https://ottawa.ca/en/recreation-and-parks/facilities/place-listing/lowertown-community-centre-and-pool,https://reservation.frontdesksuite.ca/rcfs/lowertown/Home/Index?Culture=en&PageId=ca5c7334-1292-4494-934e-15cb2f5dca34,Central,Swimming,50+,PM,FALSE
1,Monday,10:00 - 11:00,Lowertown Community Centre and Pool,40 Cobourg Street,50+ Vitality,Other,Indoors,Yes,https://ottawa.ca/en/recreation-and-parks/facilities/place-listing/lowertown-community-centre-and-pool,https://reservation.frontdesksuite.ca/rcfs/lowertown/Home/Index?Culture=en&PageId=ca5c7334-1292-4494-934e-15cb2f5dca34,Central,Swimming,50+,AM,FALSE
3,Wednesday,10:00 - 11:00,Lowertown Community Centre and Pool,40 Cobourg Street,50+ Vitality,Other,Indoors,Yes,https://ottawa.ca/en/recreation-and-parks/facilities/place-listing/lowertown-community-centre-and-pool,https://reservation.frontdesksuite.ca/rcfs/lowertown/Home/Index?Culture=en&PageId=ca5c7334-1292-4494-934e-15cb2f5dca34,Central,Swimming,50+,AM,FALSE
5,Friday,10:00 - 11:00,Lowertown Community Centre and Pool,40 Cobourg Street,50+ Vitality,Other,Indoors,Yes,https://ottawa.ca/en/recreation-and-parks/facilities/place-listing/lowertown-community-centre-and-pool,https://reservation.frontdesksuite.ca/rcfs/lowertown/Home/Index?Culture=en&PageId=ca5c7334-1292-4494-934e-15cb2f5dca34,Central,Swimming,50+,AM,FALSE
6,Saturday,12:30 - 14:30,Lowertown Community Centre and Pool,40 Cobourg Street,Basketball,Other,Indoors,No,https://ottawa.ca/en/recreation-and-parks/facilities/place-listing/lowertown-community-centre-and-pool,https://reservation.frontdesksuite.ca/rcfs/lowertown/Home/Index?Culture=en&PageId=ca5c7334-1292-4494-934e-15cb2f5dca34,Central,Gym Sport,Adult,PM,TRUE
1,Monday,12:30 - 13:30,Lowertown Community Centre and Pool,40 Cobourg Street,Open gym,Other,Indoors,No,https://ottawa.ca/en/recreation-and-parks/facilities/place-listing/lowertown-community-centre-and-pool,https://reservation.frontdesksuite.ca/rcfs/lowertown/Home/Index?Culture=en&PageId=ca5c7334-1292-4494-934e-15cb2f5dca34,Central,Gym Sport,"Youth, Adult",PM,FALSE
5,Friday,12:30 - 13:30,Lowertown Community Centre and Pool,40 Cobourg Street,Open gym,Other,Indoors,No,https://ottawa.ca/en/recreation-and-parks/facilities/place-listing/lowertown-community-centre-and-pool,https://reservation.frontdesksuite.ca/rcfs/lowertown/Home/Index?Culture=en&PageId=ca5c7334-1292-4494-934e-15cb2f5dca34,Central,Gym Sport,"Youth, Adult",PM,FALSE
5,Friday,17:30 - 18:30,Lowertown Community Centre and Pool,40 Cobourg Street,Open gym,Other,Indoors,No,https://ottawa.ca/en/recreation-and-parks/facilities/place-listing/lowertown-community-centre-and-pool,https://reservation.frontdesksuite.ca/rcfs/lowertown/Home/Index?Culture=en&PageId=ca5c7334-1292-4494-934e-15cb2f5dca34,Central,Gym Sport,"Youth, Adult",Evening,FALSE
6,Saturday,19:30 - 20:30,Lowertown Community Centre and Pool,40 Cobourg Street,Open gym,Other,Indoors,No,https://ottawa.ca/en/recreation-and-parks/facilities/place-listing/lowertown-community-centre-and-pool,https://reservation.frontdesksuite.ca/rcfs/lowertown/Home/Index?Culture=en&PageId=ca5c7334-1292-4494-934e-15cb2f5dca34,Central,Gym Sport,"Youth, Adult",Evening,TRUE
7,Sunday,16:15 - 18:15,Lowertown Community Centre and Pool,40 Cobourg Street,Open gym,Other,Indoors,No,https://ottawa.ca/en/recreation-and-parks/facilities/place-listing/lowertown-community-centre-and-pool,https://reservation.frontdesksuite.ca/rcfs/lowertown/Home/Index?Culture=en&PageId=ca5c7334-1292-4494-934e-15cb2f5dca34,Central,Gym Sport,"Youth, Adult","PM, Evening",FALSE
6,Saturday,09:30 - 12:30,Lowertown Community Centre and Pool,40 Cobourg Street,Open gym - family,Other,Indoors,No,https://ottawa.ca/en/recreation-and-parks/facilities/place-listing/lowertown-community-centre-and-pool,https://reservation.frontdesksuite.ca/rcfs/lowertown/Home/Index?Culture=en&PageId=ca5c7334-1292-4494-934e-15cb2f5dca34,Central,Gym Sport,"Preschool, Children, Youth, Adult","AM, PM",TRUE
1,Monday,09:00 - 11:00,Lowertown Community Centre and Pool,40 Cobourg Street,Pickleball,Other,Indoors,Yes,https://ottawa.ca/en/recreation-and-parks/facilities/place-listing/lowertown-community-centre-and-pool,https://reservation.frontdesksuite.ca/rcfs/lowertown/Home/Index?Culture=en&PageId=ca5c7334-1292-4494-934e-15cb2f5dca34,Central,Racquet Sport,Adult,AM,FALSE
2,Tuesday,08:45 - 09:45,Lowertown Community Centre and Pool,40 Cobourg Street,Pickleball,Other,Indoors,Yes,https://ottawa.ca/en/recreation-and-parks/facilities/place-listing/lowertown-community-centre-and-pool,https://reservation.frontdesksuite.ca/rcfs/lowertown/Home/Index?Culture=en&PageId=ca5c7334-1292-4494-934e-15cb2f5dca34,Central,Racquet Sport,Adult,AM,FALSE
3,Wednesday,08:30 - 10:30,Lowertown Community Centre and Pool,40 Cobourg Street,Pickleball,Other,Indoors,Yes,https://ottawa.ca/en/recreation-and-parks/facilities/place-listing/lowertown-community-centre-and-pool,https://reservation.frontdesksuite.ca/rcfs/lowertown/Home/Index?Culture=en&PageId=ca5c7334-1292-4494-934e-15cb2f5dca34,Central,Racquet Sport,Adult,AM,FALSE
4,Thursday,09:00 - 11:00,Lowertown Community Centre and Pool,40 Cobourg Street,Pickleball,Other,Indoors,Yes,https://ottawa.ca/en/recreation-and-parks/facilities/place-listing/lowertown-community-centre-and-pool,https://reservation.frontdesksuite.ca/rcfs/lowertown/Home/Index?Culture=en&PageId=ca5c7334-1292-4494-934e-15cb2f5dca34,Central,Racquet Sport,Adult,AM,FALSE
5,Friday,08:30 - 10:30,Lowertown Community Centre and Pool,40 Cobourg Street,Pickleball,Other,Indoors,Yes,https://ottawa.ca/en/recreation-and-parks/facilities/place-listing/lowertown-community-centre-and-pool,https://reservation.frontdesksuite.ca/rcfs/lowertown/Home/Index?Culture=en&PageId=ca5c7334-1292-4494-934e-15cb2f5dca34,Central,Racquet Sport,Adult,AM,FALSE
6,Saturday,17:30 - 19:30,Lowertown Community Centre and Pool,40 Cobourg Street,Pickleball,Other,Indoors,Yes,https://ottawa.ca/en/recreation-and-parks/facilities/place-listing/lowertown-community-centre-and-pool,https://reservation.frontdesksuite.ca/rcfs/lowertown/Home/Index?Culture=en&PageId=ca5c7334-1292-4494-934e-15cb2f5dca34,Central,Racquet Sport,Adult,Evening,TRUE
3,Wednesday,11:00 - 11:50,Manotick Community Centre and Mike O’Neil Arena,5572 Doctor Leach Drive,Hockey 18+,Other,Other,Yes,https://ottawa.ca/en/recreation-and-parks/facilities/place-listing/manotick-community-centre-and-mike-oneil-arena,https://reservation.frontdesksuite.ca/rcfs/arenamanotick/Home/Index?Culture=en&PageId=4ce4b4f4-b433-406a-91ed-d85a883da491&ShouldStartReserveTimeFlow=False&ButtonId=00000000-0000-0000-0000-000000000000,West - Barrhaven,Skating,Adult,AM,FALSE
2,Tuesday,17:00 - 17:50,Manotick Community Centre and Mike O’Neil Arena,5572 Doctor Leach Drive,Public skating,Other,Other,No,https://ottawa.ca/en/recreation-and-parks/facilities/place-listing/manotick-community-centre-and-mike-oneil-arena,#,West - Barrhaven,Skating,"Preschool, Children, Youth, Adult",Evening,FALSE
3,Wednesday,10:00 - 10:50,Manotick Community Centre and Mike O’Neil Arena,5572 Doctor Leach Drive,Public skating,Other,Other,No,https://ottawa.ca/en/recreation-and-parks/facilities/place-listing/manotick-community-centre-and-mike-oneil-arena,#,West - Barrhaven,Skating,"Preschool, Children, Youth, Adult",AM,FALSE
6,Saturday,17:00 - 17:50,Manotick Community Centre and Mike O’Neil Arena,5572 Doctor Leach Drive,Public skating,Other,Other,No,https://ottawa.ca/en/recreation-and-parks/facilities/place-listing/manotick-community-centre-and-mike-oneil-arena,#,West - Barrhaven,Skating,"Preschool, Children, Youth, Adult",Evening,TRUE
2,Tuesday,16:00 - 16:50,Manotick Community Centre and Mike O’Neil Arena,5572 Doctor Leach Drive,Family skating,Other,Other,No,https://ottawa.ca/en/recreation-and-parks/facilities/place-listing/manotick-community-centre-and-mike-oneil-arena,#,West - Barrhaven,Skating,"Preschool, Children, Youth, Adult",PM,FALSE
6,Saturday,16:00 - 16:50,Manotick Community Centre and Mike O’Neil Arena,5572 Doctor Leach Drive,Family skating,Other,Other,No,https://ottawa.ca/en/recreation-and-parks/facilities/place-listing/manotick-community-centre-and-mike-oneil-arena,#,West - Barrhaven,Skating,"Preschool, Children, Youth, Adult",PM,TRUE
3,Wednesday,09:00 - 09:50,Manotick Community Centre and Mike O’Neil Arena,5572 Doctor Leach Drive,Adult 50+ skating,Other,Other,No,https://ottawa.ca/en/recreation-and-parks/facilities/place-listing/manotick-community-centre-and-mike-oneil-arena,#,West - Barrhaven,Skating,50+,AM,FALSE
1,Monday,07:30 - 08:30,Minto Recreation Complex - Barrhaven,3500 Cambrian Road,Lane swim,Lane Swim,Indoors,No,https://ottawa.ca/en/recreation-and-parks/facilities/place-listing/minto-recreation-complex-barrhaven,#,West - Barrhaven,Swimming,Adult,AM,FALSE
1,Monday,21:00 - 22:00,Minto Recreation Complex - Barrhaven,3500 Cambrian Road,Lane swim,Lane Swim,Indoors,No,https://ottawa.ca/en/recreation-and-parks/facilities/place-listing/minto-recreation-complex-barrhaven,#,West - Barrhaven,Swimming,Adult,Evening,FALSE
2,Tuesday,06:30 - 08:30,Minto Recreation Complex - Barrhaven,3500 Cambrian Road,Lane swim,Lane Swim,Indoors,No,https://ottawa.ca/en/recreation-and-parks/facilities/place-listing/minto-recreation-complex-barrhaven,#,West - Barrhaven,Swimming,Adult,AM,FALSE
2,Tuesday,20:45 - 22:00,Minto Recreation Complex - Barrhaven,3500 Cambrian Road,Lane swim,Lane Swim,Indoors,No,https://ottawa.ca/en/recreation-and-parks/facilities/place-listing/minto-recreation-complex-barrhaven,#,West - Barrhaven,Swimming,Adult,Evening,FALSE
3,Wednesday,07:30 - 08:30,Minto Recreation Complex - Barrhaven,3500 Cambrian Road,Lane swim,Lane Swim,Indoors,No,https://ottawa.ca/en/recreation-and-parks/facilities/place-listing/minto-recreation-complex-barrhaven,#,West - Barrhaven,Swimming,Adult,AM,FALSE
3,Wednesday,21:00 - 22:00,Minto Recreation Complex - Barrhaven,3500 Cambrian Road,Lane swim,Lane Swim,Indoors,No,https://ottawa.ca/en/recreation-and-parks/facilities/place-listing/minto-recreation-complex-barrhaven,#,West - Barrhaven,Swimming,Adult,Evening,FALSE
4,Thursday,06:30 - 08:30,Minto Recreation Complex - Barrhaven,3500 Cambrian Road,Lane swim,Lane Swim,Indoors,No,https://ottawa.ca/en/recreation-and-parks/facilities/place-listing/minto-recreation-complex-barrhaven,#,West - Barrhaven,Swimming,Adult,AM,FALSE
4,Thursday,20:45 - 22:00,Minto Recreation Complex - Barrhaven,3500 Cambrian Road,Lane swim,Lane Swim,Indoors,No,https://ottawa.ca/en/recreation-and-parks/facilities/place-listing/minto-recreation-complex-barrhaven,#,West - Barrhaven,Swimming,Adult,Evening,FALSE
5,Friday,07:30 - 08:30,Minto Recreation Complex - Barrhaven,3500 Cambrian Road,Lane swim,Lane Swim,Indoors,No,https://ottawa.ca/en/recreation-and-parks/facilities/place-listing/minto-recreation-complex-barrhaven,#,West - Barrhaven,Swimming,Adult,AM,FALSE
5,Friday,21:00 - 22:00,Minto Recreation Complex - Barrhaven,3500 Cambrian Road,Lane swim,Lane Swim,Indoors,No,https://ottawa.ca/en/recreation-and-parks/facilities/place-listing/minto-recreation-complex-barrhaven,#,West - Barrhaven,Swimming,Adult,Evening,FALSE
7,Sunday,07:00 - 09:00,Minto Recreation Complex - Barrhaven,3500 Cambrian Road,Lane swim,Lane Swim,Indoors,No,https://ottawa.ca/en/recreation-and-parks/facilities/place-listing/minto-recreation-complex-barrhaven,#,West - Barrhaven,Swimming,Adult,AM,FALSE
7,Sunday,11:15 - 12:45,Minto Recreation Complex - Barrhaven,3500 Cambrian Road,Lane swim,Lane Swim,Indoors,No,https://ottawa.ca/en/recreation-and-parks/facilities/place-listing/minto-recreation-complex-barrhaven,#,West - Barrhaven,Swimming,Adult,"AM, PM",FALSE
1,Monday,08:30 - 15:00,Minto Recreation Complex - Barrhaven,3500 Cambrian Road,Lane swim - reduced capacity(shared pool),Lane Swim,Indoors,No,https://ottawa.ca/en/recreation-and-parks/facilities/place-listing/minto-recreation-complex-barrhaven,#,West - Barrhaven,Swimming,Adult,"AM, PM",FALSE
2,Tuesday,08:30 - 15:00,Minto Recreation Complex - Barrhaven,3500 Cambrian Road,Lane swim - reduced capacity(shared pool),Lane Swim,Indoors,No,https://ottawa.ca/en/recreation-and-parks/facilities/place-listing/minto-recreation-complex-barrhaven,#,West - Barrhaven,Swimming,Adult,"AM, PM",FALSE
3,Wednesday,08:30 - 15:00,Minto Recreation Complex - Barrhaven,3500 Cambrian Road,Lane swim - reduced capacity(shared pool),Lane Swim,Indoors,No,https://ottawa.ca/en/recreation-and-parks/facilities/place-listing/minto-recreation-complex-barrhaven,#,West - Barrhaven,Swimming,Adult,"AM, PM",FALSE
4,Thursday,08:30 - 15:00,Minto Recreation Complex - Barrhaven,3500 Cambrian Road,Lane swim - reduced capacity(shared pool),Lane Swim,Indoors,No,https://ottawa.ca/en/recreation-and-parks/facilities/place-listing/minto-recreation-complex-barrhaven,#,West - Barrhaven,Swimming,Adult,"AM, PM",FALSE
5,Friday,08:30 - 15:00,Minto Recreation Complex - Barrhaven,3500 Cambrian Road,Lane swim - reduced capacity(shared pool),Lane Swim,Indoors,No,https://ottawa.ca/en/recreation-and-parks/facilities/place-listing/minto-recreation-complex-barrhaven,#,West - Barrhaven,Swimming,Adult,"AM, PM",FALSE
6,Saturday,12:15 - 14:15,Minto Recreation Complex - Barrhaven,3500 Cambrian Road,Lane swim - reduced capacity(shared pool),Lane Swim,Indoors,No,https://ottawa.ca/en/recreation-and-parks/facilities/place-listing/minto-recreation-complex-barrhaven,#,West - Barrhaven,Swimming,Adult,PM,FALSE
1,Monday,13:30 - 15:00,Minto Recreation Complex - Barrhaven,3500 Cambrian Road,Preschool swim,Other,Indoors,No,https://ottawa.ca/en/recreation-and-parks/facilities/place-listing/minto-recreation-complex-barrhaven,#,West - Barrhaven,Swimming,Preschool,PM,FALSE
2,Tuesday,13:30 - 15:00,Minto Recreation Complex - Barrhaven,3500 Cambrian Road,Preschool swim,Other,Indoors,No,https://ottawa.ca/en/recreation-and-parks/facilities/place-listing/minto-recreation-complex-barrhaven,#,West - Barrhaven,Swimming,Preschool,PM,FALSE
3,Wednesday,13:30 - 15:00,Minto Recreation Complex - Barrhaven,3500 Cambrian Road,Preschool swim,Other,Indoors,No,https://ottawa.ca/en/recreation-and-parks/facilities/place-listing/minto-recreation-complex-barrhaven,#,West - Barrhaven,Swimming,Preschool,PM,FALSE
4,Thursday,13:30 - 15:00,Minto Recreation Complex - Barrhaven,3500 Cambrian Road,Preschool swim,Other,Indoors,No,https://ottawa.ca/en/recreation-and-parks/facilities/place-listing/minto-recreation-complex-barrhaven,#,West - Barrhaven,Swimming,Preschool,PM,FALSE
5,Friday,13:30 - 15:00,Minto Recreation Complex - Barrhaven,3500 Cambrian Road,Preschool swim,Other,Indoors,No,https://ottawa.ca/en/recreation-and-parks/facilities/place-listing/minto-recreation-complex-barrhaven,#,West - Barrhaven,Swimming,Preschool,PM,FALSE
6,Saturday,12:15 - 14:15,Minto Recreation Complex - Barrhaven,3500 Cambrian Road,Preschool swim,Other,Indoors,No,https://ottawa.ca/en/recreation-and-parks/facilities/place-listing/minto-recreation-complex-barrhaven,#,West - Barrhaven,Swimming,Preschool,PM,TRUE
7,Sunday,11:15 - 12:45,Minto Recreation Complex - Barrhaven,3500 Cambrian Road,Preschool swim,Other,Indoors,No,https://ottawa.ca/en/recreation-and-parks/facilities/place-listing/minto-recreation-complex-barrhaven,#,West - Barrhaven,Swimming,Preschool,"AM, PM",FALSE
2,Tuesday,18:45 - 20:45,Minto Recreation Complex - Barrhaven,3500 Cambrian Road,Public swim,Public Swim,Indoors,No,https://ottawa.ca/en/recreation-and-parks/facilities/place-listing/minto-recreation-complex-barrhaven,#,West - Barrhaven,Swimming,"Preschool, Children, Youth, Adult",Evening,FALSE
5,Friday,19:00 - 21:00,Minto Recreation Complex - Barrhaven,3500 Cambrian Road,Public swim,Public Swim,Indoors,No,https://ottawa.ca/en/recreation-and-parks/facilities/place-listing/minto-recreation-complex-barrhaven,#,West - Barrhaven,Swimming,"Preschool, Children, Youth, Adult",Evening,FALSE
6,Saturday,14:30 - 17:30,Minto Recreation Complex - Barrhaven,3500 Cambrian Road,Public swim,Public Swim,Indoors,No,https://ottawa.ca/en/recreation-and-parks/facilities/place-listing/minto-recreation-complex-barrhaven,#,West - Barrhaven,Swimming,"Preschool, Children, Youth, Adult","PM, Evening",TRUE
6,Saturday,19:00 - 21:00,Minto Recreation Complex - Barrhaven,3500 Cambrian Road,Public swim,Public Swim,Indoors,No,https://ottawa.ca/en/recreation-and-parks/facilities/place-listing/minto-recreation-complex-barrhaven,#,West - Barrhaven,Swimming,"Preschool, Children, Youth, Adult",Evening,TRUE
7,Sunday,13:00 - 15:00,Minto Recreation Complex - Barrhaven,3500 Cambrian Road,Public swim,Public Swim,Indoors,No,https://ottawa.ca/en/recreation-and-parks/facilities/place-listing/minto-recreation-complex-barrhaven,#,West - Barrhaven,Swimming,"Preschool, Children, Youth, Adult",PM,FALSE
1,Monday,10:30 - 13:30,Minto Recreation Complex - Barrhaven,3500 Cambrian Road,Public swim - reduced capacity (shared pool),Public Swim,Indoors,No,https://ottawa.ca/en/recreation-and-parks/facilities/place-listing/minto-recreation-complex-barrhaven,#,West - Barrhaven,Swimming,"Preschool, Children, Youth, Adult","AM, PM",FALSE
2,Tuesday,10:30 - 13:30,Minto Recreation Complex - Barrhaven,3500 Cambrian Road,Public swim - reduced capacity (shared pool),Public Swim,Indoors,No,https://ottawa.ca/en/recreation-and-parks/facilities/place-listing/minto-recreation-complex-barrhaven,#,West - Barrhaven,Swimming,"Preschool, Children, Youth, Adult","AM, PM",FALSE
3,Wednesday,10:30 - 13:30,Minto Recreation Complex - Barrhaven,3500 Cambrian Road,Public swim - reduced capacity (shared pool),Public Swim,Indoors,No,https://ottawa.ca/en/recreation-and-parks/facilities/place-listing/minto-recreation-complex-barrhaven,#,West - Barrhaven,Swimming,"Preschool, Children, Youth, Adult","AM, PM",FALSE
4,Thursday,10:30 - 13:30,Minto Recreation Complex - Barrhaven,3500 Cambrian Road,Public swim - reduced capacity (shared pool),Public Swim,Indoors,No,https://ottawa.ca/en/recreation-and-parks/facilities/place-listing/minto-recreation-complex-barrhaven,#,West - Barrhaven,Swimming,"Preschool, Children, Youth, Adult","AM, PM",FALSE
5,Friday,10:30 - 13:30,Minto Recreation Complex - Barrhaven,3500 Cambrian Road,Public swim - reduced capacity (shared pool),Public Swim,Indoors,No,https://ottawa.ca/en/recreation-and-parks/facilities/place-listing/minto-recreation-complex-barrhaven,#,West - Barrhaven,Swimming,"Preschool, Children, Youth, Adult","AM, PM",FALSE
1,Monday,08:30 - 09:30,Minto Recreation Complex - Barrhaven,3500 Cambrian Road,Aquafit Deep/shallow Combo,Aquafit,Indoors,Yes,https://ottawa.ca/en/recreation-and-parks/facilities/place-listing/minto-recreation-complex-barrhaven,https://reservation-cf.frontdeskqms.ca/rcfs/mintobarrhaven/Home/Index?Culture=en&PageId=69f7cf1e-4b39-4609-9cff-fe2deeb4c231,West - Barrhaven,Swimming,Adult,AM,FALSE
1,Monday,09:30 - 10:30,Minto Recreation Complex - Barrhaven,3500 Cambrian Road,Aquafit Deep/shallow Combo,Aquafit,Indoors,Yes,https://ottawa.ca/en/recreation-and-parks/facilities/place-listing/minto-recreation-complex-barrhaven,https://reservation-cf.frontdeskqms.ca/rcfs/mintobarrhaven/Home/Index?Culture=en&PageId=69f7cf1e-4b39-4609-9cff-fe2deeb4c231,West - Barrhaven,Swimming,Adult,AM,FALSE
2,Tuesday,08:30 - 09:30,Minto Recreation Complex - Barrhaven,3500 Cambrian Road,Aquafit Deep/shallow Combo,Aquafit,Indoors,Yes,https://ottawa.ca/en/recreation-and-parks/facilities/place-listing/minto-recreation-complex-barrhaven,https://reservation-cf.frontdeskqms.ca/rcfs/mintobarrhaven/Home/Index?Culture=en&PageId=69f7cf1e-4b39-4609-9cff-fe2deeb4c231,West - Barrhaven,Swimming,Adult,AM,FALSE
2,Tuesday,09:30 - 10:30,Minto Recreation Complex - Barrhaven,3500 Cambrian Road,Aquafit Deep/shallow Combo,Aquafit,Indoors,Yes,https://ottawa.ca/en/recreation-and-parks/facilities/place-listing/minto-recreation-complex-barrhaven,https://reservation-cf.frontdeskqms.ca/rcfs/mintobarrhaven/Home/Index?Culture=en&PageId=69f7cf1e-4b39-4609-9cff-fe2deeb4c231,West - Barrhaven,Swimming,Adult,AM,FALSE
3,Wednesday,08:30 - 09:30,Minto Recreation Complex - Barrhaven,3500 Cambrian Road,Aquafit Deep/shallow Combo,Aquafit,Indoors,Yes,https://ottawa.ca/en/recreation-and-parks/facilities/place-listing/minto-recreation-complex-barrhaven,https://reservation-cf.frontdeskqms.ca/rcfs/mintobarrhaven/Home/Index?Culture=en&PageId=69f7cf1e-4b39-4609-9cff-fe2deeb4c231,West - Barrhaven,Swimming,Adult,AM,FALSE
3,Wednesday,09:30 - 10:30,Minto Recreation Complex - Barrhaven,3500 Cambrian Road,Aquafit Deep/shallow Combo,Aquafit,Indoors,Yes,https://ottawa.ca/en/recreation-and-parks/facilities/place-listing/minto-recreation-complex-barrhaven,https://reservation-cf.frontdeskqms.ca/rcfs/mintobarrhaven/Home/Index?Culture=en&PageId=69f7cf1e-4b39-4609-9cff-fe2deeb4c231,West - Barrhaven,Swimming,Adult,AM,FALSE
4,Thursday,08:30 - 09:30,Minto Recreation Complex - Barrhaven,3500 Cambrian Road,Aquafit Deep/shallow Combo,Aquafit,Indoors,Yes,https://ottawa.ca/en/recreation-and-parks/facilities/place-listing/minto-recreation-complex-barrhaven,https://reservation-cf.frontdeskqms.ca/rcfs/mintobarrhaven/Home/Index?Culture=en&PageId=69f7cf1e-4b39-4609-9cff-fe2deeb4c231,West - Barrhaven,Swimming,Adult,AM,FALSE
4,Thursday,09:30 - 10:30,Minto Recreation Complex - Barrhaven,3500 Cambrian Road,Aquafit Deep/shallow Combo,Aquafit,Indoors,Yes,https://ottawa.ca/en/recreation-and-parks/facilities/place-listing/minto-recreation-complex-barrhaven,https://reservation-cf.frontdeskqms.ca/rcfs/mintobarrhaven/Home/Index?Culture=en&PageId=69f7cf1e-4b39-4609-9cff-fe2deeb4c231,West - Barrhaven,Swimming,Adult,AM,FALSE
5,Friday,08:30 - 09:30,Minto Recreation Complex - Barrhaven,3500 Cambrian Road,Aquafit Deep/shallow Combo,Aquafit,Indoors,Yes,https://ottawa.ca/en/recreation-and-parks/facilities/place-listing/minto-recreation-complex-barrhaven,https://reservation-cf.frontdeskqms.ca/rcfs/mintobarrhaven/Home/Index?Culture=en&PageId=69f7cf1e-4b39-4609-9cff-fe2deeb4c231,West - Barrhaven,Swimming,Adult,AM,FALSE
5,Friday,09:30 - 10:30,Minto Recreation Complex - Barrhaven,3500 Cambrian Road,Aquafit Deep/shallow Combo,Aquafit,Indoors,Yes,https://ottawa.ca/en/recreation-and-parks/facilities/place-listing/minto-recreation-complex-barrhaven,https://reservation-cf.frontdeskqms.ca/rcfs/mintobarrhaven/Home/Index?Culture=en&PageId=69f7cf1e-4b39-4609-9cff-fe2deeb4c231,West - Barrhaven,Swimming,Adult,AM,FALSE
1,Monday,06:30 - 21:30,Minto Recreation Complex - Barrhaven,3500 Cambrian Road,Cardio and weight room,Other,Indoors,No,https://ottawa.ca/en/recreation-and-parks/facilities/place-listing/minto-recreation-complex-barrhaven,#,West - Barrhaven,Fitness,Adult,"AM, PM, Evening",FALSE
2,Tuesday,06:30 - 21:30,Minto Recreation Complex - Barrhaven,3500 Cambrian Road,Cardio and weight room,Other,Indoors,No,https://ottawa.ca/en/recreation-and-parks/facilities/place-listing/minto-recreation-complex-barrhaven,#,West - Barrhaven,Fitness,Adult,"AM, PM, Evening",FALSE
3,Wednesday,06:30 - 21:30,Minto Recreation Complex - Barrhaven,3500 Cambrian Road,Cardio and weight room,Other,Indoors,No,https://ottawa.ca/en/recreation-and-parks/facilities/place-listing/minto-recreation-complex-barrhaven,#,West - Barrhaven,Fitness,Adult,"AM, PM, Evening",FALSE
4,Thursday,06:30 - 21:30,Minto Recreation Complex - Barrhaven,3500 Cambrian Road,Cardio and weight room,Other,Indoors,No,https://ottawa.ca/en/recreation-and-parks/facilities/place-listing/minto-recreation-complex-barrhaven,#,West - Barrhaven,Fitness,Adult,"AM, PM, Evening",FALSE
5,Friday,06:30 - 21:30,Minto Recreation Complex - Barrhaven,3500 Cambrian Road,Cardio and weight room,Other,Indoors,No,https://ottawa.ca/en/recreation-and-parks/facilities/place-listing/minto-recreation-complex-barrhaven,#,West - Barrhaven,Fitness,Adult,"AM, PM, Evening",FALSE
6,Saturday,07:30 - 20:30,Minto Recreation Complex - Barrhaven,3500 Cambrian Road,Cardio and weight room,Other,Indoors,No,https://ottawa.ca/en/recreation-and-parks/facilities/place-listing/minto-recreation-complex-barrhaven,#,West - Barrhaven,Fitness,Adult,"AM, PM, Evening",FALSE
7,Sunday,07:30 - 19:30,Minto Recreation Complex - Barrhaven,3500 Cambrian Road,Cardio and weight room,Other,Indoors,No,https://ottawa.ca/en/recreation-and-parks/facilities/place-listing/minto-recreation-complex-barrhaven,#,West - Barrhaven,Fitness,Adult,"AM, PM, Evening",FALSE
1,Monday,09:15 - 10:15,Minto Recreation Complex - Barrhaven,3500 Cambrian Road,Dance,Other,Indoors,Yes,https://ottawa.ca/en/recreation-and-parks/facilities/place-listing/minto-recreation-complex-barrhaven,https://reservation.frontdesksuite.ca/rcfs/mintobarrhaven/Home/Index?Culture=en&PageId=69f7cf1e-4b39-4609-9cff-fe2deeb4c231,West - Barrhaven,Group Fitness,Adult,AM,FALSE
4,Thursday,10:30 - 11:30,Minto Recreation Complex - Barrhaven,3500 Cambrian Road,Dance,Other,Indoors,Yes,https://ottawa.ca/en/recreation-and-parks/facilities/place-listing/minto-recreation-complex-barrhaven,https://reservation.frontdesksuite.ca/rcfs/mintobarrhaven/Home/Index?Culture=en&PageId=69f7cf1e-4b39-4609-9cff-fe2deeb4c231,West - Barrhaven,Group Fitness,Adult,AM,FALSE
1,Monday,10:30 - 11:30,Minto Recreation Complex - Barrhaven,3500 Cambrian Road,Strength,Other,Indoors,Yes,https://ottawa.ca/en/recreation-and-parks/facilities/place-listing/minto-recreation-complex-barrhaven,https://reservation.frontdesksuite.ca/rcfs/mintobarrhaven/Home/Index?Culture=en&PageId=69f7cf1e-4b39-4609-9cff-fe2deeb4c231,West - Barrhaven,Group Fitness,Adult,AM,FALSE
2,Tuesday,18:00 - 19:00,Minto Recreation Complex - Barrhaven,3500 Cambrian Road,Strength,Other,Indoors,Yes,https://ottawa.ca/en/recreation-and-parks/facilities/place-listing/minto-recreation-complex-barrhaven,https://reservation.frontdesksuite.ca/rcfs/mintobarrhaven/Home/Index?Culture=en&PageId=69f7cf1e-4b39-4609-9cff-fe2deeb4c231,West - Barrhaven,Group Fitness,Adult,Evening,FALSE
4,Thursday,11:45 - 12:45,Minto Recreation Complex - Barrhaven,3500 Cambrian Road,Strength,Other,Indoors,Yes,https://ottawa.ca/en/recreation-and-parks/facilities/place-listing/minto-recreation-complex-barrhaven,https://reservation.frontdesksuite.ca/rcfs/mintobarrhaven/Home/Index?Culture=en&PageId=69f7cf1e-4b39-4609-9cff-fe2deeb4c231,West - Barrhaven,Group Fitness,Adult,"AM, PM",FALSE
5,Friday,21:30 - 22:30,Minto Recreation Complex - Barrhaven,3500 Cambrian Road,Strength,Other,Indoors,Yes,https://ottawa.ca/en/recreation-and-parks/facilities/place-listing/minto-recreation-complex-barrhaven,https://reservation.frontdesksuite.ca/rcfs/mintobarrhaven/Home/Index?Culture=en&PageId=69f7cf1e-4b39-4609-9cff-fe2deeb4c231,West - Barrhaven,Group Fitness,Adult,Evening,FALSE
1,Monday,11:45 - 12:45,Minto Recreation Complex - Barrhaven,3500 Cambrian Road,Yin yoga,Other,Indoors,Yes,https://ottawa.ca/en/recreation-and-parks/facilities/place-listing/minto-recreation-complex-barrhaven,https://reservation.frontdesksuite.ca/rcfs/mintobarrhaven/Home/Index?Culture=en&PageId=69f7cf1e-4b39-4609-9cff-fe2deeb4c231,West - Barrhaven,Group Fitness,Adult,"AM, PM",FALSE
1,Monday,18:00 - 19:00,Minto Recreation Complex - Barrhaven,3500 Cambrian Road,20-20-20,Other,Indoors,Yes,https://ottawa.ca/en/recreation-and-parks/facilities/place-listing/minto-recreation-complex-barrhaven,https://reservation.frontdesksuite.ca/rcfs/mintobarrhaven/Home/Index?Culture=en&PageId=69f7cf1e-4b39-4609-9cff-fe2deeb4c231,West - Barrhaven,Group Fitness,Adult,Evening,FALSE
1,Monday,19:15 - 20:15,Minto Recreation Complex - Barrhaven,3500 Cambrian Road,HIIT,Other,Indoors,Yes,https://ottawa.ca/en/recreation-and-parks/facilities/place-listing/minto-recreation-complex-barrhaven,https://reservation.frontdesksuite.ca/rcfs/mintobarrhaven/Home/Index?Culture=en&PageId=69f7cf1e-4b39-4609-9cff-fe2deeb4c231,West - Barrhaven,Group Fitness,Adult,Evening,FALSE
6,Saturday,08:00 - 09:00,Minto Recreation Complex - Barrhaven,3500 Cambrian Road,HIIT,Other,Indoors,Yes,https://ottawa.ca/en/recreation-and-parks/facilities/place-listing/minto-recreation-complex-barrhaven,https://reservation.frontdesksuite.ca/rcfs/mintobarrhaven/Home/Index?Culture=en&PageId=69f7cf1e-4b39-4609-9cff-fe2deeb4c231,West - Barrhaven,Group Fitness,Adult,AM,FALSE
2,Tuesday,09:15 - 10:15,Minto Recreation Complex - Barrhaven,3500 Cambrian Road,Yoga Tune Up®,Other,Indoors,Yes,https://ottawa.ca/en/recreation-and-parks/facilities/place-listing/minto-recreation-complex-barrhaven,https://reservation.frontdesksuite.ca/rcfs/mintobarrhaven/Home/Index?Culture=en&PageId=69f7cf1e-4b39-4609-9cff-fe2deeb4c231,West - Barrhaven,Group Fitness,Adult,AM,FALSE
2,Tuesday,10:30 - 11:30,Minto Recreation Complex - Barrhaven,3500 Cambrian Road,Yoga,Other,Indoors,Yes,https://ottawa.ca/en/recreation-and-parks/facilities/place-listing/minto-recreation-complex-barrhaven,https://reservation.frontdesksuite.ca/rcfs/mintobarrhaven/Home/Index?Culture=en&PageId=69f7cf1e-4b39-4609-9cff-fe2deeb4c231,West - Barrhaven,Group Fitness,Adult,AM,FALSE
4,Thursday,09:15 - 10:15,Minto Recreation Complex - Barrhaven,3500 Cambrian Road,Yoga,Other,Indoors,Yes,https://ottawa.ca/en/recreation-and-parks/facilities/place-listing/minto-recreation-complex-barrhaven,https://reservation.frontdesksuite.ca/rcfs/mintobarrhaven/Home/Index?Culture=en&PageId=69f7cf1e-4b39-4609-9cff-fe2deeb4c231,West - Barrhaven,Group Fitness,Adult,AM,FALSE
5,Friday,18:15 - 19:15,Minto Recreation Complex - Barrhaven,3500 Cambrian Road,Yoga,Other,Indoors,Yes,https://ottawa.ca/en/recreation-and-parks/facilities/place-listing/minto-recreation-complex-barrhaven,https://reservation.frontdesksuite.ca/rcfs/mintobarrhaven/Home/Index?Culture=en&PageId=69f7cf1e-4b39-4609-9cff-fe2deeb4c231,West - Barrhaven,Group Fitness,Adult,Evening,FALSE
2,Tuesday,19:15 - 20:15,Minto Recreation Complex - Barrhaven,3500 Cambrian Road,Core conditioning,Other,Indoors,Yes,https://ottawa.ca/en/recreation-and-parks/facilities/place-listing/minto-recreation-complex-barrhaven,https://reservation.frontdesksuite.ca/rcfs/mintobarrhaven/Home/Index?Culture=en&PageId=69f7cf1e-4b39-4609-9cff-fe2deeb4c231,West - Barrhaven,Group Fitness,Adult,Evening,FALSE
7,Sunday,09:00 - 10:00,Minto Recreation Complex - Barrhaven,3500 Cambrian Road,Core conditioning,Other,Indoors,Yes,https://ottawa.ca/en/recreation-and-parks/facilities/place-listing/minto-recreation-complex-barrhaven,https://reservation.frontdesksuite.ca/rcfs/mintobarrhaven/Home/Index?Culture=en&PageId=69f7cf1e-4b39-4609-9cff-fe2deeb4c231,West - Barrhaven,Group Fitness,Adult,AM,FALSE
1,Monday,16:45 - 17:45,Minto Recreation Complex - Barrhaven,3500 Cambrian Road,Zumba®,Other,Indoors,Yes,https://ottawa.ca/en/recreation-and-parks/facilities/place-listing/minto-recreation-complex-barrhaven,https://reservation.frontdesksuite.ca/rcfs/mintobarrhaven/Home/Index?Culture=en&PageId=69f7cf1e-4b39-4609-9cff-fe2deeb4c231,West - Barrhaven,Group Fitness,Adult,"PM, Evening",FALSE
2,Tuesday,11:45 - 12:45,Minto Recreation Complex - Barrhaven,3500 Cambrian Road,Zumba®,Other,Indoors,Yes,https://ottawa.ca/en/recreation-and-parks/facilities/place-listing/minto-recreation-complex-barrhaven,https://reservation.frontdesksuite.ca/rcfs/mintobarrhaven/Home/Index?Culture=en&PageId=69f7cf1e-4b39-4609-9cff-fe2deeb4c231,West - Barrhaven,Group Fitness,Adult,"AM, PM",FALSE
3,Wednesday,09:15 - 10:15,Minto Recreation Complex - Barrhaven,3500 Cambrian Road,Zumba®,Other,Indoors,Yes,https://ottawa.ca/en/recreation-and-parks/facilities/place-listing/minto-recreation-complex-barrhaven,https://reservation.frontdesksuite.ca/rcfs/mintobarrhaven/Home/Index?Culture=en&PageId=69f7cf1e-4b39-4609-9cff-fe2deeb4c231,West - Barrhaven,Group Fitness,Adult,AM,FALSE
4,Thursday,19:15 - 20:15,Minto Recreation Complex - Barrhaven,3500 Cambrian Road,Zumba®,Other,Indoors,Yes,https://ottawa.ca/en/recreation-and-parks/facilities/place-listing/minto-recreation-complex-barrhaven,https://reservation.frontdesksuite.ca/rcfs/mintobarrhaven/Home/Index?Culture=en&PageId=69f7cf1e-4b39-4609-9cff-fe2deeb4c231,West - Barrhaven,Group Fitness,Adult,Evening,FALSE
6,Saturday,10:30 - 11:30,Minto Recreation Complex - Barrhaven,3500 Cambrian Road,Zumba®,Other,Indoors,Yes,https://ottawa.ca/en/recreation-and-parks/facilities/place-listing/minto-recreation-complex-barrhaven,https://reservation.frontdesksuite.ca/rcfs/mintobarrhaven/Home/Index?Culture=en&PageId=69f7cf1e-4b39-4609-9cff-fe2deeb4c231,West - Barrhaven,Group Fitness,Adult,AM,FALSE
7,Sunday,10:15 - 11:15,Minto Recreation Complex - Barrhaven,3500 Cambrian Road,Zumba®,Other,Indoors,Yes,https://ottawa.ca/en/recreation-and-parks/facilities/place-listing/minto-recreation-complex-barrhaven,https://reservation.frontdesksuite.ca/rcfs/mintobarrhaven/Home/Index?Culture=en&PageId=69f7cf1e-4b39-4609-9cff-fe2deeb4c231,West - Barrhaven,Group Fitness,Adult,AM,FALSE
3,Wednesday,10:30 - 11:30,Minto Recreation Complex - Barrhaven,3500 Cambrian Road,Cardio and strength,Other,Indoors,Yes,https://ottawa.ca/en/recreation-and-parks/facilities/place-listing/minto-recreation-complex-barrhaven,https://reservation.frontdesksuite.ca/rcfs/mintobarrhaven/Home/Index?Culture=en&PageId=69f7cf1e-4b39-4609-9cff-fe2deeb4c231,West - Barrhaven,Group Fitness,Adult,AM,FALSE
4,Thursday,18:00 - 19:00,Minto Recreation Complex - Barrhaven,3500 Cambrian Road,Cardio and strength,Other,Indoors,Yes,https://ottawa.ca/en/recreation-and-parks/facilities/place-listing/minto-recreation-complex-barrhaven,https://reservation.frontdesksuite.ca/rcfs/mintobarrhaven/Home/Index?Culture=en&PageId=69f7cf1e-4b39-4609-9cff-fe2deeb4c231,West - Barrhaven,Group Fitness,Adult,Evening,FALSE
3,Wednesday,12:00 - 13:00,Minto Recreation Complex - Barrhaven,3500 Cambrian Road,Balance and stability - Heartwise (older adult),Other,Indoors,Yes,https://ottawa.ca/en/recreation-and-parks/facilities/place-listing/minto-recreation-complex-barrhaven,https://reservation.frontdesksuite.ca/rcfs/mintobarrhaven/Home/Index?Culture=en&PageId=69f7cf1e-4b39-4609-9cff-fe2deeb4c231,West - Barrhaven,Group Fitness,50+,PM,FALSE
5,Friday,11:35 - 12:35,Minto Recreation Complex - Barrhaven,3500 Cambrian Road,Balance and stability - Heartwise (older adult),Other,Indoors,Yes,https://ottawa.ca/en/recreation-and-parks/facilities/place-listing/minto-recreation-complex-barrhaven,https://reservation.frontdesksuite.ca/rcfs/mintobarrhaven/Home/Index?Culture=en&PageId=69f7cf1e-4b39-4609-9cff-fe2deeb4c231,West - Barrhaven,Group Fitness,50+,"AM, PM",FALSE
3,Wednesday,13:05 - 14:05,Minto Recreation Complex - Barrhaven,3500 Cambrian Road,Stretch and strength,Other,Indoors,Yes,https://ottawa.ca/en/recreation-and-parks/facilities/place-listing/minto-recreation-complex-barrhaven,https://reservation.frontdesksuite.ca/rcfs/mintobarrhaven/Home/Index?Culture=en&PageId=69f7cf1e-4b39-4609-9cff-fe2deeb4c231,West - Barrhaven,Group Fitness,Adult,PM,FALSE
5,Friday,10:30 - 11:30,Minto Recreation Complex - Barrhaven,3500 Cambrian Road,Stretch and strength,Other,Indoors,Yes,https://ottawa.ca/en/recreation-and-parks/facilities/place-listing/minto-recreation-complex-barrhaven,https://reservation.frontdesksuite.ca/rcfs/mintobarrhaven/Home/Index?Culture=en&PageId=69f7cf1e-4b39-4609-9cff-fe2deeb4c231,West - Barrhaven,Group Fitness,Adult,AM,FALSE
5,Friday,17:00 - 18:00,Minto Recreation Complex - Barrhaven,3500 Cambrian Road,Strength circuit,Other,Indoors,Yes,https://ottawa.ca/en/recreation-and-parks/facilities/place-listing/minto-recreation-complex-barrhaven,https://reservation.frontdesksuite.ca/rcfs/mintobarrhaven/Home/Index?Culture=en&PageId=69f7cf1e-4b39-4609-9cff-fe2deeb4c231,West - Barrhaven,Group Fitness,Adult,Evening,FALSE
6,Saturday,09:15 - 10:15,Minto Recreation Complex - Barrhaven,3500 Cambrian Road,Indoor cycling,Other,Indoors,Yes,https://ottawa.ca/en/recreation-and-parks/facilities/place-listing/minto-recreation-complex-barrhaven,https://reservation.frontdesksuite.ca/rcfs/mintobarrhaven/Home/Index?Culture=en&PageId=69f7cf1e-4b39-4609-9cff-fe2deeb4c231,West - Barrhaven,Group Fitness,Adult,AM,FALSE
3,Wednesday,17:30 - 18:30,Minto Recreation Complex - Barrhaven,3500 Cambrian Road,TRX,Other,Indoors,Yes,https://ottawa.ca/en/recreation-and-parks/facilities/place-listing/minto-recreation-complex-barrhaven,https://reservation.frontdesksuite.ca/rcfs/mintobarrhaven/Home/Index?Culture=en&PageId=69f7cf1e-4b39-4609-9cff-fe2deeb4c231,West - Barrhaven,Group Fitness,Adult,Evening,FALSE
3,Wednesday,18:45 - 19:45,Minto Recreation Complex - Barrhaven,3500 Cambrian Road,Drums Fitness,Other,Indoors,Yes,https://ottawa.ca/en/recreation-and-parks/facilities/place-listing/minto-recreation-complex-barrhaven,https://reservation.frontdesksuite.ca/rcfs/mintobarrhaven/Home/Index?Culture=en&PageId=69f7cf1e-4b39-4609-9cff-fe2deeb4c231,West - Barrhaven,Group Fitness,Adult,Evening,FALSE
1,Monday,11:45 - 12:45,Minto Recreation Complex - Barrhaven,3500 Cambrian Road,Pickleball,Other,Indoors,No,https://ottawa.ca/en/recreation-and-parks/facilities/place-listing/minto-recreation-complex-barrhaven,#,West - Barrhaven,Racquet Sport,Adult,"AM, PM",FALSE
1,Monday,12:50 - 13:50,Minto Recreation Complex - Barrhaven,3500 Cambrian Road,Pickleball,Other,Indoors,No,https://ottawa.ca/en/recreation-and-parks/facilities/place-listing/minto-recreation-complex-barrhaven,#,West - Barrhaven,Racquet Sport,Adult,PM,FALSE
1,Monday,13:55 - 14:55,Minto Recreation Complex - Barrhaven,3500 Cambrian Road,Pickleball,Other,Indoors,No,https://ottawa.ca/en/recreation-and-parks/facilities/place-listing/minto-recreation-complex-barrhaven,#,West - Barrhaven,Racquet Sport,Adult,PM,FALSE
1,Monday,15:00 - 16:00,Minto Recreation Complex - Barrhaven,3500 Cambrian Road,Pickleball,Other,Indoors,No,https://ottawa.ca/en/recreation-and-parks/facilities/place-listing/minto-recreation-complex-barrhaven,#,West - Barrhaven,Racquet Sport,Adult,PM,FALSE
2,Tuesday,11:45 - 12:45,Minto Recreation Complex - Barrhaven,3500 Cambrian Road,Pickleball,Other,Indoors,No,https://ottawa.ca/en/recreation-and-parks/facilities/place-listing/minto-recreation-complex-barrhaven,#,West - Barrhaven,Racquet Sport,Adult,"AM, PM",FALSE
2,Tuesday,12:50 - 13:50,Minto Recreation Complex - Barrhaven,3500 Cambrian Road,Pickleball,Other,Indoors,No,https://ottawa.ca/en/recreation-and-parks/facilities/place-listing/minto-recreation-complex-barrhaven,#,West - Barrhaven,Racquet Sport,Adult,PM,FALSE
2,Tuesday,13:55 - 14:55,Minto Recreation Complex - Barrhaven,3500 Cambrian Road,Pickleball,Other,Indoors,No,https://ottawa.ca/en/recreation-and-parks/facilities/place-listing/minto-recreation-complex-barrhaven,#,West - Barrhaven,Racquet Sport,Adult,PM,FALSE
2,Tuesday,15:00 - 16:00,Minto Recreation Complex - Barrhaven,3500 Cambrian Road,Pickleball,Other,Indoors,No,https://ottawa.ca/en/recreation-and-parks/facilities/place-listing/minto-recreation-complex-barrhaven,#,West - Barrhaven,Racquet Sport,Adult,PM,FALSE
2,Tuesday,18:15 - 19:15,Minto Recreation Complex - Barrhaven,3500 Cambrian Road,Pickleball,Other,Indoors,No,https://ottawa.ca/en/recreation-and-parks/facilities/place-listing/minto-recreation-complex-barrhaven,#,West - Barrhaven,Racquet Sport,Adult,Evening,FALSE
2,Tuesday,19:20 - 20:20,Minto Recreation Complex - Barrhaven,3500 Cambrian Road,Pickleball,Other,Indoors,No,https://ottawa.ca/en/recreation-and-parks/facilities/place-listing/minto-recreation-complex-barrhaven,#,West - Barrhaven,Racquet Sport,Adult,Evening,FALSE
2,Tuesday,20:25 - 21:25,Minto Recreation Complex - Barrhaven,3500 Cambrian Road,Pickleball,Other,Indoors,No,https://ottawa.ca/en/recreation-and-parks/facilities/place-listing/minto-recreation-complex-barrhaven,#,West - Barrhaven,Racquet Sport,Adult,Evening,FALSE
3,Wednesday,11:45 - 12:45,Minto Recreation Complex - Barrhaven,3500 Cambrian Road,Pickleball,Other,Indoors,No,https://ottawa.ca/en/recreation-and-parks/facilities/place-listing/minto-recreation-complex-barrhaven,#,West - Barrhaven,Racquet Sport,Adult,"AM, PM",FALSE
3,Wednesday,12:50 - 13:50,Minto Recreation Complex - Barrhaven,3500 Cambrian Road,Pickleball,Other,Indoors,No,https://ottawa.ca/en/recreation-and-parks/facilities/place-listing/minto-recreation-complex-barrhaven,#,West - Barrhaven,Racquet Sport,Adult,PM,FALSE
3,Wednesday,13:55 - 14:55,Minto Recreation Complex - Barrhaven,3500 Cambrian Road,Pickleball,Other,Indoors,No,https://ottawa.ca/en/recreation-and-parks/facilities/place-listing/minto-recreation-complex-barrhaven,#,West - Barrhaven,Racquet Sport,Adult,PM,FALSE
3,Wednesday,15:00 - 16:00,Minto Recreation Complex - Barrhaven,3500 Cambrian Road,Pickleball,Other,Indoors,No,https://ottawa.ca/en/recreation-and-parks/facilities/place-listing/minto-recreation-complex-barrhaven,#,West - Barrhaven,Racquet Sport,Adult,PM,FALSE
4,Thursday,11:45 - 12:45,Minto Recreation Complex - Barrhaven,3500 Cambrian Road,Pickleball,Other,Indoors,No,https://ottawa.ca/en/recreation-and-parks/facilities/place-listing/minto-recreation-complex-barrhaven,#,West - Barrhaven,Racquet Sport,Adult,"AM, PM",FALSE
4,Thursday,12:50 - 13:50,Minto Recreation Complex - Barrhaven,3500 Cambrian Road,Pickleball,Other,Indoors,No,https://ottawa.ca/en/recreation-and-parks/facilities/place-listing/minto-recreation-complex-barrhaven,#,West - Barrhaven,Racquet Sport,Adult,PM,FALSE
4,Thursday,13:55 - 14:55,Minto Recreation Complex - Barrhaven,3500 Cambrian Road,Pickleball,Other,Indoors,No,https://ottawa.ca/en/recreation-and-parks/facilities/place-listing/minto-recreation-complex-barrhaven,#,West - Barrhaven,Racquet Sport,Adult,PM,FALSE
4,Thursday,15:00 - 16:00,Minto Recreation Complex - Barrhaven,3500 Cambrian Road,Pickleball,Other,Indoors,No,https://ottawa.ca/en/recreation-and-parks/facilities/place-listing/minto-recreation-complex-barrhaven,#,West - Barrhaven,Racquet Sport,Adult,PM,FALSE
5,Friday,11:45 - 12:45,Minto Recreation Complex - Barrhaven,3500 Cambrian Road,Pickleball,Other,Indoors,No,https://ottawa.ca/en/recreation-and-parks/facilities/place-listing/minto-recreation-complex-barrhaven,#,West - Barrhaven,Racquet Sport,Adult,"AM, PM",FALSE
5,Friday,12:50 - 13:50,Minto Recreation Complex - Barrhaven,3500 Cambrian Road,Pickleball,Other,Indoors,No,https://ottawa.ca/en/recreation-and-parks/facilities/place-listing/minto-recreation-complex-barrhaven,#,West - Barrhaven,Racquet Sport,Adult,PM,FALSE
5,Friday,13:55 - 14:55,Minto Recreation Complex - Barrhaven,3500 Cambrian Road,Pickleball,Other,Indoors,No,https://ottawa.ca/en/recreation-and-parks/facilities/place-listing/minto-recreation-complex-barrhaven,#,West - Barrhaven,Racquet Sport,Adult,PM,FALSE
5,Friday,20:45 - 21:45,Minto Recreation Complex - Barrhaven,3500 Cambrian Road,Badminton,Other,Indoors,No,https://ottawa.ca/en/recreation-and-parks/facilities/place-listing/minto-recreation-complex-barrhaven,#,West - Barrhaven,Racquet Sport,Adult,Evening,FALSE
6,Saturday,18:45 - 19:45,Minto Recreation Complex - Barrhaven,3500 Cambrian Road,Badminton,Other,Indoors,No,https://ottawa.ca/en/recreation-and-parks/facilities/place-listing/minto-recreation-complex-barrhaven,#,West - Barrhaven,Racquet Sport,Adult,Evening,TRUE
6,Saturday,19:50 - 20:50,Minto Recreation Complex - Barrhaven,3500 Cambrian Road,Badminton,Other,Indoors,No,https://ottawa.ca/en/recreation-and-parks/facilities/place-listing/minto-recreation-complex-barrhaven,#,West - Barrhaven,Racquet Sport,Adult,Evening,TRUE
1,Monday,09:00 - 11:00,Minto Recreation Complex - Barrhaven,3500 Cambrian Road,Kinderplay,Other,Indoors,Yes,https://ottawa.ca/en/recreation-and-parks/facilities/place-listing/minto-recreation-complex-barrhaven,https://reservation-cf.frontdeskqms.ca/rcfs/mintobarrhaven/Home/Index?Culture=en&PageId=69f7cf1e-4b39-4609-9cff-fe2deeb4c231,West - Barrhaven,Gym Sport,Preschool,AM,FALSE
2,Tuesday,09:00 - 11:00,Minto Recreation Complex - Barrhaven,3500 Cambrian Road,Kinderplay,Other,Indoors,Yes,https://ottawa.ca/en/recreation-and-parks/facilities/place-listing/minto-recreation-complex-barrhaven,https://reservation-cf.frontdeskqms.ca/rcfs/mintobarrhaven/Home/Index?Culture=en&PageId=69f7cf1e-4b39-4609-9cff-fe2deeb4c231,West - Barrhaven,Gym Sport,Preschool,AM,FALSE
4,Thursday,09:00 - 11:00,Minto Recreation Complex - Barrhaven,3500 Cambrian Road,Kinderplay,Other,Indoors,Yes,https://ottawa.ca/en/recreation-and-parks/facilities/place-listing/minto-recreation-complex-barrhaven,https://reservation-cf.frontdeskqms.ca/rcfs/mintobarrhaven/Home/Index?Culture=en&PageId=69f7cf1e-4b39-4609-9cff-fe2deeb4c231,West - Barrhaven,Gym Sport,Preschool,AM,FALSE
5,Friday,09:00 - 11:00,Minto Recreation Complex - Barrhaven,3500 Cambrian Road,Kinderplay,Other,Indoors,Yes,https://ottawa.ca/en/recreation-and-parks/facilities/place-listing/minto-recreation-complex-barrhaven,https://reservation-cf.frontdeskqms.ca/rcfs/mintobarrhaven/Home/Index?Culture=en&PageId=69f7cf1e-4b39-4609-9cff-fe2deeb4c231,West - Barrhaven,Gym Sport,Preschool,AM,FALSE
7,Sunday,17:00 - 18:00,Minto Recreation Complex - Barrhaven,3500 Cambrian Road,Kinderplay,Other,Indoors,Yes,https://ottawa.ca/en/recreation-and-parks/facilities/place-listing/minto-recreation-complex-barrhaven,https://reservation-cf.frontdeskqms.ca/rcfs/mintobarrhaven/Home/Index?Culture=en&PageId=69f7cf1e-4b39-4609-9cff-fe2deeb4c231,West - Barrhaven,Gym Sport,Preschool,Evening,FALSE
1,Monday,20:35 - 21:35,Minto Recreation Complex - Barrhaven,3500 Cambrian Road,Volleyball,Other,Indoors,Yes,https://ottawa.ca/en/recreation-and-parks/facilities/place-listing/minto-recreation-complex-barrhaven,https://reservation-cf.frontdeskqms.ca/rcfs/mintobarrhaven/Home/Index?Culture=en&PageId=69f7cf1e-4b39-4609-9cff-fe2deeb4c231,West - Barrhaven,Gym Sport,Adult,Evening,FALSE
7,Sunday,18:30 - 19:30,Minto Recreation Complex - Barrhaven,3500 Cambrian Road,Volleyball - family (8 to 14 years old),Other,Indoors,Yes,https://ottawa.ca/en/recreation-and-parks/facilities/place-listing/minto-recreation-complex-barrhaven,https://reservation-cf.frontdeskqms.ca/rcfs/mintobarrhaven/Home/Index?Culture=en&PageId=69f7cf1e-4b39-4609-9cff-fe2deeb4c231,West - Barrhaven,Gym Sport,"Preschool, Children, Youth, Adult",Evening,FALSE
3,Wednesday,07:20 - 08:20,Minto Recreation Complex - Barrhaven,3500 Cambrian Road,Basketball - adult,Other,Indoors,Yes,https://ottawa.ca/en/recreation-and-parks/facilities/place-listing/minto-recreation-complex-barrhaven,https://reservation-cf.frontdeskqms.ca/rcfs/mintobarrhaven/Home/Index?Culture=en&PageId=69f7cf1e-4b39-4609-9cff-fe2deeb4c231,West - Barrhaven,Gym Sport,Adult,AM,FALSE
3,Wednesday,21:00 - 21:55,Minto Recreation Complex - Barrhaven,3500 Cambrian Road,Basketball - adult,Other,Indoors,Yes,https://ottawa.ca/en/recreation-and-parks/facilities/place-listing/minto-recreation-complex-barrhaven,https://reservation-cf.frontdeskqms.ca/rcfs/mintobarrhaven/Home/Index?Culture=en&PageId=69f7cf1e-4b39-4609-9cff-fe2deeb4c231,West - Barrhaven,Gym Sport,Adult,Evening,FALSE
4,Thursday,20:15 - 21:15,Minto Recreation Complex - Barrhaven,3500 Cambrian Road,Basketball - youth,Other,Indoors,Yes,https://ottawa.ca/en/recreation-and-parks/facilities/place-listing/minto-recreation-complex-barrhaven,https://reservation-cf.frontdeskqms.ca/rcfs/mintobarrhaven/Home/Index?Culture=en&PageId=69f7cf1e-4b39-4609-9cff-fe2deeb4c231,West - Barrhaven,Gym Sport,Youth,Evening,FALSE
6,Saturday,16:45 - 18:15,Minto Recreation Complex - Barrhaven,3500 Cambrian Road,Basketball - family (6 to 14 years old),Other,Indoors,Yes,https://ottawa.ca/en/recreation-and-parks/facilities/place-listing/minto-recreation-complex-barrhaven,https://reservation-cf.frontdeskqms.ca/rcfs/mintobarrhaven/Home/Index?Culture=en&PageId=69f7cf1e-4b39-4609-9cff-fe2deeb4c231,West - Barrhaven,Gym Sport,"Preschool, Children, Youth, Adult","PM, Evening",TRUE
4,Thursday,09:00 - 09:50,Minto Recreation Complex - Barrhaven,3500 Cambrian Road,Public skating,Other,Indoors,Yes,https://ottawa.ca/en/recreation-and-parks/facilities/place-listing/minto-recreation-complex-barrhaven,https://reservation.frontdesksuite.ca/rcfs/mintobarrhaven/Home/Index?Culture=en&PageId=69f7cf1e-4b39-4609-9cff-fe2deeb4c231,West - Barrhaven,Skating,"Preschool, Children, Youth, Adult",AM,FALSE
7,Sunday,17:00 - 17:50,Minto Recreation Complex - Barrhaven,3500 Cambrian Road,Public skating,Other,Indoors,Yes,https://ottawa.ca/en/recreation-and-parks/facilities/place-listing/minto-recreation-complex-barrhaven,https://reservation.frontdesksuite.ca/rcfs/mintobarrhaven/Home/Index?Culture=en&PageId=69f7cf1e-4b39-4609-9cff-fe2deeb4c231,West - Barrhaven,Skating,"Preschool, Children, Youth, Adult",Evening,TRUE
4,Thursday,10:00 - 10:50,Minto Recreation Complex - Barrhaven,3500 Cambrian Road,Family skating,Other,Indoors,Yes,https://ottawa.ca/en/recreation-and-parks/facilities/place-listing/minto-recreation-complex-barrhaven,https://reservation.frontdesksuite.ca/rcfs/mintobarrhaven/Home/Index?Culture=en&PageId=69f7cf1e-4b39-4609-9cff-fe2deeb4c231,West - Barrhaven,Skating,"Preschool, Children, Youth, Adult",AM,FALSE
7,Sunday,16:00 - 16:50,Minto Recreation Complex - Barrhaven,3500 Cambrian Road,Family skating,Other,Indoors,Yes,https://ottawa.ca/en/recreation-and-parks/facilities/place-listing/minto-recreation-complex-barrhaven,https://reservation.frontdesksuite.ca/rcfs/mintobarrhaven/Home/Index?Culture=en&PageId=69f7cf1e-4b39-4609-9cff-fe2deeb4c231,West - Barrhaven,Skating,"Preschool, Children, Youth, Adult",PM,TRUE
2,Tuesday,10:15 - 12:05,Minto Recreation Complex - Barrhaven,3500 Cambrian Road,Figure skating,Other,Indoors,Yes,https://ottawa.ca/en/recreation-and-parks/facilities/place-listing/minto-recreation-complex-barrhaven,https://reservation.frontdesksuite.ca/rcfs/mintobarrhaven/Home/Index?Culture=en&PageId=69f7cf1e-4b39-4609-9cff-fe2deeb4c231,West - Barrhaven,Skating,Adult,"AM, PM",FALSE
5,Friday,13:00 - 15:00,Nepean Seniors Centre,1701 Woodroffe Avenue,Mah Jong,Other,Other,No,https://ottawa.ca/en/recreation-and-parks/facilities/place-listing/nepean-seniors-centre,#,West - Nepean,Other,Adult,PM,FALSE
2,Tuesday,10:00 - 11:00,Nepean Seniors Centre,1701 Woodroffe Avenue,Walking club,Other,Other,No,https://ottawa.ca/en/recreation-and-parks/facilities/place-listing/nepean-seniors-centre,#,West - Nepean,Other,Adult,AM,FALSE
1,Monday,12:30 - 15:00,Nepean Seniors Centre,1701 Woodroffe Avenue,Bid Euchre,Other,Other,No,https://ottawa.ca/en/recreation-and-parks/facilities/place-listing/nepean-seniors-centre,#,West - Nepean,Other,Adult,PM,FALSE
1,Monday,13:00 - 15:00,Nepean Seniors Centre,1701 Woodroffe Avenue,Sixty Six,Other,Other,No,https://ottawa.ca/en/recreation-and-parks/facilities/place-listing/nepean-seniors-centre,#,West - Nepean,Other,Adult,PM,FALSE
1,Monday,13:00 - 15:00,Nepean Seniors Centre,1701 Woodroffe Avenue,Shuffleboard,Other,Other,No,https://ottawa.ca/en/recreation-and-parks/facilities/place-listing/nepean-seniors-centre,#,West - Nepean,Other,Adult,PM,FALSE
3,Wednesday,13:00 - 15:00,Nepean Seniors Centre,1701 Woodroffe Avenue,Shuffleboard,Other,Other,No,https://ottawa.ca/en/recreation-and-parks/facilities/place-listing/nepean-seniors-centre,#,West - Nepean,Other,Adult,PM,FALSE
2,Tuesday,12:30 - 15:30,Nepean Seniors Centre,1701 Woodroffe Avenue,Euchre,Other,Other,No,https://ottawa.ca/en/recreation-and-parks/facilities/place-listing/nepean-seniors-centre,#,West - Nepean,Other,Adult,PM,FALSE
3,Wednesday,12:30 - 15:00,Nepean Seniors Centre,1701 Woodroffe Avenue,Contract Bridge,Other,Other,No,https://ottawa.ca/en/recreation-and-parks/facilities/place-listing/nepean-seniors-centre,#,West - Nepean,Other,Adult,PM,FALSE
4,Thursday,13:00 - 15:00,Nepean Seniors Centre,1701 Woodroffe Avenue,Cribbage,Other,Other,No,https://ottawa.ca/en/recreation-and-parks/facilities/place-listing/nepean-seniors-centre,#,West - Nepean,Other,Adult,PM,FALSE
4,Thursday,12:30 - 15:00,Nepean Seniors Centre,1701 Woodroffe Avenue,500,Other,Other,No,https://ottawa.ca/en/recreation-and-parks/facilities/place-listing/nepean-seniors-centre,#,West - Nepean,Other,Adult,PM,FALSE
4,Thursday,12:00 - 16:00,Nepean Seniors Centre,1701 Woodroffe Avenue,Duplicate Bridge,Other,Other,No,https://ottawa.ca/en/recreation-and-parks/facilities/place-listing/nepean-seniors-centre,#,West - Nepean,Other,Adult,PM,FALSE
5,Friday,12:00 - 16:00,Nepean Seniors Centre,1701 Woodroffe Avenue,Duplicate Bridge,Other,Other,No,https://ottawa.ca/en/recreation-and-parks/facilities/place-listing/nepean-seniors-centre,#,West - Nepean,Other,Adult,PM,FALSE
5,Friday,09:00 - 11:00,Nepean Seniors Centre,1701 Woodroffe Avenue,Creative crafts,Other,Other,No,https://ottawa.ca/en/recreation-and-parks/facilities/place-listing/nepean-seniors-centre,#,West - Nepean,Other,Adult,AM,FALSE
5,Friday,13:00 - 15:30,Nepean Seniors Centre,1701 Woodroffe Avenue,Fun Bridge,Other,Other,No,https://ottawa.ca/en/recreation-and-parks/facilities/place-listing/nepean-seniors-centre,#,West - Nepean,Other,Adult,PM,FALSE
3,Wednesday,09:30 - 11:30,Nepean Seniors Centre,1701 Woodroffe Avenue,Social board games,Other,Other,No,https://ottawa.ca/en/recreation-and-parks/facilities/place-listing/nepean-seniors-centre,#,West - Nepean,Other,Adult,AM,FALSE
3,Wednesday,13:00 - 15:00,Nepean Seniors Centre,1701 Woodroffe Avenue,Short Mat Bowling,Other,Other,No,https://ottawa.ca/en/recreation-and-parks/facilities/place-listing/nepean-seniors-centre,#,West - Nepean,Other,Adult,PM,FALSE
3,Wednesday,18:00 - 20:30,Nepean Seniors Centre,1701 Woodroffe Avenue,Short Mat Bowling,Other,Other,No,https://ottawa.ca/en/recreation-and-parks/facilities/place-listing/nepean-seniors-centre,#,West - Nepean,Other,Adult,Evening,FALSE
1,Monday,08:30 - 09:30,Nepean Sportsplex,1701 Woodroffe Avenue,Aquafit,Aquafit,Indoors,No,https://ottawa.ca/en/recreation-and-parks/facilities/place-listing/nepean-sportsplex,#,West - Nepean,Swimming,Adult,AM,FALSE
2,Tuesday,08:30 - 09:30,Nepean Sportsplex,1701 Woodroffe Avenue,Aquafit,Aquafit,Indoors,No,https://ottawa.ca/en/recreation-and-parks/facilities/place-listing/nepean-sportsplex,#,West - Nepean,Swimming,Adult,AM,FALSE
3,Wednesday,08:30 - 09:30,Nepean Sportsplex,1701 Woodroffe Avenue,Aquafit,Aquafit,Indoors,No,https://ottawa.ca/en/recreation-and-parks/facilities/place-listing/nepean-sportsplex,#,West - Nepean,Swimming,Adult,AM,FALSE
4,Thursday,08:30 - 09:30,Nepean Sportsplex,1701 Woodroffe Avenue,Aquafit,Aquafit,Indoors,No,https://ottawa.ca/en/recreation-and-parks/facilities/place-listing/nepean-sportsplex,#,West - Nepean,Swimming,Adult,AM,FALSE
5,Friday,08:30 - 09:30,Nepean Sportsplex,1701 Woodroffe Avenue,Aquafit,Aquafit,Indoors,No,https://ottawa.ca/en/recreation-and-parks/facilities/place-listing/nepean-sportsplex,#,West - Nepean,Swimming,Adult,AM,FALSE
1,Monday,09:30 - 10:30,Nepean Sportsplex,1701 Woodroffe Avenue,Aqua Lite,Aquafit,Indoors,No,https://ottawa.ca/en/recreation-and-parks/facilities/place-listing/nepean-sportsplex,#,West - Nepean,Swimming,Adult,AM,FALSE
2,Tuesday,09:30 - 10:30,Nepean Sportsplex,1701 Woodroffe Avenue,Aqua Lite,Aquafit,Indoors,No,https://ottawa.ca/en/recreation-and-parks/facilities/place-listing/nepean-sportsplex,#,West - Nepean,Swimming,Adult,AM,FALSE
3,Wednesday,09:30 - 10:30,Nepean Sportsplex,1701 Woodroffe Avenue,Aqua Lite,Aquafit,Indoors,No,https://ottawa.ca/en/recreation-and-parks/facilities/place-listing/nepean-sportsplex,#,West - Nepean,Swimming,Adult,AM,FALSE
4,Thursday,09:30 - 10:30,Nepean Sportsplex,1701 Woodroffe Avenue,Aqua Lite,Aquafit,Indoors,No,https://ottawa.ca/en/recreation-and-parks/facilities/place-listing/nepean-sportsplex,#,West - Nepean,Swimming,Adult,AM,FALSE
5,Friday,09:30 - 10:30,Nepean Sportsplex,1701 Woodroffe Avenue,Aqua Lite,Aquafit,Indoors,No,https://ottawa.ca/en/recreation-and-parks/facilities/place-listing/nepean-sportsplex,#,West - Nepean,Swimming,Adult,AM,FALSE
1,Monday,07:00 - 08:00,Nepean Sportsplex,1701 Woodroffe Avenue,Lane swim - 25m,Lane Swim,Indoors,No,https://ottawa.ca/en/recreation-and-parks/facilities/place-listing/nepean-sportsplex,#,West - Nepean,Swimming,Adult,AM,FALSE
3,Wednesday,07:00 - 08:00,Nepean Sportsplex,1701 Woodroffe Avenue,Lane swim - 25m,Lane Swim,Indoors,No,https://ottawa.ca/en/recreation-and-parks/facilities/place-listing/nepean-sportsplex,#,West - Nepean,Swimming,Adult,AM,FALSE
5,Friday,07:00 - 08:00,Nepean Sportsplex,1701 Woodroffe Avenue,Lane swim - 25m,Lane Swim,Indoors,No,https://ottawa.ca/en/recreation-and-parks/facilities/place-listing/nepean-sportsplex,#,West - Nepean,Swimming,Adult,AM,FALSE
1,Monday,08:30 - 13:00,Nepean Sportsplex,1701 Woodroffe Avenue,Lane swim - 50m long course,Lane Swim,Indoors,No,https://ottawa.ca/en/recreation-and-parks/facilities/place-listing/nepean-sportsplex,#,West - Nepean,Swimming,Adult,"AM, PM",FALSE
2,Tuesday,08:30 - 13:00,Nepean Sportsplex,1701 Woodroffe Avenue,Lane swim - 50m long course,Lane Swim,Indoors,No,https://ottawa.ca/en/recreation-and-parks/facilities/place-listing/nepean-sportsplex,#,West - Nepean,Swimming,Adult,"AM, PM",FALSE
3,Wednesday,08:30 - 13:00,Nepean Sportsplex,1701 Woodroffe Avenue,Lane swim - 50m long course,Lane Swim,Indoors,No,https://ottawa.ca/en/recreation-and-parks/facilities/place-listing/nepean-sportsplex,#,West - Nepean,Swimming,Adult,"AM, PM",FALSE
4,Thursday,08:30 - 13:00,Nepean Sportsplex,1701 Woodroffe Avenue,Lane swim - 50m long course,Lane Swim,Indoors,No,https://ottawa.ca/en/recreation-and-parks/facilities/place-listing/nepean-sportsplex,#,West - Nepean,Swimming,Adult,"AM, PM",FALSE
5,Friday,08:30 - 13:00,Nepean Sportsplex,1701 Woodroffe Avenue,Lane swim - 50m long course,Lane Swim,Indoors,No,https://ottawa.ca/en/recreation-and-parks/facilities/place-listing/nepean-sportsplex,#,West - Nepean,Swimming,Adult,"AM, PM",FALSE
1,Monday,19:30 - 21:30,Nepean Sportsplex,1701 Woodroffe Avenue,Lane swim - 50m short course,Lane Swim,Indoors,No,https://ottawa.ca/en/recreation-and-parks/facilities/place-listing/nepean-sportsplex,#,West - Nepean,Swimming,Adult,Evening,FALSE
2,Tuesday,19:30 - 20:30,Nepean Sportsplex,1701 Woodroffe Avenue,Lane swim - 50m short course,Lane Swim,Indoors,No,https://ottawa.ca/en/recreation-and-parks/facilities/place-listing/nepean-sportsplex,#,West - Nepean,Swimming,Adult,Evening,FALSE
3,Wednesday,19:30 - 21:30,Nepean Sportsplex,1701 Woodroffe Avenue,Lane swim - 50m short course,Lane Swim,Indoors,No,https://ottawa.ca/en/recreation-and-parks/facilities/place-listing/nepean-sportsplex,#,West - Nepean,Swimming,Adult,Evening,FALSE
4,Thursday,19:30 - 21:30,Nepean Sportsplex,1701 Woodroffe Avenue,Lane swim - 50m short course,Lane Swim,Indoors,No,https://ottawa.ca/en/recreation-and-parks/facilities/place-listing/nepean-sportsplex,#,West - Nepean,Swimming,Adult,Evening,FALSE
6,Saturday,11:00 - 15:00,Nepean Sportsplex,1701 Woodroffe Avenue,Lane swim - 50m short course,Lane Swim,Indoors,No,https://ottawa.ca/en/recreation-and-parks/facilities/place-listing/nepean-sportsplex,#,West - Nepean,Swimming,Adult,"AM, PM",FALSE
7,Sunday,11:00 - 15:00,Nepean Sportsplex,1701 Woodroffe Avenue,Lane swim - 50m short course,Lane Swim,Indoors,No,https://ottawa.ca/en/recreation-and-parks/facilities/place-listing/nepean-sportsplex,#,West - Nepean,Swimming,Adult,"AM, PM",FALSE
1,Monday,11:00 - 13:00,Nepean Sportsplex,1701 Woodroffe Avenue,Public swim,Public Swim,Indoors,No,https://ottawa.ca/en/recreation-and-parks/facilities/place-listing/nepean-sportsplex,#,West - Nepean,Swimming,"Preschool, Children, Youth, Adult","AM, PM",FALSE
2,Tuesday,11:00 - 13:00,Nepean Sportsplex,1701 Woodroffe Avenue,Public swim,Public Swim,Indoors,No,https://ottawa.ca/en/recreation-and-parks/facilities/place-listing/nepean-sportsplex,#,West - Nepean,Swimming,"Preschool, Children, Youth, Adult","AM, PM",FALSE
3,Wednesday,11:00 - 13:00,Nepean Sportsplex,1701 Woodroffe Avenue,Public swim,Public Swim,Indoors,No,https://ottawa.ca/en/recreation-and-parks/facilities/place-listing/nepean-sportsplex,#,West - Nepean,Swimming,"Preschool, Children, Youth, Adult","AM, PM",FALSE
4,Thursday,11:00 - 13:00,Nepean Sportsplex,1701 Woodroffe Avenue,Public swim,Public Swim,Indoors,No,https://ottawa.ca/en/recreation-and-parks/facilities/place-listing/nepean-sportsplex,#,West - Nepean,Swimming,"Preschool, Children, Youth, Adult","AM, PM",FALSE
5,Friday,11:00 - 13:00,Nepean Sportsplex,1701 Woodroffe Avenue,Public swim,Public Swim,Indoors,No,https://ottawa.ca/en/recreation-and-parks/facilities/place-listing/nepean-sportsplex,#,West - Nepean,Swimming,"Preschool, Children, Youth, Adult","AM, PM",FALSE
6,Saturday,11:00 - 12:30,Nepean Sportsplex,1701 Woodroffe Avenue,Public swim,Public Swim,Indoors,No,https://ottawa.ca/en/recreation-and-parks/facilities/place-listing/nepean-sportsplex,#,West - Nepean,Swimming,"Preschool, Children, Youth, Adult","AM, PM",FALSE
7,Sunday,13:00 - 15:00,Nepean Sportsplex,1701 Woodroffe Avenue,Public swim,Public Swim,Indoors,No,https://ottawa.ca/en/recreation-and-parks/facilities/place-listing/nepean-sportsplex,#,West - Nepean,Swimming,"Preschool, Children, Youth, Adult",PM,FALSE
6,Saturday,09:45 - 10:45,Nepean Sportsplex,1701 Woodroffe Avenue,Preschool swim,Other,Indoors,No,https://ottawa.ca/en/recreation-and-parks/facilities/place-listing/nepean-sportsplex,#,West - Nepean,Swimming,Preschool,AM,FALSE
1,Monday,07:00 - 08:00,Nepean Sportsplex,1701 Woodroffe Avenue,Whirlpool,Other,Indoors,No,https://ottawa.ca/en/recreation-and-parks/facilities/place-listing/nepean-sportsplex,#,West - Nepean,Swimming,Adult,AM,FALSE
1,Monday,08:30 - 13:00,Nepean Sportsplex,1701 Woodroffe Avenue,Whirlpool,Other,Indoors,No,https://ottawa.ca/en/recreation-and-parks/facilities/place-listing/nepean-sportsplex,#,West - Nepean,Swimming,Adult,"AM, PM",FALSE
1,Monday,19:30 - 21:30,Nepean Sportsplex,1701 Woodroffe Avenue,Whirlpool,Other,Indoors,No,https://ottawa.ca/en/recreation-and-parks/facilities/place-listing/nepean-sportsplex,#,West - Nepean,Swimming,Adult,Evening,FALSE
2,Tuesday,08:30 - 13:00,Nepean Sportsplex,1701 Woodroffe Avenue,Whirlpool,Other,Indoors,No,https://ottawa.ca/en/recreation-and-parks/facilities/place-listing/nepean-sportsplex,#,West - Nepean,Swimming,Adult,"AM, PM",FALSE
2,Tuesday,19:30 - 21:30,Nepean Sportsplex,1701 Woodroffe Avenue,Whirlpool,Other,Indoors,No,https://ottawa.ca/en/recreation-and-parks/facilities/place-listing/nepean-sportsplex,#,West - Nepean,Swimming,Adult,Evening,FALSE
3,Wednesday,07:00 - 08:00,Nepean Sportsplex,1701 Woodroffe Avenue,Whirlpool,Other,Indoors,No,https://ottawa.ca/en/recreation-and-parks/facilities/place-listing/nepean-sportsplex,#,West - Nepean,Swimming,Adult,AM,FALSE
3,Wednesday,08:30 - 13:00,Nepean Sportsplex,1701 Woodroffe Avenue,Whirlpool,Other,Indoors,No,https://ottawa.ca/en/recreation-and-parks/facilities/place-listing/nepean-sportsplex,#,West - Nepean,Swimming,Adult,"AM, PM",FALSE
3,Wednesday,19:30 - 21:30,Nepean Sportsplex,1701 Woodroffe Avenue,Whirlpool,Other,Indoors,No,https://ottawa.ca/en/recreation-and-parks/facilities/place-listing/nepean-sportsplex,#,West - Nepean,Swimming,Adult,Evening,FALSE
4,Thursday,08:30 - 13:00,Nepean Sportsplex,1701 Woodroffe Avenue,Whirlpool,Other,Indoors,No,https://ottawa.ca/en/recreation-and-parks/facilities/place-listing/nepean-sportsplex,#,West - Nepean,Swimming,Adult,"AM, PM",FALSE
4,Thursday,19:30 - 21:30,Nepean Sportsplex,1701 Woodroffe Avenue,Whirlpool,Other,Indoors,No,https://ottawa.ca/en/recreation-and-parks/facilities/place-listing/nepean-sportsplex,#,West - Nepean,Swimming,Adult,Evening,FALSE
5,Friday,07:00 - 08:00,Nepean Sportsplex,1701 Woodroffe Avenue,Whirlpool,Other,Indoors,No,https://ottawa.ca/en/recreation-and-parks/facilities/place-listing/nepean-sportsplex,#,West - Nepean,Swimming,Adult,AM,FALSE
5,Friday,08:30 - 13:00,Nepean Sportsplex,1701 Woodroffe Avenue,Whirlpool,Other,Indoors,No,https://ottawa.ca/en/recreation-and-parks/facilities/place-listing/nepean-sportsplex,#,West - Nepean,Swimming,Adult,"AM, PM",FALSE
6,Saturday,11:00 - 15:00,Nepean Sportsplex,1701 Woodroffe Avenue,Whirlpool,Other,Indoors,No,https://ottawa.ca/en/recreation-and-parks/facilities/place-listing/nepean-sportsplex,#,West - Nepean,Swimming,Adult,"AM, PM",FALSE
7,Sunday,11:00 - 15:00,Nepean Sportsplex,1701 Woodroffe Avenue,Whirlpool,Other,Indoors,No,https://ottawa.ca/en/recreation-and-parks/facilities/place-listing/nepean-sportsplex,#,West - Nepean,Swimming,Adult,"AM, PM",FALSE
1,Monday,07:00 - 22:00,Nepean Sportsplex,1701 Woodroffe Avenue,Weight and cardio room,Other,Indoors,No,https://ottawa.ca/en/recreation-and-parks/facilities/place-listing/nepean-sportsplex,#,West - Nepean,Fitness,Adult,"AM, PM, Evening",FALSE
2,Tuesday,07:00 - 22:00,Nepean Sportsplex,1701 Woodroffe Avenue,Weight and cardio room,Other,Indoors,No,https://ottawa.ca/en/recreation-and-parks/facilities/place-listing/nepean-sportsplex,#,West - Nepean,Fitness,Adult,"AM, PM, Evening",FALSE
3,Wednesday,07:00 - 22:00,Nepean Sportsplex,1701 Woodroffe Avenue,Weight and cardio room,Other,Indoors,No,https://ottawa.ca/en/recreation-and-parks/facilities/place-listing/nepean-sportsplex,#,West - Nepean,Fitness,Adult,"AM, PM, Evening",FALSE
4,Thursday,07:00 - 22:00,Nepean Sportsplex,1701 Woodroffe Avenue,Weight and cardio room,Other,Indoors,No,https://ottawa.ca/en/recreation-and-parks/facilities/place-listing/nepean-sportsplex,#,West - Nepean,Fitness,Adult,"AM, PM, Evening",FALSE
5,Friday,07:00 - 22:00,Nepean Sportsplex,1701 Woodroffe Avenue,Weight and cardio room,Other,Indoors,No,https://ottawa.ca/en/recreation-and-parks/facilities/place-listing/nepean-sportsplex,#,West - Nepean,Fitness,Adult,"AM, PM, Evening",FALSE
6,Saturday,08:00 - 22:00,Nepean Sportsplex,1701 Woodroffe Avenue,Weight and cardio room,Other,Indoors,No,https://ottawa.ca/en/recreation-and-parks/facilities/place-listing/nepean-sportsplex,#,West - Nepean,Fitness,Adult,"AM, PM, Evening",FALSE
7,Sunday,08:00 - 22:00,Nepean Sportsplex,1701 Woodroffe Avenue,Weight and cardio room,Other,Indoors,No,https://ottawa.ca/en/recreation-and-parks/facilities/place-listing/nepean-sportsplex,#,West - Nepean,Fitness,Adult,"AM, PM, Evening",FALSE
1,Monday,09:00 - 10:00,Nepean Sportsplex,1701 Woodroffe Avenue,Cardio and strength - older adult,Other,Indoors,Yes,https://ottawa.ca/en/recreation-and-parks/facilities/place-listing/nepean-sportsplex,https://reservation.frontdesksuite.ca/rcfs/nepeansportsplex/Home/Index?Culture=en&PageId=b0d362a1-ba36-42ae-b1e0-feefaf43fe4c,West - Nepean,Group Fitness,50+,AM,FALSE
2,Tuesday,09:00 - 10:00,Nepean Sportsplex,1701 Woodroffe Avenue,Cardio and strength - older adult,Other,Indoors,Yes,https://ottawa.ca/en/recreation-and-parks/facilities/place-listing/nepean-sportsplex,https://reservation.frontdesksuite.ca/rcfs/nepeansportsplex/Home/Index?Culture=en&PageId=b0d362a1-ba36-42ae-b1e0-feefaf43fe4c,West - Nepean,Group Fitness,50+,AM,FALSE
3,Wednesday,09:00 - 10:00,Nepean Sportsplex,1701 Woodroffe Avenue,Cardio and strength - older adult,Other,Indoors,Yes,https://ottawa.ca/en/recreation-and-parks/facilities/place-listing/nepean-sportsplex,https://reservation.frontdesksuite.ca/rcfs/nepeansportsplex/Home/Index?Culture=en&PageId=b0d362a1-ba36-42ae-b1e0-feefaf43fe4c,West - Nepean,Group Fitness,50+,AM,FALSE
5,Friday,09:00 - 10:00,Nepean Sportsplex,1701 Woodroffe Avenue,Cardio and strength - older adult,Other,Indoors,Yes,https://ottawa.ca/en/recreation-and-parks/facilities/place-listing/nepean-sportsplex,https://reservation.frontdesksuite.ca/rcfs/nepeansportsplex/Home/Index?Culture=en&PageId=b0d362a1-ba36-42ae-b1e0-feefaf43fe4c,West - Nepean,Group Fitness,50+,AM,FALSE
1,Monday,09:00 - 10:00,Nepean Sportsplex,1701 Woodroffe Avenue,Circuit,Other,Indoors,Yes,https://ottawa.ca/en/recreation-and-parks/facilities/place-listing/nepean-sportsplex,https://reservation.frontdesksuite.ca/rcfs/nepeansportsplex/Home/Index?Culture=en&PageId=b0d362a1-ba36-42ae-b1e0-feefaf43fe4c,West - Nepean,Group Fitness,Adult,AM,FALSE
4,Thursday,17:00 - 18:00,Nepean Sportsplex,1701 Woodroffe Avenue,Circuit,Other,Indoors,Yes,https://ottawa.ca/en/recreation-and-parks/facilities/place-listing/nepean-sportsplex,https://reservation.frontdesksuite.ca/rcfs/nepeansportsplex/Home/Index?Culture=en&PageId=b0d362a1-ba36-42ae-b1e0-feefaf43fe4c,West - Nepean,Group Fitness,Adult,Evening,FALSE
2,Tuesday,17:00 - 18:00,Nepean Sportsplex,1701 Woodroffe Avenue,Core conditioning,Other,Indoors,Yes,https://ottawa.ca/en/recreation-and-parks/facilities/place-listing/nepean-sportsplex,https://reservation.frontdesksuite.ca/rcfs/nepeansportsplex/Home/Index?Culture=en&PageId=b0d362a1-ba36-42ae-b1e0-feefaf43fe4c,West - Nepean,Group Fitness,Adult,Evening,FALSE
4,Thursday,18:00 - 19:00,Nepean Sportsplex,1701 Woodroffe Avenue,Core conditioning,Other,Indoors,Yes,https://ottawa.ca/en/recreation-and-parks/facilities/place-listing/nepean-sportsplex,https://reservation.frontdesksuite.ca/rcfs/nepeansportsplex/Home/Index?Culture=en&PageId=b0d362a1-ba36-42ae-b1e0-feefaf43fe4c,West - Nepean,Group Fitness,Adult,Evening,FALSE
4,Thursday,09:00 - 10:00,Nepean Sportsplex,1701 Woodroffe Avenue,Core conditioning - older adult,Other,Indoors,Yes,https://ottawa.ca/en/recreation-and-parks/facilities/place-listing/nepean-sportsplex,https://reservation.frontdesksuite.ca/rcfs/nepeansportsplex/Home/Index?Culture=en&PageId=b0d362a1-ba36-42ae-b1e0-feefaf43fe4c,West - Nepean,Group Fitness,50+,AM,FALSE
2,Tuesday,07:00 - 08:00,Nepean Sportsplex,1701 Woodroffe Avenue,Bootcamp,Other,Indoors,Yes,https://ottawa.ca/en/recreation-and-parks/facilities/place-listing/nepean-sportsplex,https://reservation.frontdesksuite.ca/rcfs/nepeansportsplex/Home/Index?Culture=en&PageId=b0d362a1-ba36-42ae-b1e0-feefaf43fe4c,West - Nepean,Group Fitness,Adult,AM,FALSE
2,Tuesday,18:00 - 19:00,Nepean Sportsplex,1701 Woodroffe Avenue,HIIT,Other,Indoors,Yes,https://ottawa.ca/en/recreation-and-parks/facilities/place-listing/nepean-sportsplex,https://reservation.frontdesksuite.ca/rcfs/nepeansportsplex/Home/Index?Culture=en&PageId=b0d362a1-ba36-42ae-b1e0-feefaf43fe4c,West - Nepean,Group Fitness,Adult,Evening,FALSE
5,Friday,10:00 - 11:00,Nepean Sportsplex,1701 Woodroffe Avenue,HIIT,Other,Indoors,Yes,https://ottawa.ca/en/recreation-and-parks/facilities/place-listing/nepean-sportsplex,https://reservation.frontdesksuite.ca/rcfs/nepeansportsplex/Home/Index?Culture=en&PageId=b0d362a1-ba36-42ae-b1e0-feefaf43fe4c,West - Nepean,Group Fitness,Adult,AM,FALSE
7,Sunday,08:00 - 09:00,Nepean Sportsplex,1701 Woodroffe Avenue,HIIT,Other,Indoors,Yes,https://ottawa.ca/en/recreation-and-parks/facilities/place-listing/nepean-sportsplex,https://reservation.frontdesksuite.ca/rcfs/nepeansportsplex/Home/Index?Culture=en&PageId=b0d362a1-ba36-42ae-b1e0-feefaf43fe4c,West - Nepean,Group Fitness,Adult,AM,FALSE
2,Tuesday,09:00 - 10:00,Nepean Sportsplex,1701 Woodroffe Avenue,Indoor Cycling,Other,Indoors,Yes,https://ottawa.ca/en/recreation-and-parks/facilities/place-listing/nepean-sportsplex,https://reservation.frontdesksuite.ca/rcfs/nepeansportsplex/Home/Index?Culture=en&PageId=b0d362a1-ba36-42ae-b1e0-feefaf43fe4c,West - Nepean,Group Fitness,Adult,AM,FALSE
3,Wednesday,18:00 - 19:00,Nepean Sportsplex,1701 Woodroffe Avenue,Indoor Cycling,Other,Indoors,Yes,https://ottawa.ca/en/recreation-and-parks/facilities/place-listing/nepean-sportsplex,https://reservation.frontdesksuite.ca/rcfs/nepeansportsplex/Home/Index?Culture=en&PageId=b0d362a1-ba36-42ae-b1e0-feefaf43fe4c,West - Nepean,Group Fitness,Adult,Evening,FALSE
4,Thursday,07:00 - 08:00,Nepean Sportsplex,1701 Woodroffe Avenue,Indoor Cycling,Other,Indoors,Yes,https://ottawa.ca/en/recreation-and-parks/facilities/place-listing/nepean-sportsplex,https://reservation.frontdesksuite.ca/rcfs/nepeansportsplex/Home/Index?Culture=en&PageId=b0d362a1-ba36-42ae-b1e0-feefaf43fe4c,West - Nepean,Group Fitness,Adult,AM,FALSE
6,Saturday,09:00 - 10:00,Nepean Sportsplex,1701 Woodroffe Avenue,Indoor Cycling,Other,Indoors,Yes,https://ottawa.ca/en/recreation-and-parks/facilities/place-listing/nepean-sportsplex,https://reservation.frontdesksuite.ca/rcfs/nepeansportsplex/Home/Index?Culture=en&PageId=b0d362a1-ba36-42ae-b1e0-feefaf43fe4c,West - Nepean,Group Fitness,Adult,AM,FALSE
1,Monday,08:00 - 09:00,Nepean Sportsplex,1701 Woodroffe Avenue,Strength,Other,Indoors,Yes,https://ottawa.ca/en/recreation-and-parks/facilities/place-listing/nepean-sportsplex,https://reservation.frontdesksuite.ca/rcfs/nepeansportsplex/Home/Index?Culture=en&PageId=b0d362a1-ba36-42ae-b1e0-feefaf43fe4c,West - Nepean,Group Fitness,Adult,AM,FALSE
3,Wednesday,08:00 - 09:00,Nepean Sportsplex,1701 Woodroffe Avenue,Strength,Other,Indoors,Yes,https://ottawa.ca/en/recreation-and-parks/facilities/place-listing/nepean-sportsplex,https://reservation.frontdesksuite.ca/rcfs/nepeansportsplex/Home/Index?Culture=en&PageId=b0d362a1-ba36-42ae-b1e0-feefaf43fe4c,West - Nepean,Group Fitness,Adult,AM,FALSE
4,Thursday,09:00 - 10:00,Nepean Sportsplex,1701 Woodroffe Avenue,Strength,Other,Indoors,Yes,https://ottawa.ca/en/recreation-and-parks/facilities/place-listing/nepean-sportsplex,https://reservation.frontdesksuite.ca/rcfs/nepeansportsplex/Home/Index?Culture=en&PageId=b0d362a1-ba36-42ae-b1e0-feefaf43fe4c,West - Nepean,Group Fitness,Adult,AM,FALSE
5,Friday,08:00 - 09:00,Nepean Sportsplex,1701 Woodroffe Avenue,Strength,Other,Indoors,Yes,https://ottawa.ca/en/recreation-and-parks/facilities/place-listing/nepean-sportsplex,https://reservation.frontdesksuite.ca/rcfs/nepeansportsplex/Home/Index?Culture=en&PageId=b0d362a1-ba36-42ae-b1e0-feefaf43fe4c,West - Nepean,Group Fitness,Adult,AM,FALSE
6,Saturday,08:00 - 09:00,Nepean Sportsplex,1701 Woodroffe Avenue,Strength and core,Other,Indoors,Yes,https://ottawa.ca/en/recreation-and-parks/facilities/place-listing/nepean-sportsplex,https://reservation.frontdesksuite.ca/rcfs/nepeansportsplex/Home/Index?Culture=en&PageId=b0d362a1-ba36-42ae-b1e0-feefaf43fe4c,West - Nepean,Group Fitness,Adult,AM,FALSE
1,Monday,17:00 - 18:00,Nepean Sportsplex,1701 Woodroffe Avenue,TMC,Other,Indoors,Yes,https://ottawa.ca/en/recreation-and-parks/facilities/place-listing/nepean-sportsplex,https://reservation.frontdesksuite.ca/rcfs/nepeansportsplex/Home/Index?Culture=en&PageId=b0d362a1-ba36-42ae-b1e0-feefaf43fe4c,West - Nepean,Group Fitness,Adult,Evening,FALSE
3,Wednesday,17:00 - 18:00,Nepean Sportsplex,1701 Woodroffe Avenue,TMC,Other,Indoors,Yes,https://ottawa.ca/en/recreation-and-parks/facilities/place-listing/nepean-sportsplex,https://reservation.frontdesksuite.ca/rcfs/nepeansportsplex/Home/Index?Culture=en&PageId=b0d362a1-ba36-42ae-b1e0-feefaf43fe4c,West - Nepean,Group Fitness,Adult,Evening,FALSE
2,Tuesday,12:00 - 13:00,Nepean Sportsplex,1701 Woodroffe Avenue,TMC - older adult,Other,Indoors,Yes,https://ottawa.ca/en/recreation-and-parks/facilities/place-listing/nepean-sportsplex,https://reservation.frontdesksuite.ca/rcfs/nepeansportsplex/Home/Index?Culture=en&PageId=b0d362a1-ba36-42ae-b1e0-feefaf43fe4c,West - Nepean,Group Fitness,50+,PM,FALSE
1,Monday,10:00 - 11:00,Nepean Sportsplex,1701 Woodroffe Avenue,Yoga,Other,Indoors,Yes,https://ottawa.ca/en/recreation-and-parks/facilities/place-listing/nepean-sportsplex,https://reservation.frontdesksuite.ca/rcfs/nepeansportsplex/Home/Index?Culture=en&PageId=b0d362a1-ba36-42ae-b1e0-feefaf43fe4c,West - Nepean,Group Fitness,Adult,AM,FALSE
1,Monday,12:00 - 13:00,Nepean Sportsplex,1701 Woodroffe Avenue,Yoga,Other,Indoors,Yes,https://ottawa.ca/en/recreation-and-parks/facilities/place-listing/nepean-sportsplex,https://reservation.frontdesksuite.ca/rcfs/nepeansportsplex/Home/Index?Culture=en&PageId=b0d362a1-ba36-42ae-b1e0-feefaf43fe4c,West - Nepean,Group Fitness,Adult,PM,FALSE
2,Tuesday,19:00 - 20:00,Nepean Sportsplex,1701 Woodroffe Avenue,Yoga,Other,Indoors,Yes,https://ottawa.ca/en/recreation-and-parks/facilities/place-listing/nepean-sportsplex,https://reservation.frontdesksuite.ca/rcfs/nepeansportsplex/Home/Index?Culture=en&PageId=b0d362a1-ba36-42ae-b1e0-feefaf43fe4c,West - Nepean,Group Fitness,Adult,Evening,FALSE
4,Thursday,12:00 - 13:00,Nepean Sportsplex,1701 Woodroffe Avenue,Yoga,Other,Indoors,Yes,https://ottawa.ca/en/recreation-and-parks/facilities/place-listing/nepean-sportsplex,https://reservation.frontdesksuite.ca/rcfs/nepeansportsplex/Home/Index?Culture=en&PageId=b0d362a1-ba36-42ae-b1e0-feefaf43fe4c,West - Nepean,Group Fitness,Adult,PM,FALSE
5,Friday,09:00 - 10:00,Nepean Sportsplex,1701 Woodroffe Avenue,Yoga,Other,Indoors,Yes,https://ottawa.ca/en/recreation-and-parks/facilities/place-listing/nepean-sportsplex,https://reservation.frontdesksuite.ca/rcfs/nepeansportsplex/Home/Index?Culture=en&PageId=b0d362a1-ba36-42ae-b1e0-feefaf43fe4c,West - Nepean,Group Fitness,Adult,AM,FALSE
7,Sunday,09:00 - 10:00,Nepean Sportsplex,1701 Woodroffe Avenue,Yoga,Other,Indoors,Yes,https://ottawa.ca/en/recreation-and-parks/facilities/place-listing/nepean-sportsplex,https://reservation.frontdesksuite.ca/rcfs/nepeansportsplex/Home/Index?Culture=en&PageId=b0d362a1-ba36-42ae-b1e0-feefaf43fe4c,West - Nepean,Group Fitness,Adult,AM,FALSE
7,Sunday,10:00 - 11:00,Nepean Sportsplex,1701 Woodroffe Avenue,Yoga,Other,Indoors,Yes,https://ottawa.ca/en/recreation-and-parks/facilities/place-listing/nepean-sportsplex,https://reservation.frontdesksuite.ca/rcfs/nepeansportsplex/Home/Index?Culture=en&PageId=b0d362a1-ba36-42ae-b1e0-feefaf43fe4c,West - Nepean,Group Fitness,Adult,AM,FALSE
2,Tuesday,10:00 - 11:00,Nepean Sportsplex,1701 Woodroffe Avenue,Yoga - older adult,Other,Indoors,Yes,https://ottawa.ca/en/recreation-and-parks/facilities/place-listing/nepean-sportsplex,https://reservation.frontdesksuite.ca/rcfs/nepeansportsplex/Home/Index?Culture=en&PageId=b0d362a1-ba36-42ae-b1e0-feefaf43fe4c,West - Nepean,Group Fitness,50+,AM,FALSE
2,Tuesday,10:00 - 11:00,Nepean Sportsplex,1701 Woodroffe Avenue,Zumba®,Other,Indoors,Yes,https://ottawa.ca/en/recreation-and-parks/facilities/place-listing/nepean-sportsplex,https://reservation.frontdesksuite.ca/rcfs/nepeansportsplex/Home/Index?Culture=en&PageId=b0d362a1-ba36-42ae-b1e0-feefaf43fe4c,West - Nepean,Group Fitness,Adult,AM,FALSE
3,Wednesday,12:15 - 13:15,Nepean Sportsplex,1701 Woodroffe Avenue,Zumba®,Other,Indoors,Yes,https://ottawa.ca/en/recreation-and-parks/facilities/place-listing/nepean-sportsplex,https://reservation.frontdesksuite.ca/rcfs/nepeansportsplex/Home/Index?Culture=en&PageId=b0d362a1-ba36-42ae-b1e0-feefaf43fe4c,West - Nepean,Group Fitness,Adult,PM,FALSE
5,Friday,12:00 - 13:00,Nepean Sportsplex,1701 Woodroffe Avenue,Zumba®,Other,Indoors,Yes,https://ottawa.ca/en/recreation-and-parks/facilities/place-listing/nepean-sportsplex,https://reservation.frontdesksuite.ca/rcfs/nepeansportsplex/Home/Index?Culture=en&PageId=b0d362a1-ba36-42ae-b1e0-feefaf43fe4c,West - Nepean,Group Fitness,Adult,PM,FALSE
7,Sunday,11:00 - 12:00,Nepean Sportsplex,1701 Woodroffe Avenue,Zumba®,Other,Indoors,Yes,https://ottawa.ca/en/recreation-and-parks/facilities/place-listing/nepean-sportsplex,https://reservation.frontdesksuite.ca/rcfs/nepeansportsplex/Home/Index?Culture=en&PageId=b0d362a1-ba36-42ae-b1e0-feefaf43fe4c,West - Nepean,Group Fitness,Adult,AM,FALSE
1,Monday,18:00 - 19:00,Nepean Sportsplex,1701 Woodroffe Avenue,Zumba® Toning,Other,Indoors,Yes,https://ottawa.ca/en/recreation-and-parks/facilities/place-listing/nepean-sportsplex,https://reservation.frontdesksuite.ca/rcfs/nepeansportsplex/Home/Index?Culture=en&PageId=b0d362a1-ba36-42ae-b1e0-feefaf43fe4c,West - Nepean,Group Fitness,Adult,Evening,FALSE
4,Thursday,10:00 - 11:00,Nepean Sportsplex,1701 Woodroffe Avenue,Zumba® Toning,Other,Indoors,Yes,https://ottawa.ca/en/recreation-and-parks/facilities/place-listing/nepean-sportsplex,https://reservation.frontdesksuite.ca/rcfs/nepeansportsplex/Home/Index?Culture=en&PageId=b0d362a1-ba36-42ae-b1e0-feefaf43fe4c,West - Nepean,Group Fitness,Adult,AM,FALSE
2,Tuesday,15:30 - 16:30,Nepean Sportsplex,1701 Woodroffe Avenue,Basketball,Other,Indoors,Yes,https://ottawa.ca/en/recreation-and-parks/facilities/place-listing/nepean-sportsplex,https://reservation.frontdesksuite.ca/rcfs/nepeansportsplex/Home/Index?Culture=en&PageId=b0d362a1-ba36-42ae-b1e0-feefaf43fe4c,West - Nepean,Gym Sport,Adult,PM,FALSE
3,Wednesday,07:00 - 08:00,Nepean Sportsplex,1701 Woodroffe Avenue,Basketball,Other,Indoors,Yes,https://ottawa.ca/en/recreation-and-parks/facilities/place-listing/nepean-sportsplex,https://reservation.frontdesksuite.ca/rcfs/nepeansportsplex/Home/Index?Culture=en&PageId=b0d362a1-ba36-42ae-b1e0-feefaf43fe4c,West - Nepean,Gym Sport,Adult,AM,FALSE
3,Wednesday,15:30 - 16:30,Nepean Sportsplex,1701 Woodroffe Avenue,Basketball,Other,Indoors,Yes,https://ottawa.ca/en/recreation-and-parks/facilities/place-listing/nepean-sportsplex,https://reservation.frontdesksuite.ca/rcfs/nepeansportsplex/Home/Index?Culture=en&PageId=b0d362a1-ba36-42ae-b1e0-feefaf43fe4c,West - Nepean,Gym Sport,Adult,PM,FALSE
4,Thursday,15:30 - 16:30,Nepean Sportsplex,1701 Woodroffe Avenue,Basketball,Other,Indoors,Yes,https://ottawa.ca/en/recreation-and-parks/facilities/place-listing/nepean-sportsplex,https://reservation.frontdesksuite.ca/rcfs/nepeansportsplex/Home/Index?Culture=en&PageId=b0d362a1-ba36-42ae-b1e0-feefaf43fe4c,West - Nepean,Gym Sport,Adult,PM,FALSE
5,Friday,07:00 - 08:00,Nepean Sportsplex,1701 Woodroffe Avenue,Basketball,Other,Indoors,Yes,https://ottawa.ca/en/recreation-and-parks/facilities/place-listing/nepean-sportsplex,https://reservation.frontdesksuite.ca/rcfs/nepeansportsplex/Home/Index?Culture=en&PageId=b0d362a1-ba36-42ae-b1e0-feefaf43fe4c,West - Nepean,Gym Sport,Adult,AM,FALSE
2,Tuesday,11:30 - 12:30,Nepean Sportsplex,1701 Woodroffe Avenue,Badminton,Other,Indoors,Yes,https://ottawa.ca/en/recreation-and-parks/facilities/place-listing/nepean-sportsplex,https://reservation.frontdesksuite.ca/rcfs/nepeansportsplex/Home/Index?Culture=en&PageId=b0d362a1-ba36-42ae-b1e0-feefaf43fe4c,West - Nepean,Racquet Sport,Adult,"AM, PM",FALSE
2,Tuesday,12:30 - 13:30,Nepean Sportsplex,1701 Woodroffe Avenue,Badminton,Other,Indoors,Yes,https://ottawa.ca/en/recreation-and-parks/facilities/place-listing/nepean-sportsplex,https://reservation.frontdesksuite.ca/rcfs/nepeansportsplex/Home/Index?Culture=en&PageId=b0d362a1-ba36-42ae-b1e0-feefaf43fe4c,West - Nepean,Racquet Sport,Adult,PM,FALSE
2,Tuesday,13:30 - 14:30,Nepean Sportsplex,1701 Woodroffe Avenue,Badminton,Other,Indoors,Yes,https://ottawa.ca/en/recreation-and-parks/facilities/place-listing/nepean-sportsplex,https://reservation.frontdesksuite.ca/rcfs/nepeansportsplex/Home/Index?Culture=en&PageId=b0d362a1-ba36-42ae-b1e0-feefaf43fe4c,West - Nepean,Racquet Sport,Adult,PM,FALSE
4,Thursday,11:30 - 12:30,Nepean Sportsplex,1701 Woodroffe Avenue,Badminton,Other,Indoors,Yes,https://ottawa.ca/en/recreation-and-parks/facilities/place-listing/nepean-sportsplex,https://reservation.frontdesksuite.ca/rcfs/nepeansportsplex/Home/Index?Culture=en&PageId=b0d362a1-ba36-42ae-b1e0-feefaf43fe4c,West - Nepean,Racquet Sport,Adult,"AM, PM",FALSE
4,Thursday,12:30 - 13:30,Nepean Sportsplex,1701 Woodroffe Avenue,Badminton,Other,Indoors,Yes,https://ottawa.ca/en/recreation-and-parks/facilities/place-listing/nepean-sportsplex,https://reservation.frontdesksuite.ca/rcfs/nepeansportsplex/Home/Index?Culture=en&PageId=b0d362a1-ba36-42ae-b1e0-feefaf43fe4c,West - Nepean,Racquet Sport,Adult,PM,FALSE
4,Thursday,13:30 - 14:30,Nepean Sportsplex,1701 Woodroffe Avenue,Badminton,Other,Indoors,Yes,https://ottawa.ca/en/recreation-and-parks/facilities/place-listing/nepean-sportsplex,https://reservation.frontdesksuite.ca/rcfs/nepeansportsplex/Home/Index?Culture=en&PageId=b0d362a1-ba36-42ae-b1e0-feefaf43fe4c,West - Nepean,Racquet Sport,Adult,PM,FALSE
5,Friday,18:00 - 19:00,Nepean Sportsplex,1701 Woodroffe Avenue,Badminton,Other,Indoors,Yes,https://ottawa.ca/en/recreation-and-parks/facilities/place-listing/nepean-sportsplex,https://reservation.frontdesksuite.ca/rcfs/nepeansportsplex/Home/Index?Culture=en&PageId=b0d362a1-ba36-42ae-b1e0-feefaf43fe4c,West - Nepean,Racquet Sport,Adult,Evening,FALSE
5,Friday,19:00 - 20:00,Nepean Sportsplex,1701 Woodroffe Avenue,Badminton,Other,Indoors,Yes,https://ottawa.ca/en/recreation-and-parks/facilities/place-listing/nepean-sportsplex,https://reservation.frontdesksuite.ca/rcfs/nepeansportsplex/Home/Index?Culture=en&PageId=b0d362a1-ba36-42ae-b1e0-feefaf43fe4c,West - Nepean,Racquet Sport,Adult,Evening,FALSE
5,Friday,20:00 - 21:00,Nepean Sportsplex,1701 Woodroffe Avenue,Badminton,Other,Indoors,Yes,https://ottawa.ca/en/recreation-and-parks/facilities/place-listing/nepean-sportsplex,https://reservation.frontdesksuite.ca/rcfs/nepeansportsplex/Home/Index?Culture=en&PageId=b0d362a1-ba36-42ae-b1e0-feefaf43fe4c,West - Nepean,Racquet Sport,Adult,Evening,FALSE
5,Friday,21:00 - 22:00,Nepean Sportsplex,1701 Woodroffe Avenue,Badminton,Other,Indoors,Yes,https://ottawa.ca/en/recreation-and-parks/facilities/place-listing/nepean-sportsplex,https://reservation.frontdesksuite.ca/rcfs/nepeansportsplex/Home/Index?Culture=en&PageId=b0d362a1-ba36-42ae-b1e0-feefaf43fe4c,West - Nepean,Racquet Sport,Adult,Evening,FALSE
6,Saturday,18:30 - 19:30,Nepean Sportsplex,1701 Woodroffe Avenue,Badminton,Other,Indoors,Yes,https://ottawa.ca/en/recreation-and-parks/facilities/place-listing/nepean-sportsplex,https://reservation.frontdesksuite.ca/rcfs/nepeansportsplex/Home/Index?Culture=en&PageId=b0d362a1-ba36-42ae-b1e0-feefaf43fe4c,West - Nepean,Racquet Sport,Adult,Evening,FALSE
6,Saturday,19:30 - 20:30,Nepean Sportsplex,1701 Woodroffe Avenue,Badminton,Other,Indoors,Yes,https://ottawa.ca/en/recreation-and-parks/facilities/place-listing/nepean-sportsplex,https://reservation.frontdesksuite.ca/rcfs/nepeansportsplex/Home/Index?Culture=en&PageId=b0d362a1-ba36-42ae-b1e0-feefaf43fe4c,West - Nepean,Racquet Sport,Adult,Evening,FALSE
6,Saturday,20:30 - 21:30,Nepean Sportsplex,1701 Woodroffe Avenue,Badminton,Other,Indoors,Yes,https://ottawa.ca/en/recreation-and-parks/facilities/place-listing/nepean-sportsplex,https://reservation.frontdesksuite.ca/rcfs/nepeansportsplex/Home/Index?Culture=en&PageId=b0d362a1-ba36-42ae-b1e0-feefaf43fe4c,West - Nepean,Racquet Sport,Adult,Evening,FALSE
7,Sunday,08:00 - 09:00,Nepean Sportsplex,1701 Woodroffe Avenue,Badminton,Other,Indoors,Yes,https://ottawa.ca/en/recreation-and-parks/facilities/place-listing/nepean-sportsplex,https://reservation.frontdesksuite.ca/rcfs/nepeansportsplex/Home/Index?Culture=en&PageId=b0d362a1-ba36-42ae-b1e0-feefaf43fe4c,West - Nepean,Racquet Sport,Adult,AM,FALSE
7,Sunday,09:00 - 10:00,Nepean Sportsplex,1701 Woodroffe Avenue,Badminton,Other,Indoors,Yes,https://ottawa.ca/en/recreation-and-parks/facilities/place-listing/nepean-sportsplex,https://reservation.frontdesksuite.ca/rcfs/nepeansportsplex/Home/Index?Culture=en&PageId=b0d362a1-ba36-42ae-b1e0-feefaf43fe4c,West - Nepean,Racquet Sport,Adult,AM,FALSE
7,Sunday,10:00 - 11:00,Nepean Sportsplex,1701 Woodroffe Avenue,Badminton,Other,Indoors,Yes,https://ottawa.ca/en/recreation-and-parks/facilities/place-listing/nepean-sportsplex,https://reservation.frontdesksuite.ca/rcfs/nepeansportsplex/Home/Index?Culture=en&PageId=b0d362a1-ba36-42ae-b1e0-feefaf43fe4c,West - Nepean,Racquet Sport,Adult,AM,FALSE
1,Monday,10:30 - 11:30,Nepean Sportsplex,1701 Woodroffe Avenue,Pickleball,Other,Indoors,Yes,https://ottawa.ca/en/recreation-and-parks/facilities/place-listing/nepean-sportsplex,https://reservation.frontdesksuite.ca/rcfs/nepeansportsplex/Home/Index?Culture=en&PageId=b0d362a1-ba36-42ae-b1e0-feefaf43fe4c,West - Nepean,Racquet Sport,Adult,AM,FALSE
1,Monday,11:30 - 12:30,Nepean Sportsplex,1701 Woodroffe Avenue,Pickleball,Other,Indoors,Yes,https://ottawa.ca/en/recreation-and-parks/facilities/place-listing/nepean-sportsplex,https://reservation.frontdesksuite.ca/rcfs/nepeansportsplex/Home/Index?Culture=en&PageId=b0d362a1-ba36-42ae-b1e0-feefaf43fe4c,West - Nepean,Racquet Sport,Adult,"AM, PM",FALSE
1,Monday,12:30 - 13:30,Nepean Sportsplex,1701 Woodroffe Avenue,Pickleball,Other,Indoors,Yes,https://ottawa.ca/en/recreation-and-parks/facilities/place-listing/nepean-sportsplex,https://reservation.frontdesksuite.ca/rcfs/nepeansportsplex/Home/Index?Culture=en&PageId=b0d362a1-ba36-42ae-b1e0-feefaf43fe4c,West - Nepean,Racquet Sport,Adult,PM,FALSE
1,Monday,13:30 - 14:30,Nepean Sportsplex,1701 Woodroffe Avenue,Pickleball,Other,Indoors,Yes,https://ottawa.ca/en/recreation-and-parks/facilities/place-listing/nepean-sportsplex,https://reservation.frontdesksuite.ca/rcfs/nepeansportsplex/Home/Index?Culture=en&PageId=b0d362a1-ba36-42ae-b1e0-feefaf43fe4c,West - Nepean,Racquet Sport,Adult,PM,FALSE
1,Monday,14:30 - 15:30,Nepean Sportsplex,1701 Woodroffe Avenue,Pickleball,Other,Indoors,Yes,https://ottawa.ca/en/recreation-and-parks/facilities/place-listing/nepean-sportsplex,https://reservation.frontdesksuite.ca/rcfs/nepeansportsplex/Home/Index?Culture=en&PageId=b0d362a1-ba36-42ae-b1e0-feefaf43fe4c,West - Nepean,Racquet Sport,Adult,PM,FALSE
1,Monday,15:30 - 16:30,Nepean Sportsplex,1701 Woodroffe Avenue,Pickleball,Other,Indoors,Yes,https://ottawa.ca/en/recreation-and-parks/facilities/place-listing/nepean-sportsplex,https://reservation.frontdesksuite.ca/rcfs/nepeansportsplex/Home/Index?Culture=en&PageId=b0d362a1-ba36-42ae-b1e0-feefaf43fe4c,West - Nepean,Racquet Sport,Adult,PM,FALSE
3,Wednesday,10:30 - 11:30,Nepean Sportsplex,1701 Woodroffe Avenue,Pickleball,Other,Indoors,Yes,https://ottawa.ca/en/recreation-and-parks/facilities/place-listing/nepean-sportsplex,https://reservation.frontdesksuite.ca/rcfs/nepeansportsplex/Home/Index?Culture=en&PageId=b0d362a1-ba36-42ae-b1e0-feefaf43fe4c,West - Nepean,Racquet Sport,Adult,AM,FALSE
3,Wednesday,11:30 - 12:30,Nepean Sportsplex,1701 Woodroffe Avenue,Pickleball,Other,Indoors,Yes,https://ottawa.ca/en/recreation-and-parks/facilities/place-listing/nepean-sportsplex,https://reservation.frontdesksuite.ca/rcfs/nepeansportsplex/Home/Index?Culture=en&PageId=b0d362a1-ba36-42ae-b1e0-feefaf43fe4c,West - Nepean,Racquet Sport,Adult,"AM, PM",FALSE
3,Wednesday,12:30 - 13:30,Nepean Sportsplex,1701 Woodroffe Avenue,Pickleball,Other,Indoors,Yes,https://ottawa.ca/en/recreation-and-parks/facilities/place-listing/nepean-sportsplex,https://reservation.frontdesksuite.ca/rcfs/nepeansportsplex/Home/Index?Culture=en&PageId=b0d362a1-ba36-42ae-b1e0-feefaf43fe4c,West - Nepean,Racquet Sport,Adult,PM,FALSE
3,Wednesday,13:30 - 14:30,Nepean Sportsplex,1701 Woodroffe Avenue,Pickleball,Other,Indoors,Yes,https://ottawa.ca/en/recreation-and-parks/facilities/place-listing/nepean-sportsplex,https://reservation.frontdesksuite.ca/rcfs/nepeansportsplex/Home/Index?Culture=en&PageId=b0d362a1-ba36-42ae-b1e0-feefaf43fe4c,West - Nepean,Racquet Sport,Adult,PM,FALSE
5,Friday,10:30 - 11:30,Nepean Sportsplex,1701 Woodroffe Avenue,Pickleball,Other,Indoors,Yes,https://ottawa.ca/en/recreation-and-parks/facilities/place-listing/nepean-sportsplex,https://reservation.frontdesksuite.ca/rcfs/nepeansportsplex/Home/Index?Culture=en&PageId=b0d362a1-ba36-42ae-b1e0-feefaf43fe4c,West - Nepean,Racquet Sport,Adult,AM,FALSE
5,Friday,11:30 - 12:30,Nepean Sportsplex,1701 Woodroffe Avenue,Pickleball,Other,Indoors,Yes,https://ottawa.ca/en/recreation-and-parks/facilities/place-listing/nepean-sportsplex,https://reservation.frontdesksuite.ca/rcfs/nepeansportsplex/Home/Index?Culture=en&PageId=b0d362a1-ba36-42ae-b1e0-feefaf43fe4c,West - Nepean,Racquet Sport,Adult,"AM, PM",FALSE
5,Friday,12:30 - 13:30,Nepean Sportsplex,1701 Woodroffe Avenue,Pickleball,Other,Indoors,Yes,https://ottawa.ca/en/recreation-and-parks/facilities/place-listing/nepean-sportsplex,https://reservation.frontdesksuite.ca/rcfs/nepeansportsplex/Home/Index?Culture=en&PageId=b0d362a1-ba36-42ae-b1e0-feefaf43fe4c,West - Nepean,Racquet Sport,Adult,PM,FALSE
5,Friday,13:30 - 14:30,Nepean Sportsplex,1701 Woodroffe Avenue,Pickleball,Other,Indoors,Yes,https://ottawa.ca/en/recreation-and-parks/facilities/place-listing/nepean-sportsplex,https://reservation.frontdesksuite.ca/rcfs/nepeansportsplex/Home/Index?Culture=en&PageId=b0d362a1-ba36-42ae-b1e0-feefaf43fe4c,West - Nepean,Racquet Sport,Adult,PM,FALSE
5,Friday,14:30 - 15:30,Nepean Sportsplex,1701 Woodroffe Avenue,Pickleball,Other,Indoors,Yes,https://ottawa.ca/en/recreation-and-parks/facilities/place-listing/nepean-sportsplex,https://reservation.frontdesksuite.ca/rcfs/nepeansportsplex/Home/Index?Culture=en&PageId=b0d362a1-ba36-42ae-b1e0-feefaf43fe4c,West - Nepean,Racquet Sport,Adult,PM,FALSE
5,Friday,15:30 - 16:30,Nepean Sportsplex,1701 Woodroffe Avenue,Pickleball,Other,Indoors,Yes,https://ottawa.ca/en/recreation-and-parks/facilities/place-listing/nepean-sportsplex,https://reservation.frontdesksuite.ca/rcfs/nepeansportsplex/Home/Index?Culture=en&PageId=b0d362a1-ba36-42ae-b1e0-feefaf43fe4c,West - Nepean,Racquet Sport,Adult,PM,FALSE
5,Friday,16:30 - 17:30,Nepean Sportsplex,1701 Woodroffe Avenue,Pickleball,Other,Indoors,Yes,https://ottawa.ca/en/recreation-and-parks/facilities/place-listing/nepean-sportsplex,https://reservation.frontdesksuite.ca/rcfs/nepeansportsplex/Home/Index?Culture=en&PageId=b0d362a1-ba36-42ae-b1e0-feefaf43fe4c,West - Nepean,Racquet Sport,Adult,"PM, Evening",FALSE
7,Sunday,11:30 - 12:30,Nepean Sportsplex,1701 Woodroffe Avenue,Table tennis,Other,Indoors,Yes,https://ottawa.ca/en/recreation-and-parks/facilities/place-listing/nepean-sportsplex,https://reservation.frontdesksuite.ca/rcfs/nepeansportsplex/Home/Index?Culture=en&PageId=b0d362a1-ba36-42ae-b1e0-feefaf43fe4c,West - Nepean,Racquet Sport,Adult,"AM, PM",FALSE
7,Sunday,12:30 - 13:30,Nepean Sportsplex,1701 Woodroffe Avenue,Table tennis,Other,Indoors,Yes,https://ottawa.ca/en/recreation-and-parks/facilities/place-listing/nepean-sportsplex,https://reservation.frontdesksuite.ca/rcfs/nepeansportsplex/Home/Index?Culture=en&PageId=b0d362a1-ba36-42ae-b1e0-feefaf43fe4c,West - Nepean,Racquet Sport,Adult,PM,FALSE
1,Monday,07:30 - 21:30,Nepean Sportsplex,1701 Woodroffe Avenue,"Squash - courts 1, 2, and 4",Other,Indoors,Yes,https://ottawa.ca/en/recreation-and-parks/facilities/place-listing/nepean-sportsplex,https://reservation.frontdesksuite.ca/rcfs/nepeansportsplex/Home/Index?Culture=en&PageId=b0d362a1-ba36-42ae-b1e0-feefaf43fe4c,West - Nepean,Racquet Sport,Adult,"AM, PM, Evening",FALSE
2,Tuesday,07:30 - 21:30,Nepean Sportsplex,1701 Woodroffe Avenue,"Squash - courts 1, 2, and 4",Other,Indoors,Yes,https://ottawa.ca/en/recreation-and-parks/facilities/place-listing/nepean-sportsplex,https://reservation.frontdesksuite.ca/rcfs/nepeansportsplex/Home/Index?Culture=en&PageId=b0d362a1-ba36-42ae-b1e0-feefaf43fe4c,West - Nepean,Racquet Sport,Adult,"AM, PM, Evening",FALSE
3,Wednesday,07:30 - 21:30,Nepean Sportsplex,1701 Woodroffe Avenue,"Squash - courts 1, 2, and 4",Other,Indoors,Yes,https://ottawa.ca/en/recreation-and-parks/facilities/place-listing/nepean-sportsplex,https://reservation.frontdesksuite.ca/rcfs/nepeansportsplex/Home/Index?Culture=en&PageId=b0d362a1-ba36-42ae-b1e0-feefaf43fe4c,West - Nepean,Racquet Sport,Adult,"AM, PM, Evening",FALSE
4,Thursday,07:30 - 21:30,Nepean Sportsplex,1701 Woodroffe Avenue,"Squash - courts 1, 2, and 4",Other,Indoors,Yes,https://ottawa.ca/en/recreation-and-parks/facilities/place-listing/nepean-sportsplex,https://reservation.frontdesksuite.ca/rcfs/nepeansportsplex/Home/Index?Culture=en&PageId=b0d362a1-ba36-42ae-b1e0-feefaf43fe4c,West - Nepean,Racquet Sport,Adult,"AM, PM, Evening",FALSE
5,Friday,07:30 - 21:30,Nepean Sportsplex,1701 Woodroffe Avenue,"Squash - courts 1, 2, and 4",Other,Indoors,Yes,https://ottawa.ca/en/recreation-and-parks/facilities/place-listing/nepean-sportsplex,https://reservation.frontdesksuite.ca/rcfs/nepeansportsplex/Home/Index?Culture=en&PageId=b0d362a1-ba36-42ae-b1e0-feefaf43fe4c,West - Nepean,Racquet Sport,Adult,"AM, PM, Evening",FALSE
6,Saturday,08:30 - 21:30,Nepean Sportsplex,1701 Woodroffe Avenue,"Squash - courts 1, 2, and 4",Other,Indoors,Yes,https://ottawa.ca/en/recreation-and-parks/facilities/place-listing/nepean-sportsplex,https://reservation.frontdesksuite.ca/rcfs/nepeansportsplex/Home/Index?Culture=en&PageId=b0d362a1-ba36-42ae-b1e0-feefaf43fe4c,West - Nepean,Racquet Sport,Adult,"AM, PM, Evening",FALSE
7,Sunday,08:30 - 21:30,Nepean Sportsplex,1701 Woodroffe Avenue,"Squash - courts 1, 2, and 4",Other,Indoors,Yes,https://ottawa.ca/en/recreation-and-parks/facilities/place-listing/nepean-sportsplex,https://reservation.frontdesksuite.ca/rcfs/nepeansportsplex/Home/Index?Culture=en&PageId=b0d362a1-ba36-42ae-b1e0-feefaf43fe4c,West - Nepean,Racquet Sport,Adult,"AM, PM, Evening",FALSE
1,Monday,07:30 - 21:30,Nepean Sportsplex,1701 Woodroffe Avenue,Squash court 3,Other,Indoors,Yes,https://ottawa.ca/en/recreation-and-parks/facilities/place-listing/nepean-sportsplex,https://reservation.frontdesksuite.ca/rcfs/nepeansportsplex/Home/Index?Culture=en&PageId=b0d362a1-ba36-42ae-b1e0-feefaf43fe4c,West - Nepean,Racquet Sport,Adult,"AM, PM, Evening",FALSE
2,Tuesday,07:30 - 21:30,Nepean Sportsplex,1701 Woodroffe Avenue,Squash court 3,Other,Indoors,Yes,https://ottawa.ca/en/recreation-and-parks/facilities/place-listing/nepean-sportsplex,https://reservation.frontdesksuite.ca/rcfs/nepeansportsplex/Home/Index?Culture=en&PageId=b0d362a1-ba36-42ae-b1e0-feefaf43fe4c,West - Nepean,Racquet Sport,Adult,"AM, PM, Evening",FALSE
3,Wednesday,07:30 - 21:30,Nepean Sportsplex,1701 Woodroffe Avenue,Squash court 3,Other,Indoors,Yes,https://ottawa.ca/en/recreation-and-parks/facilities/place-listing/nepean-sportsplex,https://reservation.frontdesksuite.ca/rcfs/nepeansportsplex/Home/Index?Culture=en&PageId=b0d362a1-ba36-42ae-b1e0-feefaf43fe4c,West - Nepean,Racquet Sport,Adult,"AM, PM, Evening",FALSE
4,Thursday,07:30 - 21:30,Nepean Sportsplex,1701 Woodroffe Avenue,Squash court 3,Other,Indoors,Yes,https://ottawa.ca/en/recreation-and-parks/facilities/place-listing/nepean-sportsplex,https://reservation.frontdesksuite.ca/rcfs/nepeansportsplex/Home/Index?Culture=en&PageId=b0d362a1-ba36-42ae-b1e0-feefaf43fe4c,West - Nepean,Racquet Sport,Adult,"AM, PM, Evening",FALSE
5,Friday,07:30 - 17:30,Nepean Sportsplex,1701 Woodroffe Avenue,Squash court 3,Other,Indoors,Yes,https://ottawa.ca/en/recreation-and-parks/facilities/place-listing/nepean-sportsplex,https://reservation.frontdesksuite.ca/rcfs/nepeansportsplex/Home/Index?Culture=en&PageId=b0d362a1-ba36-42ae-b1e0-feefaf43fe4c,West - Nepean,Racquet Sport,Adult,"AM, PM, Evening",FALSE
5,Friday,19:30 - 21:30,Nepean Sportsplex,1701 Woodroffe Avenue,Squash court 3,Other,Indoors,Yes,https://ottawa.ca/en/recreation-and-parks/facilities/place-listing/nepean-sportsplex,https://reservation.frontdesksuite.ca/rcfs/nepeansportsplex/Home/Index?Culture=en&PageId=b0d362a1-ba36-42ae-b1e0-feefaf43fe4c,West - Nepean,Racquet Sport,Adult,Evening,FALSE
6,Saturday,08:30 - 21:30,Nepean Sportsplex,1701 Woodroffe Avenue,Squash court 3,Other,Indoors,Yes,https://ottawa.ca/en/recreation-and-parks/facilities/place-listing/nepean-sportsplex,https://reservation.frontdesksuite.ca/rcfs/nepeansportsplex/Home/Index?Culture=en&PageId=b0d362a1-ba36-42ae-b1e0-feefaf43fe4c,West - Nepean,Racquet Sport,Adult,"AM, PM, Evening",FALSE
7,Sunday,08:30 - 21:30,Nepean Sportsplex,1701 Woodroffe Avenue,Squash court 3,Other,Indoors,Yes,https://ottawa.ca/en/recreation-and-parks/facilities/place-listing/nepean-sportsplex,https://reservation.frontdesksuite.ca/rcfs/nepeansportsplex/Home/Index?Culture=en&PageId=b0d362a1-ba36-42ae-b1e0-feefaf43fe4c,West - Nepean,Racquet Sport,Adult,"AM, PM, Evening",FALSE
2,Tuesday,12:00 - 13:00,Nepean Sportsplex,1701 Woodroffe Avenue,Pick up Hockey 18+,Other,Indoors,Yes,https://ottawa.ca/en/recreation-and-parks/facilities/place-listing/nepean-sportsplex,https://reservation.frontdesksuite.ca/rcfs/nepeansportsplex/Home/Index?Culture=en&PageId=b0d362a1-ba36-42ae-b1e0-feefaf43fe4c,West - Nepean,Skating,Adult,PM,FALSE
4,Thursday,07:00 - 08:00,Nepean Sportsplex,1701 Woodroffe Avenue,Pick up Hockey 18+,Other,Indoors,Yes,https://ottawa.ca/en/recreation-and-parks/facilities/place-listing/nepean-sportsplex,https://reservation.frontdesksuite.ca/rcfs/nepeansportsplex/Home/Index?Culture=en&PageId=b0d362a1-ba36-42ae-b1e0-feefaf43fe4c,West - Nepean,Skating,Adult,AM,FALSE
2,Tuesday,13:00 - 14:00,Nepean Sportsplex,1701 Woodroffe Avenue,Public Skating,Other,Indoors,Yes,https://ottawa.ca/en/recreation-and-parks/facilities/place-listing/nepean-sportsplex,https://reservation.frontdesksuite.ca/rcfs/nepeansportsplex/Home/Index?Culture=en&PageId=b0d362a1-ba36-42ae-b1e0-feefaf43fe4c,West - Nepean,Skating,"Preschool, Children, Youth, Adult",PM,FALSE
7,Sunday,14:00 - 14:50,Osgoode Community Centre and Stuart Holmes Arena,5660 Osgoode Main Street,Public skating,Other,Other,No,https://ottawa.ca/en/recreation-and-parks/facilities/place-listing/osgoode-community-centre-and-stuart-holmes-arena,#,South,Skating,"Preschool, Children, Youth, Adult",PM,TRUE
7,Sunday,13:00 - 13:50,Osgoode Community Centre and Stuart Holmes Arena,5660 Osgoode Main Street,Family skating,Other,Other,No,https://ottawa.ca/en/recreation-and-parks/facilities/place-listing/osgoode-community-centre-and-stuart-holmes-arena,#,South,Skating,"Preschool, Children, Youth, Adult",PM,TRUE
3,Wednesday,19:00 - 20:00,Overbrook Community Centre,33 Quill Street,Badminton,Other,Other,Yes,https://ottawa.ca/en/recreation-and-parks/facilities/place-listing/overbrook-community-centre,https://reservation.frontdesksuite.ca/rcfs/overbrookcc/Home/Index?Culture=en&PageId=0f02819c-b3c8-4073-83ed-6af0912fbcb2,East - Vanier,Racquet Sport,Adult,Evening,FALSE
3,Wednesday,20:00 - 21:00,Overbrook Community Centre,33 Quill Street,Badminton,Other,Other,Yes,https://ottawa.ca/en/recreation-and-parks/facilities/place-listing/overbrook-community-centre,https://reservation.frontdesksuite.ca/rcfs/overbrookcc/Home/Index?Culture=en&PageId=0f02819c-b3c8-4073-83ed-6af0912fbcb2,East - Vanier,Racquet Sport,Adult,Evening,FALSE
3,Wednesday,21:00 - 22:00,Overbrook Community Centre,33 Quill Street,Badminton,Other,Other,Yes,https://ottawa.ca/en/recreation-and-parks/facilities/place-listing/overbrook-community-centre,https://reservation.frontdesksuite.ca/rcfs/overbrookcc/Home/Index?Culture=en&PageId=0f02819c-b3c8-4073-83ed-6af0912fbcb2,East - Vanier,Racquet Sport,Adult,Evening,FALSE
6,Saturday,17:30 - 18:30,Overbrook Community Centre,33 Quill Street,Badminton - Family,Other,Other,Yes,https://ottawa.ca/en/recreation-and-parks/facilities/place-listing/overbrook-community-centre,https://reservation.frontdesksuite.ca/rcfs/overbrookcc/Home/Index?Culture=en&PageId=0f02819c-b3c8-4073-83ed-6af0912fbcb2,East - Vanier,Racquet Sport,"Preschool, Children, Youth, Adult",Evening,FALSE
6,Saturday,18:30 - 19:30,Overbrook Community Centre,33 Quill Street,Badminton - Family,Other,Other,Yes,https://ottawa.ca/en/recreation-and-parks/facilities/place-listing/overbrook-community-centre,https://reservation.frontdesksuite.ca/rcfs/overbrookcc/Home/Index?Culture=en&PageId=0f02819c-b3c8-4073-83ed-6af0912fbcb2,East - Vanier,Racquet Sport,"Preschool, Children, Youth, Adult",Evening,FALSE
1,Monday,09:00 - 10:00,Overbrook Community Centre,33 Quill Street,Pickleball,Other,Other,Yes,https://ottawa.ca/en/recreation-and-parks/facilities/place-listing/overbrook-community-centre,https://reservation.frontdesksuite.ca/rcfs/overbrookcc/Home/Index?Culture=en&PageId=0f02819c-b3c8-4073-83ed-6af0912fbcb2,East - Vanier,Racquet Sport,Adult,AM,FALSE
1,Monday,10:00 - 11:00,Overbrook Community Centre,33 Quill Street,Pickleball,Other,Other,Yes,https://ottawa.ca/en/recreation-and-parks/facilities/place-listing/overbrook-community-centre,https://reservation.frontdesksuite.ca/rcfs/overbrookcc/Home/Index?Culture=en&PageId=0f02819c-b3c8-4073-83ed-6af0912fbcb2,East - Vanier,Racquet Sport,Adult,AM,FALSE
1,Monday,11:00 - 12:00,Overbrook Community Centre,33 Quill Street,Pickleball,Other,Other,Yes,https://ottawa.ca/en/recreation-and-parks/facilities/place-listing/overbrook-community-centre,https://reservation.frontdesksuite.ca/rcfs/overbrookcc/Home/Index?Culture=en&PageId=0f02819c-b3c8-4073-83ed-6af0912fbcb2,East - Vanier,Racquet Sport,Adult,AM,FALSE
1,Monday,12:00 - 13:00,Overbrook Community Centre,33 Quill Street,Pickleball,Other,Other,Yes,https://ottawa.ca/en/recreation-and-parks/facilities/place-listing/overbrook-community-centre,https://reservation.frontdesksuite.ca/rcfs/overbrookcc/Home/Index?Culture=en&PageId=0f02819c-b3c8-4073-83ed-6af0912fbcb2,East - Vanier,Racquet Sport,Adult,PM,FALSE
1,Monday,13:00 - 14:00,Overbrook Community Centre,33 Quill Street,Pickleball,Other,Other,Yes,https://ottawa.ca/en/recreation-and-parks/facilities/place-listing/overbrook-community-centre,https://reservation.frontdesksuite.ca/rcfs/overbrookcc/Home/Index?Culture=en&PageId=0f02819c-b3c8-4073-83ed-6af0912fbcb2,East - Vanier,Racquet Sport,Adult,PM,FALSE
2,Tuesday,09:00 - 10:00,Overbrook Community Centre,33 Quill Street,Pickleball,Other,Other,Yes,https://ottawa.ca/en/recreation-and-parks/facilities/place-listing/overbrook-community-centre,https://reservation.frontdesksuite.ca/rcfs/overbrookcc/Home/Index?Culture=en&PageId=0f02819c-b3c8-4073-83ed-6af0912fbcb2,East - Vanier,Racquet Sport,Adult,AM,FALSE
2,Tuesday,10:00 - 11:00,Overbrook Community Centre,33 Quill Street,Pickleball,Other,Other,Yes,https://ottawa.ca/en/recreation-and-parks/facilities/place-listing/overbrook-community-centre,https://reservation.frontdesksuite.ca/rcfs/overbrookcc/Home/Index?Culture=en&PageId=0f02819c-b3c8-4073-83ed-6af0912fbcb2,East - Vanier,Racquet Sport,Adult,AM,FALSE
2,Tuesday,11:00 - 12:00,Overbrook Community Centre,33 Quill Street,Pickleball,Other,Other,Yes,https://ottawa.ca/en/recreation-and-parks/facilities/place-listing/overbrook-community-centre,https://reservation.frontdesksuite.ca/rcfs/overbrookcc/Home/Index?Culture=en&PageId=0f02819c-b3c8-4073-83ed-6af0912fbcb2,East - Vanier,Racquet Sport,Adult,AM,FALSE
2,Tuesday,12:00 - 13:00,Overbrook Community Centre,33 Quill Street,Pickleball,Other,Other,Yes,https://ottawa.ca/en/recreation-and-parks/facilities/place-listing/overbrook-community-centre,https://reservation.frontdesksuite.ca/rcfs/overbrookcc/Home/Index?Culture=en&PageId=0f02819c-b3c8-4073-83ed-6af0912fbcb2,East - Vanier,Racquet Sport,Adult,PM,FALSE
2,Tuesday,13:00 - 14:00,Overbrook Community Centre,33 Quill Street,Pickleball,Other,Other,Yes,https://ottawa.ca/en/recreation-and-parks/facilities/place-listing/overbrook-community-centre,https://reservation.frontdesksuite.ca/rcfs/overbrookcc/Home/Index?Culture=en&PageId=0f02819c-b3c8-4073-83ed-6af0912fbcb2,East - Vanier,Racquet Sport,Adult,PM,FALSE
3,Wednesday,09:00 - 10:00,Overbrook Community Centre,33 Quill Street,Pickleball,Other,Other,Yes,https://ottawa.ca/en/recreation-and-parks/facilities/place-listing/overbrook-community-centre,https://reservation.frontdesksuite.ca/rcfs/overbrookcc/Home/Index?Culture=en&PageId=0f02819c-b3c8-4073-83ed-6af0912fbcb2,East - Vanier,Racquet Sport,Adult,AM,FALSE
3,Wednesday,10:00 - 11:00,Overbrook Community Centre,33 Quill Street,Pickleball,Other,Other,Yes,https://ottawa.ca/en/recreation-and-parks/facilities/place-listing/overbrook-community-centre,https://reservation.frontdesksuite.ca/rcfs/overbrookcc/Home/Index?Culture=en&PageId=0f02819c-b3c8-4073-83ed-6af0912fbcb2,East - Vanier,Racquet Sport,Adult,AM,FALSE
3,Wednesday,11:00 - 12:00,Overbrook Community Centre,33 Quill Street,Pickleball,Other,Other,Yes,https://ottawa.ca/en/recreation-and-parks/facilities/place-listing/overbrook-community-centre,https://reservation.frontdesksuite.ca/rcfs/overbrookcc/Home/Index?Culture=en&PageId=0f02819c-b3c8-4073-83ed-6af0912fbcb2,East - Vanier,Racquet Sport,Adult,AM,FALSE
3,Wednesday,12:00 - 13:00,Overbrook Community Centre,33 Quill Street,Pickleball,Other,Other,Yes,https://ottawa.ca/en/recreation-and-parks/facilities/place-listing/overbrook-community-centre,https://reservation.frontdesksuite.ca/rcfs/overbrookcc/Home/Index?Culture=en&PageId=0f02819c-b3c8-4073-83ed-6af0912fbcb2,East - Vanier,Racquet Sport,Adult,PM,FALSE
3,Wednesday,13:00 - 14:00,Overbrook Community Centre,33 Quill Street,Pickleball,Other,Other,Yes,https://ottawa.ca/en/recreation-and-parks/facilities/place-listing/overbrook-community-centre,https://reservation.frontdesksuite.ca/rcfs/overbrookcc/Home/Index?Culture=en&PageId=0f02819c-b3c8-4073-83ed-6af0912fbcb2,East - Vanier,Racquet Sport,Adult,PM,FALSE
4,Thursday,09:00 - 10:00,Overbrook Community Centre,33 Quill Street,Pickleball,Other,Other,Yes,https://ottawa.ca/en/recreation-and-parks/facilities/place-listing/overbrook-community-centre,https://reservation.frontdesksuite.ca/rcfs/overbrookcc/Home/Index?Culture=en&PageId=0f02819c-b3c8-4073-83ed-6af0912fbcb2,East - Vanier,Racquet Sport,Adult,AM,FALSE
4,Thursday,10:00 - 11:00,Overbrook Community Centre,33 Quill Street,Pickleball,Other,Other,Yes,https://ottawa.ca/en/recreation-and-parks/facilities/place-listing/overbrook-community-centre,https://reservation.frontdesksuite.ca/rcfs/overbrookcc/Home/Index?Culture=en&PageId=0f02819c-b3c8-4073-83ed-6af0912fbcb2,East - Vanier,Racquet Sport,Adult,AM,FALSE
4,Thursday,11:00 - 12:00,Overbrook Community Centre,33 Quill Street,Pickleball,Other,Other,Yes,https://ottawa.ca/en/recreation-and-parks/facilities/place-listing/overbrook-community-centre,https://reservation.frontdesksuite.ca/rcfs/overbrookcc/Home/Index?Culture=en&PageId=0f02819c-b3c8-4073-83ed-6af0912fbcb2,East - Vanier,Racquet Sport,Adult,AM,FALSE
4,Thursday,12:00 - 13:00,Overbrook Community Centre,33 Quill Street,Pickleball,Other,Other,Yes,https://ottawa.ca/en/recreation-and-parks/facilities/place-listing/overbrook-community-centre,https://reservation.frontdesksuite.ca/rcfs/overbrookcc/Home/Index?Culture=en&PageId=0f02819c-b3c8-4073-83ed-6af0912fbcb2,East - Vanier,Racquet Sport,Adult,PM,FALSE
4,Thursday,13:00 - 14:00,Overbrook Community Centre,33 Quill Street,Pickleball,Other,Other,Yes,https://ottawa.ca/en/recreation-and-parks/facilities/place-listing/overbrook-community-centre,https://reservation.frontdesksuite.ca/rcfs/overbrookcc/Home/Index?Culture=en&PageId=0f02819c-b3c8-4073-83ed-6af0912fbcb2,East - Vanier,Racquet Sport,Adult,PM,FALSE
5,Friday,09:00 - 10:00,Overbrook Community Centre,33 Quill Street,Pickleball,Other,Other,Yes,https://ottawa.ca/en/recreation-and-parks/facilities/place-listing/overbrook-community-centre,https://reservation.frontdesksuite.ca/rcfs/overbrookcc/Home/Index?Culture=en&PageId=0f02819c-b3c8-4073-83ed-6af0912fbcb2,East - Vanier,Racquet Sport,Adult,AM,FALSE
5,Friday,10:00 - 11:00,Overbrook Community Centre,33 Quill Street,Pickleball,Other,Other,Yes,https://ottawa.ca/en/recreation-and-parks/facilities/place-listing/overbrook-community-centre,https://reservation.frontdesksuite.ca/rcfs/overbrookcc/Home/Index?Culture=en&PageId=0f02819c-b3c8-4073-83ed-6af0912fbcb2,East - Vanier,Racquet Sport,Adult,AM,FALSE
5,Friday,11:00 - 12:00,Overbrook Community Centre,33 Quill Street,Pickleball,Other,Other,Yes,https://ottawa.ca/en/recreation-and-parks/facilities/place-listing/overbrook-community-centre,https://reservation.frontdesksuite.ca/rcfs/overbrookcc/Home/Index?Culture=en&PageId=0f02819c-b3c8-4073-83ed-6af0912fbcb2,East - Vanier,Racquet Sport,Adult,AM,FALSE
5,Friday,12:00 - 13:00,Overbrook Community Centre,33 Quill Street,Pickleball,Other,Other,Yes,https://ottawa.ca/en/recreation-and-parks/facilities/place-listing/overbrook-community-centre,https://reservation.frontdesksuite.ca/rcfs/overbrookcc/Home/Index?Culture=en&PageId=0f02819c-b3c8-4073-83ed-6af0912fbcb2,East - Vanier,Racquet Sport,Adult,PM,FALSE
5,Friday,13:00 - 14:00,Overbrook Community Centre,33 Quill Street,Pickleball,Other,Other,Yes,https://ottawa.ca/en/recreation-and-parks/facilities/place-listing/overbrook-community-centre,https://reservation.frontdesksuite.ca/rcfs/overbrookcc/Home/Index?Culture=en&PageId=0f02819c-b3c8-4073-83ed-6af0912fbcb2,East - Vanier,Racquet Sport,Adult,PM,FALSE
2,Tuesday,11:30 - 12:45,Pinecrest Recreation Complex,2250 Torquay Avenue,Public Swim,Public Swim,Other,No,https://ottawa.ca/en/recreation-and-parks/facilities/place-listing/pinecrest-recreation-complex,#,West - Nepean,Swimming,"Preschool, Children, Youth, Adult","AM, PM",FALSE
4,Thursday,11:30 - 12:45,Pinecrest Recreation Complex,2250 Torquay Avenue,Public Swim,Public Swim,Other,No,https://ottawa.ca/en/recreation-and-parks/facilities/place-listing/pinecrest-recreation-complex,#,West - Nepean,Swimming,"Preschool, Children, Youth, Adult","AM, PM",FALSE
5,Friday,12:30 - 13:30,Pinecrest Recreation Complex,2250 Torquay Avenue,Public Swim,Public Swim,Other,No,https://ottawa.ca/en/recreation-and-parks/facilities/place-listing/pinecrest-recreation-complex,#,West - Nepean,Swimming,"Preschool, Children, Youth, Adult",PM,FALSE
6,Saturday,12:30 - 13:45,Pinecrest Recreation Complex,2250 Torquay Avenue,Public Swim,Public Swim,Other,No,https://ottawa.ca/en/recreation-and-parks/facilities/place-listing/pinecrest-recreation-complex,#,West - Nepean,Swimming,"Preschool, Children, Youth, Adult",PM,TRUE
7,Sunday,12:30 - 13:45,Pinecrest Recreation Complex,2250 Torquay Avenue,Public Swim,Public Swim,Other,No,https://ottawa.ca/en/recreation-and-parks/facilities/place-listing/pinecrest-recreation-complex,#,West - Nepean,Swimming,"Preschool, Children, Youth, Adult",PM,FALSE
1,Monday,07:30 - 08:30,Pinecrest Recreation Complex,2250 Torquay Avenue,Lane Swim,Lane Swim,Other,Yes,https://ottawa.ca/en/recreation-and-parks/facilities/place-listing/pinecrest-recreation-complex,https://reservation.frontdesksuite.ca/rcfs/pinecrest/Home/Index?Culture=en&PageId=d2e84295-c4e0-490a-861b-f99e10636ab2,West - Nepean,Swimming,Adult,AM,FALSE
1,Monday,10:30 - 11:30,Pinecrest Recreation Complex,2250 Torquay Avenue,Lane Swim,Lane Swim,Other,Yes,https://ottawa.ca/en/recreation-and-parks/facilities/place-listing/pinecrest-recreation-complex,https://reservation.frontdesksuite.ca/rcfs/pinecrest/Home/Index?Culture=en&PageId=d2e84295-c4e0-490a-861b-f99e10636ab2,West - Nepean,Swimming,Adult,AM,FALSE
1,Monday,11:30 - 12:30,Pinecrest Recreation Complex,2250 Torquay Avenue,Lane Swim,Lane Swim,Other,Yes,https://ottawa.ca/en/recreation-and-parks/facilities/place-listing/pinecrest-recreation-complex,https://reservation.frontdesksuite.ca/rcfs/pinecrest/Home/Index?Culture=en&PageId=d2e84295-c4e0-490a-861b-f99e10636ab2,West - Nepean,Swimming,Adult,"AM, PM",FALSE
1,Monday,16:00 - 17:00,Pinecrest Recreation Complex,2250 Torquay Avenue,Lane Swim,Lane Swim,Other,Yes,https://ottawa.ca/en/recreation-and-parks/facilities/place-listing/pinecrest-recreation-complex,https://reservation.frontdesksuite.ca/rcfs/pinecrest/Home/Index?Culture=en&PageId=d2e84295-c4e0-490a-861b-f99e10636ab2,West - Nepean,Swimming,Adult,PM,FALSE
1,Monday,20:00 - 21:00,Pinecrest Recreation Complex,2250 Torquay Avenue,Lane Swim,Lane Swim,Other,Yes,https://ottawa.ca/en/recreation-and-parks/facilities/place-listing/pinecrest-recreation-complex,https://reservation.frontdesksuite.ca/rcfs/pinecrest/Home/Index?Culture=en&PageId=d2e84295-c4e0-490a-861b-f99e10636ab2,West - Nepean,Swimming,Adult,Evening,FALSE
2,Tuesday,06:30 - 07:30,Pinecrest Recreation Complex,2250 Torquay Avenue,Lane Swim,Lane Swim,Other,Yes,https://ottawa.ca/en/recreation-and-parks/facilities/place-listing/pinecrest-recreation-complex,https://reservation.frontdesksuite.ca/rcfs/pinecrest/Home/Index?Culture=en&PageId=d2e84295-c4e0-490a-861b-f99e10636ab2,West - Nepean,Swimming,Adult,AM,FALSE
2,Tuesday,07:30 - 08:30,Pinecrest Recreation Complex,2250 Torquay Avenue,Lane Swim,Lane Swim,Other,Yes,https://ottawa.ca/en/recreation-and-parks/facilities/place-listing/pinecrest-recreation-complex,https://reservation.frontdesksuite.ca/rcfs/pinecrest/Home/Index?Culture=en&PageId=d2e84295-c4e0-490a-861b-f99e10636ab2,West - Nepean,Swimming,Adult,AM,FALSE
2,Tuesday,10:30 - 11:30,Pinecrest Recreation Complex,2250 Torquay Avenue,Lane Swim,Lane Swim,Other,Yes,https://ottawa.ca/en/recreation-and-parks/facilities/place-listing/pinecrest-recreation-complex,https://reservation.frontdesksuite.ca/rcfs/pinecrest/Home/Index?Culture=en&PageId=d2e84295-c4e0-490a-861b-f99e10636ab2,West - Nepean,Swimming,Adult,AM,FALSE
2,Tuesday,16:00 - 17:00,Pinecrest Recreation Complex,2250 Torquay Avenue,Lane Swim,Lane Swim,Other,Yes,https://ottawa.ca/en/recreation-and-parks/facilities/place-listing/pinecrest-recreation-complex,https://reservation.frontdesksuite.ca/rcfs/pinecrest/Home/Index?Culture=en&PageId=d2e84295-c4e0-490a-861b-f99e10636ab2,West - Nepean,Swimming,Adult,PM,FALSE
3,Wednesday,07:30 - 08:30,Pinecrest Recreation Complex,2250 Torquay Avenue,Lane Swim,Lane Swim,Other,Yes,https://ottawa.ca/en/recreation-and-parks/facilities/place-listing/pinecrest-recreation-complex,https://reservation.frontdesksuite.ca/rcfs/pinecrest/Home/Index?Culture=en&PageId=d2e84295-c4e0-490a-861b-f99e10636ab2,West - Nepean,Swimming,Adult,AM,FALSE
3,Wednesday,10:30 - 11:30,Pinecrest Recreation Complex,2250 Torquay Avenue,Lane Swim,Lane Swim,Other,Yes,https://ottawa.ca/en/recreation-and-parks/facilities/place-listing/pinecrest-recreation-complex,https://reservation.frontdesksuite.ca/rcfs/pinecrest/Home/Index?Culture=en&PageId=d2e84295-c4e0-490a-861b-f99e10636ab2,West - Nepean,Swimming,Adult,AM,FALSE
3,Wednesday,16:00 - 17:00,Pinecrest Recreation Complex,2250 Torquay Avenue,Lane Swim,Lane Swim,Other,Yes,https://ottawa.ca/en/recreation-and-parks/facilities/place-listing/pinecrest-recreation-complex,https://reservation.frontdesksuite.ca/rcfs/pinecrest/Home/Index?Culture=en&PageId=d2e84295-c4e0-490a-861b-f99e10636ab2,West - Nepean,Swimming,Adult,PM,FALSE
3,Wednesday,20:00 - 21:00,Pinecrest Recreation Complex,2250 Torquay Avenue,Lane Swim,Lane Swim,Other,Yes,https://ottawa.ca/en/recreation-and-parks/facilities/place-listing/pinecrest-recreation-complex,https://reservation.frontdesksuite.ca/rcfs/pinecrest/Home/Index?Culture=en&PageId=d2e84295-c4e0-490a-861b-f99e10636ab2,West - Nepean,Swimming,Adult,Evening,FALSE
4,Thursday,06:30 - 07:30,Pinecrest Recreation Complex,2250 Torquay Avenue,Lane Swim,Lane Swim,Other,Yes,https://ottawa.ca/en/recreation-and-parks/facilities/place-listing/pinecrest-recreation-complex,https://reservation.frontdesksuite.ca/rcfs/pinecrest/Home/Index?Culture=en&PageId=d2e84295-c4e0-490a-861b-f99e10636ab2,West - Nepean,Swimming,Adult,AM,FALSE
4,Thursday,07:30 - 08:30,Pinecrest Recreation Complex,2250 Torquay Avenue,Lane Swim,Lane Swim,Other,Yes,https://ottawa.ca/en/recreation-and-parks/facilities/place-listing/pinecrest-recreation-complex,https://reservation.frontdesksuite.ca/rcfs/pinecrest/Home/Index?Culture=en&PageId=d2e84295-c4e0-490a-861b-f99e10636ab2,West - Nepean,Swimming,Adult,AM,FALSE
4,Thursday,10:30 - 11:30,Pinecrest Recreation Complex,2250 Torquay Avenue,Lane Swim,Lane Swim,Other,Yes,https://ottawa.ca/en/recreation-and-parks/facilities/place-listing/pinecrest-recreation-complex,https://reservation.frontdesksuite.ca/rcfs/pinecrest/Home/Index?Culture=en&PageId=d2e84295-c4e0-490a-861b-f99e10636ab2,West - Nepean,Swimming,Adult,AM,FALSE
4,Thursday,16:00 - 17:00,Pinecrest Recreation Complex,2250 Torquay Avenue,Lane Swim,Lane Swim,Other,Yes,https://ottawa.ca/en/recreation-and-parks/facilities/place-listing/pinecrest-recreation-complex,https://reservation.frontdesksuite.ca/rcfs/pinecrest/Home/Index?Culture=en&PageId=d2e84295-c4e0-490a-861b-f99e10636ab2,West - Nepean,Swimming,Adult,PM,FALSE
5,Friday,07:30 - 08:30,Pinecrest Recreation Complex,2250 Torquay Avenue,Lane Swim,Lane Swim,Other,Yes,https://ottawa.ca/en/recreation-and-parks/facilities/place-listing/pinecrest-recreation-complex,https://reservation.frontdesksuite.ca/rcfs/pinecrest/Home/Index?Culture=en&PageId=d2e84295-c4e0-490a-861b-f99e10636ab2,West - Nepean,Swimming,Adult,AM,FALSE
5,Friday,10:30 - 11:30,Pinecrest Recreation Complex,2250 Torquay Avenue,Lane Swim,Lane Swim,Other,Yes,https://ottawa.ca/en/recreation-and-parks/facilities/place-listing/pinecrest-recreation-complex,https://reservation.frontdesksuite.ca/rcfs/pinecrest/Home/Index?Culture=en&PageId=d2e84295-c4e0-490a-861b-f99e10636ab2,West - Nepean,Swimming,Adult,AM,FALSE
5,Friday,11:30 - 12:30,Pinecrest Recreation Complex,2250 Torquay Avenue,Lane Swim,Lane Swim,Other,Yes,https://ottawa.ca/en/recreation-and-parks/facilities/place-listing/pinecrest-recreation-complex,https://reservation.frontdesksuite.ca/rcfs/pinecrest/Home/Index?Culture=en&PageId=d2e84295-c4e0-490a-861b-f99e10636ab2,West - Nepean,Swimming,Adult,"AM, PM",FALSE
5,Friday,16:00 - 17:00,Pinecrest Recreation Complex,2250 Torquay Avenue,Lane Swim,Lane Swim,Other,Yes,https://ottawa.ca/en/recreation-and-parks/facilities/place-listing/pinecrest-recreation-complex,https://reservation.frontdesksuite.ca/rcfs/pinecrest/Home/Index?Culture=en&PageId=d2e84295-c4e0-490a-861b-f99e10636ab2,West - Nepean,Swimming,Adult,PM,FALSE
5,Friday,20:00 - 21:00,Pinecrest Recreation Complex,2250 Torquay Avenue,Lane Swim,Lane Swim,Other,Yes,https://ottawa.ca/en/recreation-and-parks/facilities/place-listing/pinecrest-recreation-complex,https://reservation.frontdesksuite.ca/rcfs/pinecrest/Home/Index?Culture=en&PageId=d2e84295-c4e0-490a-861b-f99e10636ab2,West - Nepean,Swimming,Adult,Evening,FALSE
6,Saturday,11:30 - 12:30,Pinecrest Recreation Complex,2250 Torquay Avenue,Lane Swim,Lane Swim,Other,Yes,https://ottawa.ca/en/recreation-and-parks/facilities/place-listing/pinecrest-recreation-complex,https://reservation.frontdesksuite.ca/rcfs/pinecrest/Home/Index?Culture=en&PageId=d2e84295-c4e0-490a-861b-f99e10636ab2,West - Nepean,Swimming,Adult,"AM, PM",TRUE
7,Sunday,11:30 - 12:30,Pinecrest Recreation Complex,2250 Torquay Avenue,Lane Swim,Lane Swim,Other,Yes,https://ottawa.ca/en/recreation-and-parks/facilities/place-listing/pinecrest-recreation-complex,https://reservation.frontdesksuite.ca/rcfs/pinecrest/Home/Index?Culture=en&PageId=d2e84295-c4e0-490a-861b-f99e10636ab2,West - Nepean,Swimming,Adult,"AM, PM",FALSE
2,Tuesday,08:30 - 09:30,Pinecrest Recreation Complex,2250 Torquay Avenue,Aqua General - Shallow/deep combo,Aquafit,Other,Yes,https://ottawa.ca/en/recreation-and-parks/facilities/place-listing/pinecrest-recreation-complex,https://reservation.frontdesksuite.ca/rcfs/pinecrest/Home/Index?Culture=en&PageId=d2e84295-c4e0-490a-861b-f99e10636ab2,West - Nepean,Swimming,Adult,AM,FALSE
2,Tuesday,09:30 - 10:30,Pinecrest Recreation Complex,2250 Torquay Avenue,Aqua General - Shallow/deep combo,Aquafit,Other,Yes,https://ottawa.ca/en/recreation-and-parks/facilities/place-listing/pinecrest-recreation-complex,https://reservation.frontdesksuite.ca/rcfs/pinecrest/Home/Index?Culture=en&PageId=d2e84295-c4e0-490a-861b-f99e10636ab2,West - Nepean,Swimming,Adult,AM,FALSE
2,Tuesday,12:45 - 13:45,Pinecrest Recreation Complex,2250 Torquay Avenue,Aqua General - Shallow/deep combo,Aquafit,Other,Yes,https://ottawa.ca/en/recreation-and-parks/facilities/place-listing/pinecrest-recreation-complex,https://reservation.frontdesksuite.ca/rcfs/pinecrest/Home/Index?Culture=en&PageId=d2e84295-c4e0-490a-861b-f99e10636ab2,West - Nepean,Swimming,Adult,PM,FALSE
2,Tuesday,20:00 - 21:00,Pinecrest Recreation Complex,2250 Torquay Avenue,Aqua General - Shallow/deep combo,Aquafit,Other,Yes,https://ottawa.ca/en/recreation-and-parks/facilities/place-listing/pinecrest-recreation-complex,https://reservation.frontdesksuite.ca/rcfs/pinecrest/Home/Index?Culture=en&PageId=d2e84295-c4e0-490a-861b-f99e10636ab2,West - Nepean,Swimming,Adult,Evening,FALSE
3,Wednesday,08:30 - 09:30,Pinecrest Recreation Complex,2250 Torquay Avenue,Aqua General - Shallow/deep combo,Aquafit,Other,Yes,https://ottawa.ca/en/recreation-and-parks/facilities/place-listing/pinecrest-recreation-complex,https://reservation.frontdesksuite.ca/rcfs/pinecrest/Home/Index?Culture=en&PageId=d2e84295-c4e0-490a-861b-f99e10636ab2,West - Nepean,Swimming,Adult,AM,FALSE
3,Wednesday,09:30 - 10:30,Pinecrest Recreation Complex,2250 Torquay Avenue,Aqua General - Shallow/deep combo,Aquafit,Other,Yes,https://ottawa.ca/en/recreation-and-parks/facilities/place-listing/pinecrest-recreation-complex,https://reservation.frontdesksuite.ca/rcfs/pinecrest/Home/Index?Culture=en&PageId=d2e84295-c4e0-490a-861b-f99e10636ab2,West - Nepean,Swimming,Adult,AM,FALSE
4,Thursday,08:30 - 09:30,Pinecrest Recreation Complex,2250 Torquay Avenue,Aqua General - Shallow/deep combo,Aquafit,Other,Yes,https://ottawa.ca/en/recreation-and-parks/facilities/place-listing/pinecrest-recreation-complex,https://reservation.frontdesksuite.ca/rcfs/pinecrest/Home/Index?Culture=en&PageId=d2e84295-c4e0-490a-861b-f99e10636ab2,West - Nepean,Swimming,Adult,AM,FALSE
4,Thursday,09:30 - 10:30,Pinecrest Recreation Complex,2250 Torquay Avenue,Aqua General - Shallow/deep combo,Aquafit,Other,Yes,https://ottawa.ca/en/recreation-and-parks/facilities/place-listing/pinecrest-recreation-complex,https://reservation.frontdesksuite.ca/rcfs/pinecrest/Home/Index?Culture=en&PageId=d2e84295-c4e0-490a-861b-f99e10636ab2,West - Nepean,Swimming,Adult,AM,FALSE
4,Thursday,12:45 - 13:45,Pinecrest Recreation Complex,2250 Torquay Avenue,Aqua General - Shallow/deep combo,Aquafit,Other,Yes,https://ottawa.ca/en/recreation-and-parks/facilities/place-listing/pinecrest-recreation-complex,https://reservation.frontdesksuite.ca/rcfs/pinecrest/Home/Index?Culture=en&PageId=d2e84295-c4e0-490a-861b-f99e10636ab2,West - Nepean,Swimming,Adult,PM,FALSE
4,Thursday,20:00 - 21:00,Pinecrest Recreation Complex,2250 Torquay Avenue,Aqua General - Shallow/deep combo,Aquafit,Other,Yes,https://ottawa.ca/en/recreation-and-parks/facilities/place-listing/pinecrest-recreation-complex,https://reservation.frontdesksuite.ca/rcfs/pinecrest/Home/Index?Culture=en&PageId=d2e84295-c4e0-490a-861b-f99e10636ab2,West - Nepean,Swimming,Adult,Evening,FALSE
5,Friday,08:30 - 09:30,Pinecrest Recreation Complex,2250 Torquay Avenue,Aqua General - Shallow/deep combo,Aquafit,Other,Yes,https://ottawa.ca/en/recreation-and-parks/facilities/place-listing/pinecrest-recreation-complex,https://reservation.frontdesksuite.ca/rcfs/pinecrest/Home/Index?Culture=en&PageId=d2e84295-c4e0-490a-861b-f99e10636ab2,West - Nepean,Swimming,Adult,AM,FALSE
5,Friday,09:30 - 10:30,Pinecrest Recreation Complex,2250 Torquay Avenue,Aqua General - Shallow/deep combo,Aquafit,Other,Yes,https://ottawa.ca/en/recreation-and-parks/facilities/place-listing/pinecrest-recreation-complex,https://reservation.frontdesksuite.ca/rcfs/pinecrest/Home/Index?Culture=en&PageId=d2e84295-c4e0-490a-861b-f99e10636ab2,West - Nepean,Swimming,Adult,AM,FALSE
1,Monday,07:30 - 21:00,Pinecrest Recreation Complex,2250 Torquay Avenue,Weight and cardio room,Other,Other,No,https://ottawa.ca/en/recreation-and-parks/facilities/place-listing/pinecrest-recreation-complex,#,West - Nepean,Fitness,Adult,"AM, PM, Evening",FALSE
2,Tuesday,06:30 - 21:00,Pinecrest Recreation Complex,2250 Torquay Avenue,Weight and cardio room,Other,Other,No,https://ottawa.ca/en/recreation-and-parks/facilities/place-listing/pinecrest-recreation-complex,#,West - Nepean,Fitness,Adult,"AM, PM, Evening",FALSE
3,Wednesday,07:30 - 21:00,Pinecrest Recreation Complex,2250 Torquay Avenue,Weight and cardio room,Other,Other,No,https://ottawa.ca/en/recreation-and-parks/facilities/place-listing/pinecrest-recreation-complex,#,West - Nepean,Fitness,Adult,"AM, PM, Evening",FALSE
4,Thursday,06:30 - 21:00,Pinecrest Recreation Complex,2250 Torquay Avenue,Weight and cardio room,Other,Other,No,https://ottawa.ca/en/recreation-and-parks/facilities/place-listing/pinecrest-recreation-complex,#,West - Nepean,Fitness,Adult,"AM, PM, Evening",FALSE
5,Friday,07:30 - 21:00,Pinecrest Recreation Complex,2250 Torquay Avenue,Weight and cardio room,Other,Other,No,https://ottawa.ca/en/recreation-and-parks/facilities/place-listing/pinecrest-recreation-complex,#,West - Nepean,Fitness,Adult,"AM, PM, Evening",FALSE
6,Saturday,07:30 - 15:00,Pinecrest Recreation Complex,2250 Torquay Avenue,Weight and cardio room,Other,Other,No,https://ottawa.ca/en/recreation-and-parks/facilities/place-listing/pinecrest-recreation-complex,#,West - Nepean,Fitness,Adult,"AM, PM",FALSE
7,Sunday,09:00 - 16:30,Pinecrest Recreation Complex,2250 Torquay Avenue,Weight and cardio room,Other,Other,No,https://ottawa.ca/en/recreation-and-parks/facilities/place-listing/pinecrest-recreation-complex,#,West - Nepean,Fitness,Adult,"AM, PM",FALSE
1,Monday,12:00 - 13:00,Pinecrest Recreation Complex,2250 Torquay Avenue,Yoga,Other,Other,Yes,https://ottawa.ca/en/recreation-and-parks/facilities/place-listing/pinecrest-recreation-complex,https://reservation.frontdesksuite.ca/rcfs/pinecrest/Home/Index?Culture=en&PageId=d2e84295-c4e0-490a-861b-f99e10636ab2,West - Nepean,Group Fitness,Adult,PM,FALSE
1,Monday,19:15 - 20:15,Pinecrest Recreation Complex,2250 Torquay Avenue,Yoga,Other,Other,Yes,https://ottawa.ca/en/recreation-and-parks/facilities/place-listing/pinecrest-recreation-complex,https://reservation.frontdesksuite.ca/rcfs/pinecrest/Home/Index?Culture=en&PageId=d2e84295-c4e0-490a-861b-f99e10636ab2,West - Nepean,Group Fitness,Adult,Evening,FALSE
2,Tuesday,19:15 - 20:15,Pinecrest Recreation Complex,2250 Torquay Avenue,Yoga,Other,Other,Yes,https://ottawa.ca/en/recreation-and-parks/facilities/place-listing/pinecrest-recreation-complex,https://reservation.frontdesksuite.ca/rcfs/pinecrest/Home/Index?Culture=en&PageId=d2e84295-c4e0-490a-861b-f99e10636ab2,West - Nepean,Group Fitness,Adult,Evening,FALSE
3,Wednesday,12:00 - 13:00,Pinecrest Recreation Complex,2250 Torquay Avenue,Yoga,Other,Other,Yes,https://ottawa.ca/en/recreation-and-parks/facilities/place-listing/pinecrest-recreation-complex,https://reservation.frontdesksuite.ca/rcfs/pinecrest/Home/Index?Culture=en&PageId=d2e84295-c4e0-490a-861b-f99e10636ab2,West - Nepean,Group Fitness,Adult,PM,FALSE
3,Wednesday,19:15 - 20:15,Pinecrest Recreation Complex,2250 Torquay Avenue,Yoga,Other,Other,Yes,https://ottawa.ca/en/recreation-and-parks/facilities/place-listing/pinecrest-recreation-complex,https://reservation.frontdesksuite.ca/rcfs/pinecrest/Home/Index?Culture=en&PageId=d2e84295-c4e0-490a-861b-f99e10636ab2,West - Nepean,Group Fitness,Adult,Evening,FALSE
4,Thursday,19:15 - 20:15,Pinecrest Recreation Complex,2250 Torquay Avenue,Yoga,Other,Other,Yes,https://ottawa.ca/en/recreation-and-parks/facilities/place-listing/pinecrest-recreation-complex,https://reservation.frontdesksuite.ca/rcfs/pinecrest/Home/Index?Culture=en&PageId=d2e84295-c4e0-490a-861b-f99e10636ab2,West - Nepean,Group Fitness,Adult,Evening,FALSE
5,Friday,12:00 - 13:00,Pinecrest Recreation Complex,2250 Torquay Avenue,Yoga,Other,Other,Yes,https://ottawa.ca/en/recreation-and-parks/facilities/place-listing/pinecrest-recreation-complex,https://reservation.frontdesksuite.ca/rcfs/pinecrest/Home/Index?Culture=en&PageId=d2e84295-c4e0-490a-861b-f99e10636ab2,West - Nepean,Group Fitness,Adult,PM,FALSE
6,Saturday,10:30 - 11:30,Pinecrest Recreation Complex,2250 Torquay Avenue,Yoga,Other,Other,Yes,https://ottawa.ca/en/recreation-and-parks/facilities/place-listing/pinecrest-recreation-complex,https://reservation.frontdesksuite.ca/rcfs/pinecrest/Home/Index?Culture=en&PageId=d2e84295-c4e0-490a-861b-f99e10636ab2,West - Nepean,Group Fitness,Adult,AM,FALSE
4,Thursday,13:30 - 14:30,Pinecrest Recreation Complex,2250 Torquay Avenue,Cardio and Strength,Other,Other,Yes,https://ottawa.ca/en/recreation-and-parks/facilities/place-listing/pinecrest-recreation-complex,https://reservation.frontdesksuite.ca/rcfs/pinecrest/Home/Index?Culture=en&PageId=d2e84295-c4e0-490a-861b-f99e10636ab2,West - Nepean,Group Fitness,Adult,PM,FALSE
1,Monday,13:30 - 14:30,Pinecrest Recreation Complex,2250 Torquay Avenue,Cardio and Strength 50+,Other,Other,Yes,https://ottawa.ca/en/recreation-and-parks/facilities/place-listing/pinecrest-recreation-complex,https://reservation.frontdesksuite.ca/rcfs/pinecrest/Home/Index?Culture=en&PageId=d2e84295-c4e0-490a-861b-f99e10636ab2,West - Nepean,Group Fitness,50+,PM,FALSE
3,Wednesday,09:30 - 10:30,Pinecrest Recreation Complex,2250 Torquay Avenue,Cardio and Strength 50+,Other,Other,Yes,https://ottawa.ca/en/recreation-and-parks/facilities/place-listing/pinecrest-recreation-complex,https://reservation.frontdesksuite.ca/rcfs/pinecrest/Home/Index?Culture=en&PageId=d2e84295-c4e0-490a-861b-f99e10636ab2,West - Nepean,Group Fitness,50+,AM,FALSE
1,Monday,09:30 - 10:30,Pinecrest Recreation Complex,2250 Torquay Avenue,Core Conditioning 50+,Other,Other,Yes,https://ottawa.ca/en/recreation-and-parks/facilities/place-listing/pinecrest-recreation-complex,https://reservation.frontdesksuite.ca/rcfs/pinecrest/Home/Index?Culture=en&PageId=d2e84295-c4e0-490a-861b-f99e10636ab2,West - Nepean,Group Fitness,50+,AM,FALSE
2,Tuesday,10:30 - 11:30,Pinecrest Recreation Complex,2250 Torquay Avenue,Core Conditioning 50+,Other,Other,Yes,https://ottawa.ca/en/recreation-and-parks/facilities/place-listing/pinecrest-recreation-complex,https://reservation.frontdesksuite.ca/rcfs/pinecrest/Home/Index?Culture=en&PageId=d2e84295-c4e0-490a-861b-f99e10636ab2,West - Nepean,Group Fitness,50+,AM,FALSE
2,Tuesday,09:15 - 10:15,Pinecrest Recreation Complex,2250 Torquay Avenue,Strength 50+,Other,Other,Yes,https://ottawa.ca/en/recreation-and-parks/facilities/place-listing/pinecrest-recreation-complex,https://reservation.frontdesksuite.ca/rcfs/pinecrest/Home/Index?Culture=en&PageId=d2e84295-c4e0-490a-861b-f99e10636ab2,West - Nepean,Group Fitness,50+,AM,FALSE
2,Tuesday,12:00 - 13:00,Pinecrest Recreation Complex,2250 Torquay Avenue,Stretch and Strength,Other,Other,Yes,https://ottawa.ca/en/recreation-and-parks/facilities/place-listing/pinecrest-recreation-complex,https://reservation.frontdesksuite.ca/rcfs/pinecrest/Home/Index?Culture=en&PageId=d2e84295-c4e0-490a-861b-f99e10636ab2,West - Nepean,Group Fitness,Adult,PM,FALSE
3,Wednesday,18:00 - 19:00,Pinecrest Recreation Complex,2250 Torquay Avenue,TMC,Other,Other,Yes,https://ottawa.ca/en/recreation-and-parks/facilities/place-listing/pinecrest-recreation-complex,https://reservation.frontdesksuite.ca/rcfs/pinecrest/Home/Index?Culture=en&PageId=d2e84295-c4e0-490a-861b-f99e10636ab2,West - Nepean,Group Fitness,Adult,Evening,FALSE
6,Saturday,08:30 - 09:30,Pinecrest Recreation Complex,2250 Torquay Avenue,TMC,Other,Other,Yes,https://ottawa.ca/en/recreation-and-parks/facilities/place-listing/pinecrest-recreation-complex,https://reservation.frontdesksuite.ca/rcfs/pinecrest/Home/Index?Culture=en&PageId=d2e84295-c4e0-490a-861b-f99e10636ab2,West - Nepean,Group Fitness,Adult,AM,FALSE
6,Saturday,09:30 - 10:30,Pinecrest Recreation Complex,2250 Torquay Avenue,Zumba,Other,Other,Yes,https://ottawa.ca/en/recreation-and-parks/facilities/place-listing/pinecrest-recreation-complex,https://reservation.frontdesksuite.ca/rcfs/pinecrest/Home/Index?Culture=en&PageId=d2e84295-c4e0-490a-861b-f99e10636ab2,West - Nepean,Group Fitness,Adult,AM,FALSE
3,Wednesday,15:00 - 15:50,Pinecrest Recreation Complex,2250 Torquay Avenue,Family skate,Other,Other,No,https://ottawa.ca/en/recreation-and-parks/facilities/place-listing/pinecrest-recreation-complex,#,West - Nepean,Skating,"Preschool, Children, Youth, Adult",PM,FALSE
7,Sunday,14:00 - 14:50,Pinecrest Recreation Complex,2250 Torquay Avenue,Family skate,Other,Other,No,https://ottawa.ca/en/recreation-and-parks/facilities/place-listing/pinecrest-recreation-complex,#,West - Nepean,Skating,"Preschool, Children, Youth, Adult",PM,TRUE
1,Monday,09:00 - 09:50,Pinecrest Recreation Complex,2250 Torquay Avenue,Public skate,Other,Other,No,https://ottawa.ca/en/recreation-and-parks/facilities/place-listing/pinecrest-recreation-complex,#,West - Nepean,Skating,"Preschool, Children, Youth, Adult",AM,FALSE
3,Wednesday,11:00 - 11:50,Pinecrest Recreation Complex,2250 Torquay Avenue,Public skate,Other,Other,No,https://ottawa.ca/en/recreation-and-parks/facilities/place-listing/pinecrest-recreation-complex,#,West - Nepean,Skating,"Preschool, Children, Youth, Adult",AM,FALSE
3,Wednesday,16:00 - 16:50,Pinecrest Recreation Complex,2250 Torquay Avenue,Public skate,Other,Other,No,https://ottawa.ca/en/recreation-and-parks/facilities/place-listing/pinecrest-recreation-complex,#,West - Nepean,Skating,"Preschool, Children, Youth, Adult",PM,FALSE
7,Sunday,15:00 - 15:50,Pinecrest Recreation Complex,2250 Torquay Avenue,Public skate,Other,Other,No,https://ottawa.ca/en/recreation-and-parks/facilities/place-listing/pinecrest-recreation-complex,#,West - Nepean,Skating,"Preschool, Children, Youth, Adult",PM,TRUE
3,Wednesday,10:00 - 10:50,Pinecrest Recreation Complex,2250 Torquay Avenue,Pick- up Hockey 35+,Other,Other,Yes,https://ottawa.ca/en/recreation-and-parks/facilities/place-listing/pinecrest-recreation-complex,https://reservation.frontdesksuite.ca/rcfs/pinecrest/Home/Index?Culture=en&PageId=d2e84295-c4e0-490a-861b-f99e10636ab2,West - Nepean,Skating,Adult,AM,FALSE
1,Monday,10:00 - 10:50,Pinecrest Recreation Complex,2250 Torquay Avenue,Pick- up Hockey 50+,Other,Other,Yes,https://ottawa.ca/en/recreation-and-parks/facilities/place-listing/pinecrest-recreation-complex,https://reservation.frontdesksuite.ca/rcfs/pinecrest/Home/Index?Culture=en&PageId=d2e84295-c4e0-490a-861b-f99e10636ab2,West - Nepean,Skating,50+,AM,FALSE
1,Monday,07:00 - 09:00,Plant Recreation Centre,930 Somerset Street West,Lane swim,Lane Swim,Indoors,No,https://ottawa.ca/en/recreation-and-parks/facilities/place-listing/plant-recreation-centre,#,Central,Swimming,Adult,AM,FALSE
1,Monday,11:30 - 13:00,Plant Recreation Centre,930 Somerset Street West,Lane swim,Lane Swim,Indoors,No,https://ottawa.ca/en/recreation-and-parks/facilities/place-listing/plant-recreation-centre,#,Central,Swimming,Adult,"AM, PM",FALSE
1,Monday,15:00 - 17:00,Plant Recreation Centre,930 Somerset Street West,Lane swim,Lane Swim,Indoors,No,https://ottawa.ca/en/recreation-and-parks/facilities/place-listing/plant-recreation-centre,#,Central,Swimming,Adult,PM,FALSE
1,Monday,20:30 - 21:30,Plant Recreation Centre,930 Somerset Street West,Lane swim,Lane Swim,Indoors,No,https://ottawa.ca/en/recreation-and-parks/facilities/place-listing/plant-recreation-centre,#,Central,Swimming,Adult,Evening,FALSE
2,Tuesday,07:00 - 09:00,Plant Recreation Centre,930 Somerset Street West,Lane swim,Lane Swim,Indoors,No,https://ottawa.ca/en/recreation-and-parks/facilities/place-listing/plant-recreation-centre,#,Central,Swimming,Adult,AM,FALSE
2,Tuesday,10:30 - 13:00,Plant Recreation Centre,930 Somerset Street West,Lane swim,Lane Swim,Indoors,No,https://ottawa.ca/en/recreation-and-parks/facilities/place-listing/plant-recreation-centre,#,Central,Swimming,Adult,"AM, PM",FALSE
2,Tuesday,14:00 - 17:00,Plant Recreation Centre,930 Somerset Street West,Lane swim,Lane Swim,Indoors,No,https://ottawa.ca/en/recreation-and-parks/facilities/place-listing/plant-recreation-centre,#,Central,Swimming,Adult,PM,FALSE
2,Tuesday,20:30 - 21:30,Plant Recreation Centre,930 Somerset Street West,Lane swim,Lane Swim,Indoors,No,https://ottawa.ca/en/recreation-and-parks/facilities/place-listing/plant-recreation-centre,#,Central,Swimming,Adult,Evening,FALSE
3,Wednesday,07:00 - 09:00,Plant Recreation Centre,930 Somerset Street West,Lane swim,Lane Swim,Indoors,No,https://ottawa.ca/en/recreation-and-parks/facilities/place-listing/plant-recreation-centre,#,Central,Swimming,Adult,AM,FALSE
3,Wednesday,11:30 - 13:00,Plant Recreation Centre,930 Somerset Street West,Lane swim,Lane Swim,Indoors,No,https://ottawa.ca/en/recreation-and-parks/facilities/place-listing/plant-recreation-centre,#,Central,Swimming,Adult,"AM, PM",FALSE
3,Wednesday,15:00 - 17:00,Plant Recreation Centre,930 Somerset Street West,Lane swim,Lane Swim,Indoors,No,https://ottawa.ca/en/recreation-and-parks/facilities/place-listing/plant-recreation-centre,#,Central,Swimming,Adult,PM,FALSE
3,Wednesday,20:30 - 21:30,Plant Recreation Centre,930 Somerset Street West,Lane swim,Lane Swim,Indoors,No,https://ottawa.ca/en/recreation-and-parks/facilities/place-listing/plant-recreation-centre,#,Central,Swimming,Adult,Evening,FALSE
4,Thursday,10:30 - 13:00,Plant Recreation Centre,930 Somerset Street West,Lane swim,Lane Swim,Indoors,No,https://ottawa.ca/en/recreation-and-parks/facilities/place-listing/plant-recreation-centre,#,Central,Swimming,Adult,"AM, PM",FALSE
4,Thursday,15:00 - 17:00,Plant Recreation Centre,930 Somerset Street West,Lane swim,Lane Swim,Indoors,No,https://ottawa.ca/en/recreation-and-parks/facilities/place-listing/plant-recreation-centre,#,Central,Swimming,Adult,PM,FALSE
4,Thursday,20:30 - 21:30,Plant Recreation Centre,930 Somerset Street West,Lane swim,Lane Swim,Indoors,No,https://ottawa.ca/en/recreation-and-parks/facilities/place-listing/plant-recreation-centre,#,Central,Swimming,Adult,Evening,FALSE
5,Friday,07:00 - 09:00,Plant Recreation Centre,930 Somerset Street West,Lane swim,Lane Swim,Indoors,No,https://ottawa.ca/en/recreation-and-parks/facilities/place-listing/plant-recreation-centre,#,Central,Swimming,Adult,AM,FALSE
5,Friday,11:30 - 13:00,Plant Recreation Centre,930 Somerset Street West,Lane swim,Lane Swim,Indoors,No,https://ottawa.ca/en/recreation-and-parks/facilities/place-listing/plant-recreation-centre,#,Central,Swimming,Adult,"AM, PM",FALSE
5,Friday,14:00 - 18:00,Plant Recreation Centre,930 Somerset Street West,Lane swim,Lane Swim,Indoors,No,https://ottawa.ca/en/recreation-and-parks/facilities/place-listing/plant-recreation-centre,#,Central,Swimming,Adult,"PM, Evening",FALSE
5,Friday,20:00 - 21:30,Plant Recreation Centre,930 Somerset Street West,Lane swim,Lane Swim,Indoors,No,https://ottawa.ca/en/recreation-and-parks/facilities/place-listing/plant-recreation-centre,#,Central,Swimming,Adult,Evening,FALSE
6,Saturday,12:00 - 13:30,Plant Recreation Centre,930 Somerset Street West,Lane swim,Lane Swim,Indoors,No,https://ottawa.ca/en/recreation-and-parks/facilities/place-listing/plant-recreation-centre,#,Central,Swimming,Adult,PM,TRUE
6,Saturday,18:00 - 19:00,Plant Recreation Centre,930 Somerset Street West,Lane swim,Lane Swim,Indoors,No,https://ottawa.ca/en/recreation-and-parks/facilities/place-listing/plant-recreation-centre,#,Central,Swimming,Adult,Evening,TRUE
7,Sunday,12:00 - 13:30,Plant Recreation Centre,930 Somerset Street West,Lane swim,Lane Swim,Indoors,No,https://ottawa.ca/en/recreation-and-parks/facilities/place-listing/plant-recreation-centre,#,Central,Swimming,Adult,PM,FALSE
7,Sunday,16:00 - 17:30,Plant Recreation Centre,930 Somerset Street West,Lane swim,Lane Swim,Indoors,No,https://ottawa.ca/en/recreation-and-parks/facilities/place-listing/plant-recreation-centre,#,Central,Swimming,Adult,"PM, Evening",FALSE
1,Monday,09:00 - 11:30,Plant Recreation Centre,930 Somerset Street West,Lane swim - reduced capacity,Lane Swim,Indoors,No,https://ottawa.ca/en/recreation-and-parks/facilities/place-listing/plant-recreation-centre,#,Central,Swimming,Adult,AM,FALSE
1,Monday,13:00 - 15:00,Plant Recreation Centre,930 Somerset Street West,Lane swim - reduced capacity,Lane Swim,Indoors,No,https://ottawa.ca/en/recreation-and-parks/facilities/place-listing/plant-recreation-centre,#,Central,Swimming,Adult,PM,FALSE
2,Tuesday,09:00 - 10:30,Plant Recreation Centre,930 Somerset Street West,Lane swim - reduced capacity,Lane Swim,Indoors,No,https://ottawa.ca/en/recreation-and-parks/facilities/place-listing/plant-recreation-centre,#,Central,Swimming,Adult,AM,FALSE
2,Tuesday,13:00 - 14:00,Plant Recreation Centre,930 Somerset Street West,Lane swim - reduced capacity,Lane Swim,Indoors,No,https://ottawa.ca/en/recreation-and-parks/facilities/place-listing/plant-recreation-centre,#,Central,Swimming,Adult,PM,FALSE
3,Wednesday,09:00 - 11:30,Plant Recreation Centre,930 Somerset Street West,Lane swim - reduced capacity,Lane Swim,Indoors,No,https://ottawa.ca/en/recreation-and-parks/facilities/place-listing/plant-recreation-centre,#,Central,Swimming,Adult,AM,FALSE
3,Wednesday,13:00 - 15:00,Plant Recreation Centre,930 Somerset Street West,Lane swim - reduced capacity,Lane Swim,Indoors,No,https://ottawa.ca/en/recreation-and-parks/facilities/place-listing/plant-recreation-centre,#,Central,Swimming,Adult,PM,FALSE
3,Wednesday,19:30 - 20:30,Plant Recreation Centre,930 Somerset Street West,Lane swim - reduced capacity,Lane Swim,Indoors,No,https://ottawa.ca/en/recreation-and-parks/facilities/place-listing/plant-recreation-centre,#,Central,Swimming,Adult,Evening,FALSE
4,Thursday,09:00 - 10:30,Plant Recreation Centre,930 Somerset Street West,Lane swim - reduced capacity,Lane Swim,Indoors,No,https://ottawa.ca/en/recreation-and-parks/facilities/place-listing/plant-recreation-centre,#,Central,Swimming,Adult,AM,FALSE
4,Thursday,13:00 - 15:00,Plant Recreation Centre,930 Somerset Street West,Lane swim - reduced capacity,Lane Swim,Indoors,No,https://ottawa.ca/en/recreation-and-parks/facilities/place-listing/plant-recreation-centre,#,Central,Swimming,Adult,PM,FALSE
5,Friday,09:00 - 11:30,Plant Recreation Centre,930 Somerset Street West,Lane swim - reduced capacity,Lane Swim,Indoors,No,https://ottawa.ca/en/recreation-and-parks/facilities/place-listing/plant-recreation-centre,#,Central,Swimming,Adult,AM,FALSE
5,Friday,13:00 - 14:00,Plant Recreation Centre,930 Somerset Street West,Lane swim - reduced capacity,Lane Swim,Indoors,No,https://ottawa.ca/en/recreation-and-parks/facilities/place-listing/plant-recreation-centre,#,Central,Swimming,Adult,PM,FALSE
2,Tuesday,18:00 - 19:30,Plant Recreation Centre,930 Somerset Street West,Public swim,Public Swim,Indoors,No,https://ottawa.ca/en/recreation-and-parks/facilities/place-listing/plant-recreation-centre,#,Central,Swimming,"Preschool, Children, Youth, Adult",Evening,FALSE
4,Thursday,13:00 - 14:00,Plant Recreation Centre,930 Somerset Street West,Public swim,Public Swim,Indoors,No,https://ottawa.ca/en/recreation-and-parks/facilities/place-listing/plant-recreation-centre,#,Central,Swimming,"Preschool, Children, Youth, Adult",PM,FALSE
5,Friday,13:00 - 14:00,Plant Recreation Centre,930 Somerset Street West,Public swim,Public Swim,Indoors,No,https://ottawa.ca/en/recreation-and-parks/facilities/place-listing/plant-recreation-centre,#,Central,Swimming,"Preschool, Children, Youth, Adult",PM,FALSE
5,Friday,18:00 - 20:00,Plant Recreation Centre,930 Somerset Street West,Public swim,Public Swim,Indoors,No,https://ottawa.ca/en/recreation-and-parks/facilities/place-listing/plant-recreation-centre,#,Central,Swimming,"Preschool, Children, Youth, Adult",Evening,FALSE
6,Saturday,13:30 - 16:00,Plant Recreation Centre,930 Somerset Street West,Public swim,Public Swim,Indoors,No,https://ottawa.ca/en/recreation-and-parks/facilities/place-listing/plant-recreation-centre,#,Central,Swimming,"Preschool, Children, Youth, Adult",PM,TRUE
7,Sunday,13:30 - 16:00,Plant Recreation Centre,930 Somerset Street West,Public swim,Public Swim,Indoors,No,https://ottawa.ca/en/recreation-and-parks/facilities/place-listing/plant-recreation-centre,#,Central,Swimming,"Preschool, Children, Youth, Adult",PM,FALSE
1,Monday,10:30 - 13:00,Plant Recreation Centre,930 Somerset Street West,Public swim - leisure pool only,Public Swim,Indoors,No,https://ottawa.ca/en/recreation-and-parks/facilities/place-listing/plant-recreation-centre,#,Central,Swimming,"Preschool, Children, Youth, Adult","AM, PM",FALSE
1,Monday,16:00 - 17:00,Plant Recreation Centre,930 Somerset Street West,Public swim - leisure pool only,Public Swim,Indoors,No,https://ottawa.ca/en/recreation-and-parks/facilities/place-listing/plant-recreation-centre,#,Central,Swimming,"Preschool, Children, Youth, Adult",PM,FALSE
2,Tuesday,10:30 - 13:00,Plant Recreation Centre,930 Somerset Street West,Public swim - leisure pool only,Public Swim,Indoors,No,https://ottawa.ca/en/recreation-and-parks/facilities/place-listing/plant-recreation-centre,#,Central,Swimming,"Preschool, Children, Youth, Adult","AM, PM",FALSE
2,Tuesday,16:00 - 17:00,Plant Recreation Centre,930 Somerset Street West,Public swim - leisure pool only,Public Swim,Indoors,No,https://ottawa.ca/en/recreation-and-parks/facilities/place-listing/plant-recreation-centre,#,Central,Swimming,"Preschool, Children, Youth, Adult",PM,FALSE
3,Wednesday,10:30 - 13:00,Plant Recreation Centre,930 Somerset Street West,Public swim - leisure pool only,Public Swim,Indoors,No,https://ottawa.ca/en/recreation-and-parks/facilities/place-listing/plant-recreation-centre,#,Central,Swimming,"Preschool, Children, Youth, Adult","AM, PM",FALSE
3,Wednesday,16:00 - 17:00,Plant Recreation Centre,930 Somerset Street West,Public swim - leisure pool only,Public Swim,Indoors,No,https://ottawa.ca/en/recreation-and-parks/facilities/place-listing/plant-recreation-centre,#,Central,Swimming,"Preschool, Children, Youth, Adult",PM,FALSE
4,Thursday,10:30 - 13:00,Plant Recreation Centre,930 Somerset Street West,Public swim - leisure pool only,Public Swim,Indoors,No,https://ottawa.ca/en/recreation-and-parks/facilities/place-listing/plant-recreation-centre,#,Central,Swimming,"Preschool, Children, Youth, Adult","AM, PM",FALSE
4,Thursday,16:00 - 17:00,Plant Recreation Centre,930 Somerset Street West,Public swim - leisure pool only,Public Swim,Indoors,No,https://ottawa.ca/en/recreation-and-parks/facilities/place-listing/plant-recreation-centre,#,Central,Swimming,"Preschool, Children, Youth, Adult",PM,FALSE
5,Friday,10:30 - 13:00,Plant Recreation Centre,930 Somerset Street West,Public swim - leisure pool only,Public Swim,Indoors,No,https://ottawa.ca/en/recreation-and-parks/facilities/place-listing/plant-recreation-centre,#,Central,Swimming,"Preschool, Children, Youth, Adult","AM, PM",FALSE
5,Friday,16:00 - 18:00,Plant Recreation Centre,930 Somerset Street West,Public swim - leisure pool only,Public Swim,Indoors,No,https://ottawa.ca/en/recreation-and-parks/facilities/place-listing/plant-recreation-centre,#,Central,Swimming,"Preschool, Children, Youth, Adult","PM, Evening",FALSE
1,Monday,09:00 - 10:00,Plant Recreation Centre,930 Somerset Street West,Aquafit - General,Aquafit,Indoors,No,https://ottawa.ca/en/recreation-and-parks/facilities/place-listing/plant-recreation-centre,#,Central,Swimming,Adult,AM,FALSE
1,Monday,10:00 - 11:00,Plant Recreation Centre,930 Somerset Street West,Aquafit - General,Aquafit,Indoors,No,https://ottawa.ca/en/recreation-and-parks/facilities/place-listing/plant-recreation-centre,#,Central,Swimming,Adult,AM,FALSE
1,Monday,17:00 - 18:00,Plant Recreation Centre,930 Somerset Street West,Aquafit - General,Aquafit,Indoors,No,https://ottawa.ca/en/recreation-and-parks/facilities/place-listing/plant-recreation-centre,#,Central,Swimming,Adult,Evening,FALSE
2,Tuesday,09:00 - 10:00,Plant Recreation Centre,930 Somerset Street West,Aquafit - General,Aquafit,Indoors,No,https://ottawa.ca/en/recreation-and-parks/facilities/place-listing/plant-recreation-centre,#,Central,Swimming,Adult,AM,FALSE
2,Tuesday,19:30 - 20:30,Plant Recreation Centre,930 Somerset Street West,Aquafit - General,Aquafit,Indoors,No,https://ottawa.ca/en/recreation-and-parks/facilities/place-listing/plant-recreation-centre,#,Central,Swimming,Adult,Evening,FALSE
3,Wednesday,09:00 - 10:00,Plant Recreation Centre,930 Somerset Street West,Aquafit - General,Aquafit,Indoors,No,https://ottawa.ca/en/recreation-and-parks/facilities/place-listing/plant-recreation-centre,#,Central,Swimming,Adult,AM,FALSE
3,Wednesday,10:00 - 11:00,Plant Recreation Centre,930 Somerset Street West,Aquafit - General,Aquafit,Indoors,No,https://ottawa.ca/en/recreation-and-parks/facilities/place-listing/plant-recreation-centre,#,Central,Swimming,Adult,AM,FALSE
3,Wednesday,17:00 - 18:00,Plant Recreation Centre,930 Somerset Street West,Aquafit - General,Aquafit,Indoors,No,https://ottawa.ca/en/recreation-and-parks/facilities/place-listing/plant-recreation-centre,#,Central,Swimming,Adult,Evening,FALSE
4,Thursday,09:00 - 10:00,Plant Recreation Centre,930 Somerset Street West,Aquafit - General,Aquafit,Indoors,No,https://ottawa.ca/en/recreation-and-parks/facilities/place-listing/plant-recreation-centre,#,Central,Swimming,Adult,AM,FALSE
4,Thursday,19:30 - 20:30,Plant Recreation Centre,930 Somerset Street West,Aquafit - General,Aquafit,Indoors,No,https://ottawa.ca/en/recreation-and-parks/facilities/place-listing/plant-recreation-centre,#,Central,Swimming,Adult,Evening,FALSE
5,Friday,09:00 - 10:00,Plant Recreation Centre,930 Somerset Street West,Aquafit - General,Aquafit,Indoors,No,https://ottawa.ca/en/recreation-and-parks/facilities/place-listing/plant-recreation-centre,#,Central,Swimming,Adult,AM,FALSE
5,Friday,10:00 - 11:00,Plant Recreation Centre,930 Somerset Street West,Aquafit - General,Aquafit,Indoors,No,https://ottawa.ca/en/recreation-and-parks/facilities/place-listing/plant-recreation-centre,#,Central,Swimming,Adult,AM,FALSE
6,Saturday,09:00 - 10:00,Plant Recreation Centre,930 Somerset Street West,Aquafit - General,Aquafit,Indoors,No,https://ottawa.ca/en/recreation-and-parks/facilities/place-listing/plant-recreation-centre,#,Central,Swimming,Adult,AM,FALSE
7,Sunday,10:00 - 11:00,Plant Recreation Centre,930 Somerset Street West,Aquafit - General,Aquafit,Indoors,No,https://ottawa.ca/en/recreation-and-parks/facilities/place-listing/plant-recreation-centre,#,Central,Swimming,Adult,AM,FALSE
1,Monday,07:00 - 17:00,Plant Recreation Centre,930 Somerset Street West,Hot tub and Steam Room,Other,Indoors,No,https://ottawa.ca/en/recreation-and-parks/facilities/place-listing/plant-recreation-centre,#,Central,Swimming,Adult,"AM, PM",FALSE
1,Monday,20:30 - 21:30,Plant Recreation Centre,930 Somerset Street West,Hot tub and Steam Room,Other,Indoors,No,https://ottawa.ca/en/recreation-and-parks/facilities/place-listing/plant-recreation-centre,#,Central,Swimming,Adult,Evening,FALSE
2,Tuesday,07:00 - 17:00,Plant Recreation Centre,930 Somerset Street West,Hot tub and Steam Room,Other,Indoors,No,https://ottawa.ca/en/recreation-and-parks/facilities/place-listing/plant-recreation-centre,#,Central,Swimming,Adult,"AM, PM",FALSE
2,Tuesday,18:00 - 19:30,Plant Recreation Centre,930 Somerset Street West,Hot tub and Steam Room,Other,Indoors,No,https://ottawa.ca/en/recreation-and-parks/facilities/place-listing/plant-recreation-centre,#,Central,Swimming,Adult,Evening,FALSE
2,Tuesday,20:30 - 21:30,Plant Recreation Centre,930 Somerset Street West,Hot tub and Steam Room,Other,Indoors,No,https://ottawa.ca/en/recreation-and-parks/facilities/place-listing/plant-recreation-centre,#,Central,Swimming,Adult,Evening,FALSE
3,Wednesday,07:00 - 17:00,Plant Recreation Centre,930 Somerset Street West,Hot tub and Steam Room,Other,Indoors,No,https://ottawa.ca/en/recreation-and-parks/facilities/place-listing/plant-recreation-centre,#,Central,Swimming,Adult,"AM, PM",FALSE
3,Wednesday,19:30 - 21:30,Plant Recreation Centre,930 Somerset Street West,Hot tub and Steam Room,Other,Indoors,No,https://ottawa.ca/en/recreation-and-parks/facilities/place-listing/plant-recreation-centre,#,Central,Swimming,Adult,Evening,FALSE
4,Thursday,09:00 - 17:00,Plant Recreation Centre,930 Somerset Street West,Hot tub and Steam Room,Other,Indoors,No,https://ottawa.ca/en/recreation-and-parks/facilities/place-listing/plant-recreation-centre,#,Central,Swimming,Adult,"AM, PM",FALSE
4,Thursday,20:30 - 21:30,Plant Recreation Centre,930 Somerset Street West,Hot tub and Steam Room,Other,Indoors,No,https://ottawa.ca/en/recreation-and-parks/facilities/place-listing/plant-recreation-centre,#,Central,Swimming,Adult,Evening,FALSE
5,Friday,07:00 - 21:30,Plant Recreation Centre,930 Somerset Street West,Hot tub and Steam Room,Other,Indoors,No,https://ottawa.ca/en/recreation-and-parks/facilities/place-listing/plant-recreation-centre,#,Central,Swimming,Adult,"AM, PM, Evening",FALSE
6,Saturday,12:00 - 16:00,Plant Recreation Centre,930 Somerset Street West,Hot tub and Steam Room,Other,Indoors,No,https://ottawa.ca/en/recreation-and-parks/facilities/place-listing/plant-recreation-centre,#,Central,Swimming,Adult,PM,FALSE
6,Saturday,18:00 - 19:00,Plant Recreation Centre,930 Somerset Street West,Hot tub and Steam Room,Other,Indoors,No,https://ottawa.ca/en/recreation-and-parks/facilities/place-listing/plant-recreation-centre,#,Central,Swimming,Adult,Evening,FALSE
7,Sunday,12:00 - 17:30,Plant Recreation Centre,930 Somerset Street West,Hot tub and Steam Room,Other,Indoors,No,https://ottawa.ca/en/recreation-and-parks/facilities/place-listing/plant-recreation-centre,#,Central,Swimming,Adult,"PM, Evening",FALSE
1,Monday,06:45 - 21:30,Plant Recreation Centre,930 Somerset Street West,Weight and cardio room,Other,Indoors,No,https://ottawa.ca/en/recreation-and-parks/facilities/place-listing/plant-recreation-centre,#,Central,Fitness,Adult,"AM, PM, Evening",FALSE
2,Tuesday,06:45 - 21:30,Plant Recreation Centre,930 Somerset Street West,Weight and cardio room,Other,Indoors,No,https://ottawa.ca/en/recreation-and-parks/facilities/place-listing/plant-recreation-centre,#,Central,Fitness,Adult,"AM, PM, Evening",FALSE
3,Wednesday,06:45 - 21:30,Plant Recreation Centre,930 Somerset Street West,Weight and cardio room,Other,Indoors,No,https://ottawa.ca/en/recreation-and-parks/facilities/place-listing/plant-recreation-centre,#,Central,Fitness,Adult,"AM, PM, Evening",FALSE
4,Thursday,08:30 - 21:30,Plant Recreation Centre,930 Somerset Street West,Weight and cardio room,Other,Indoors,No,https://ottawa.ca/en/recreation-and-parks/facilities/place-listing/plant-recreation-centre,#,Central,Fitness,Adult,"AM, PM, Evening",FALSE
5,Friday,06:45 - 21:30,Plant Recreation Centre,930 Somerset Street West,Weight and cardio room,Other,Indoors,No,https://ottawa.ca/en/recreation-and-parks/facilities/place-listing/plant-recreation-centre,#,Central,Fitness,Adult,"AM, PM, Evening",FALSE
6,Saturday,08:00 - 19:00,Plant Recreation Centre,930 Somerset Street West,Weight and cardio room,Other,Indoors,No,https://ottawa.ca/en/recreation-and-parks/facilities/place-listing/plant-recreation-centre,#,Central,Fitness,Adult,"AM, PM, Evening",FALSE
7,Sunday,08:00 - 17:30,Plant Recreation Centre,930 Somerset Street West,Weight and cardio room,Other,Indoors,No,https://ottawa.ca/en/recreation-and-parks/facilities/place-listing/plant-recreation-centre,#,Central,Fitness,Adult,"AM, PM, Evening",FALSE
1,Monday,12:00 - 13:00,Plant Recreation Centre,930 Somerset Street West,Balance and strength,Other,Indoors,No,https://ottawa.ca/en/recreation-and-parks/facilities/place-listing/plant-recreation-centre,#,Central,Group Fitness,Adult,PM,FALSE
3,Wednesday,17:30 - 18:30,Plant Recreation Centre,930 Somerset Street West,Cardio and strength,Other,Indoors,No,https://ottawa.ca/en/recreation-and-parks/facilities/place-listing/plant-recreation-centre,#,Central,Group Fitness,Adult,Evening,FALSE
2,Tuesday,12:00 - 13:00,Plant Recreation Centre,930 Somerset Street West,Core conditioning,Other,Indoors,No,https://ottawa.ca/en/recreation-and-parks/facilities/place-listing/plant-recreation-centre,#,Central,Group Fitness,Adult,PM,FALSE
1,Monday,17:30 - 18:30,Plant Recreation Centre,930 Somerset Street West,HIIT,Other,Indoors,No,https://ottawa.ca/en/recreation-and-parks/facilities/place-listing/plant-recreation-centre,#,Central,Group Fitness,Adult,Evening,FALSE
3,Wednesday,12:00 - 13:00,Plant Recreation Centre,930 Somerset Street West,Strength,Other,Indoors,No,https://ottawa.ca/en/recreation-and-parks/facilities/place-listing/plant-recreation-centre,#,Central,Group Fitness,Adult,PM,FALSE
4,Thursday,12:00 - 13:00,Plant Recreation Centre,930 Somerset Street West,Strength,Other,Indoors,No,https://ottawa.ca/en/recreation-and-parks/facilities/place-listing/plant-recreation-centre,#,Central,Group Fitness,Adult,PM,FALSE
7,Sunday,08:45 - 09:45,Plant Recreation Centre,930 Somerset Street West,Strength,Other,Indoors,No,https://ottawa.ca/en/recreation-and-parks/facilities/place-listing/plant-recreation-centre,#,Central,Group Fitness,Adult,AM,FALSE
2,Tuesday,17:30 - 18:30,Plant Recreation Centre,930 Somerset Street West,Zumba® Toning,Other,Indoors,No,https://ottawa.ca/en/recreation-and-parks/facilities/place-listing/plant-recreation-centre,#,Central,Group Fitness,Adult,Evening,FALSE
5,Friday,17:30 - 18:30,Plant Recreation Centre,930 Somerset Street West,Zumba® Toning,Other,Indoors,No,https://ottawa.ca/en/recreation-and-parks/facilities/place-listing/plant-recreation-centre,#,Central,Group Fitness,Adult,Evening,FALSE
4,Thursday,17:30 - 18:30,Plant Recreation Centre,930 Somerset Street West,Yoga,Other,Indoors,No,https://ottawa.ca/en/recreation-and-parks/facilities/place-listing/plant-recreation-centre,#,Central,Group Fitness,Adult,Evening,FALSE
6,Saturday,15:00 - 15:50,R.J. Kennedy Community Centre and Arena,1115 Dunning Road,Public skating,Other,Other,No,https://ottawa.ca/en/recreation-and-parks/facilities/place-listing/rj-kennedy-community-centre-and-arena,#,East - Orleans,Skating,"Preschool, Children, Youth, Adult",PM,TRUE
6,Saturday,16:00 - 16:50,R.J. Kennedy Community Centre and Arena,1115 Dunning Road,Public skating,Other,Other,No,https://ottawa.ca/en/recreation-and-parks/facilities/place-listing/rj-kennedy-community-centre-and-arena,#,East - Orleans,Skating,"Preschool, Children, Youth, Adult",PM,TRUE
1,Monday,06:00 - 08:00,Ray Friel Recreation Complex,1585 Tenth Line Road,Lane swim,Lane Swim,Indoors,No,https://ottawa.ca/en/recreation-and-parks/facilities/place-listing/ray-friel-recreation-complex,#,East - Orleans,Swimming,Adult,AM,FALSE
1,Monday,10:00 - 13:00,Ray Friel Recreation Complex,1585 Tenth Line Road,Lane swim,Lane Swim,Indoors,No,https://ottawa.ca/en/recreation-and-parks/facilities/place-listing/ray-friel-recreation-complex,#,East - Orleans,Swimming,Adult,"AM, PM",FALSE
1,Monday,19:30 - 21:30,Ray Friel Recreation Complex,1585 Tenth Line Road,Lane swim,Lane Swim,Indoors,No,https://ottawa.ca/en/recreation-and-parks/facilities/place-listing/ray-friel-recreation-complex,#,East - Orleans,Swimming,Adult,Evening,FALSE
2,Tuesday,06:00 - 08:00,Ray Friel Recreation Complex,1585 Tenth Line Road,Lane swim,Lane Swim,Indoors,No,https://ottawa.ca/en/recreation-and-parks/facilities/place-listing/ray-friel-recreation-complex,#,East - Orleans,Swimming,Adult,AM,FALSE
2,Tuesday,10:00 - 13:00,Ray Friel Recreation Complex,1585 Tenth Line Road,Lane swim,Lane Swim,Indoors,No,https://ottawa.ca/en/recreation-and-parks/facilities/place-listing/ray-friel-recreation-complex,#,East - Orleans,Swimming,Adult,"AM, PM",FALSE
2,Tuesday,19:30 - 20:30,Ray Friel Recreation Complex,1585 Tenth Line Road,Lane swim,Lane Swim,Indoors,No,https://ottawa.ca/en/recreation-and-parks/facilities/place-listing/ray-friel-recreation-complex,#,East - Orleans,Swimming,Adult,Evening,FALSE
3,Wednesday,06:00 - 08:00,Ray Friel Recreation Complex,1585 Tenth Line Road,Lane swim,Lane Swim,Indoors,No,https://ottawa.ca/en/recreation-and-parks/facilities/place-listing/ray-friel-recreation-complex,#,East - Orleans,Swimming,Adult,AM,FALSE
3,Wednesday,10:00 - 13:00,Ray Friel Recreation Complex,1585 Tenth Line Road,Lane swim,Lane Swim,Indoors,No,https://ottawa.ca/en/recreation-and-parks/facilities/place-listing/ray-friel-recreation-complex,#,East - Orleans,Swimming,Adult,"AM, PM",FALSE
3,Wednesday,19:30 - 21:30,Ray Friel Recreation Complex,1585 Tenth Line Road,Lane swim,Lane Swim,Indoors,No,https://ottawa.ca/en/recreation-and-parks/facilities/place-listing/ray-friel-recreation-complex,#,East - Orleans,Swimming,Adult,Evening,FALSE
4,Thursday,06:00 - 08:00,Ray Friel Recreation Complex,1585 Tenth Line Road,Lane swim,Lane Swim,Indoors,No,https://ottawa.ca/en/recreation-and-parks/facilities/place-listing/ray-friel-recreation-complex,#,East - Orleans,Swimming,Adult,AM,FALSE
4,Thursday,10:00 - 13:00,Ray Friel Recreation Complex,1585 Tenth Line Road,Lane swim,Lane Swim,Indoors,No,https://ottawa.ca/en/recreation-and-parks/facilities/place-listing/ray-friel-recreation-complex,#,East - Orleans,Swimming,Adult,"AM, PM",FALSE
4,Thursday,19:30 - 20:30,Ray Friel Recreation Complex,1585 Tenth Line Road,Lane swim,Lane Swim,Indoors,No,https://ottawa.ca/en/recreation-and-parks/facilities/place-listing/ray-friel-recreation-complex,#,East - Orleans,Swimming,Adult,Evening,FALSE
5,Friday,06:00 - 08:00,Ray Friel Recreation Complex,1585 Tenth Line Road,Lane swim,Lane Swim,Indoors,No,https://ottawa.ca/en/recreation-and-parks/facilities/place-listing/ray-friel-recreation-complex,#,East - Orleans,Swimming,Adult,AM,FALSE
5,Friday,10:00 - 13:00,Ray Friel Recreation Complex,1585 Tenth Line Road,Lane swim,Lane Swim,Indoors,No,https://ottawa.ca/en/recreation-and-parks/facilities/place-listing/ray-friel-recreation-complex,#,East - Orleans,Swimming,Adult,"AM, PM",FALSE
5,Friday,20:00 - 21:00,Ray Friel Recreation Complex,1585 Tenth Line Road,Lane swim,Lane Swim,Indoors,No,https://ottawa.ca/en/recreation-and-parks/facilities/place-listing/ray-friel-recreation-complex,#,East - Orleans,Swimming,Adult,Evening,FALSE
6,Saturday,07:30 - 08:30,Ray Friel Recreation Complex,1585 Tenth Line Road,Lane swim,Lane Swim,Indoors,No,https://ottawa.ca/en/recreation-and-parks/facilities/place-listing/ray-friel-recreation-complex,#,East - Orleans,Swimming,Adult,AM,TRUE
7,Sunday,07:30 - 08:30,Ray Friel Recreation Complex,1585 Tenth Line Road,Lane swim,Lane Swim,Indoors,No,https://ottawa.ca/en/recreation-and-parks/facilities/place-listing/ray-friel-recreation-complex,#,East - Orleans,Swimming,Adult,AM,FALSE
6,Saturday,12:00 - 13:00,Ray Friel Recreation Complex,1585 Tenth Line Road,Public swim,Public Swim,Indoors,No,https://ottawa.ca/en/recreation-and-parks/facilities/place-listing/ray-friel-recreation-complex,#,East - Orleans,Swimming,"Preschool, Children, Youth, Adult",PM,TRUE
7,Sunday,12:00 - 13:00,Ray Friel Recreation Complex,1585 Tenth Line Road,Public swim,Public Swim,Indoors,No,https://ottawa.ca/en/recreation-and-parks/facilities/place-listing/ray-friel-recreation-complex,#,East - Orleans,Swimming,"Preschool, Children, Youth, Adult",PM,FALSE
5,Friday,18:00 - 20:00,Ray Friel Recreation Complex,1585 Tenth Line Road,Wave swim,Other,Indoors,No,https://ottawa.ca/en/recreation-and-parks/facilities/place-listing/ray-friel-recreation-complex,#,East - Orleans,Swimming,"Preschool, Children, Youth, Adult",Evening,FALSE
6,Saturday,13:00 - 16:00,Ray Friel Recreation Complex,1585 Tenth Line Road,Wave swim,Other,Indoors,No,https://ottawa.ca/en/recreation-and-parks/facilities/place-listing/ray-friel-recreation-complex,#,East - Orleans,Swimming,"Preschool, Children, Youth, Adult",PM,FALSE
7,Sunday,13:00 - 16:00,Ray Friel Recreation Complex,1585 Tenth Line Road,Wave swim,Other,Indoors,No,https://ottawa.ca/en/recreation-and-parks/facilities/place-listing/ray-friel-recreation-complex,#,East - Orleans,Swimming,"Preschool, Children, Youth, Adult",PM,FALSE
1,Monday,10:00 - 13:00,Ray Friel Recreation Complex,1585 Tenth Line Road,Preschool swim,Other,Indoors,No,https://ottawa.ca/en/recreation-and-parks/facilities/place-listing/ray-friel-recreation-complex,#,East - Orleans,Swimming,Preschool,"AM, PM",FALSE
3,Wednesday,10:00 - 13:00,Ray Friel Recreation Complex,1585 Tenth Line Road,Preschool swim,Other,Indoors,No,https://ottawa.ca/en/recreation-and-parks/facilities/place-listing/ray-friel-recreation-complex,#,East - Orleans,Swimming,Preschool,"AM, PM",FALSE
5,Friday,10:00 - 13:00,Ray Friel Recreation Complex,1585 Tenth Line Road,Preschool swim,Other,Indoors,No,https://ottawa.ca/en/recreation-and-parks/facilities/place-listing/ray-friel-recreation-complex,#,East - Orleans,Swimming,Preschool,"AM, PM",FALSE
1,Monday,08:05 - 09:00,Ray Friel Recreation Complex,1585 Tenth Line Road,Aquafit,Aquafit,Indoors,No,https://ottawa.ca/en/recreation-and-parks/facilities/place-listing/ray-friel-recreation-complex,#,East - Orleans,Swimming,Adult,AM,FALSE
1,Monday,09:05 - 10:00,Ray Friel Recreation Complex,1585 Tenth Line Road,Aquafit,Aquafit,Indoors,No,https://ottawa.ca/en/recreation-and-parks/facilities/place-listing/ray-friel-recreation-complex,#,East - Orleans,Swimming,Adult,AM,FALSE
2,Tuesday,08:05 - 09:00,Ray Friel Recreation Complex,1585 Tenth Line Road,Aquafit,Aquafit,Indoors,No,https://ottawa.ca/en/recreation-and-parks/facilities/place-listing/ray-friel-recreation-complex,#,East - Orleans,Swimming,Adult,AM,FALSE
2,Tuesday,09:05 - 10:00,Ray Friel Recreation Complex,1585 Tenth Line Road,Aquafit,Aquafit,Indoors,No,https://ottawa.ca/en/recreation-and-parks/facilities/place-listing/ray-friel-recreation-complex,#,East - Orleans,Swimming,Adult,AM,FALSE
3,Wednesday,08:05 - 09:00,Ray Friel Recreation Complex,1585 Tenth Line Road,Aquafit,Aquafit,Indoors,No,https://ottawa.ca/en/recreation-and-parks/facilities/place-listing/ray-friel-recreation-complex,#,East - Orleans,Swimming,Adult,AM,FALSE
3,Wednesday,09:05 - 10:00,Ray Friel Recreation Complex,1585 Tenth Line Road,Aquafit,Aquafit,Indoors,No,https://ottawa.ca/en/recreation-and-parks/facilities/place-listing/ray-friel-recreation-complex,#,East - Orleans,Swimming,Adult,AM,FALSE
4,Thursday,08:05 - 09:00,Ray Friel Recreation Complex,1585 Tenth Line Road,Aquafit,Aquafit,Indoors,No,https://ottawa.ca/en/recreation-and-parks/facilities/place-listing/ray-friel-recreation-complex,#,East - Orleans,Swimming,Adult,AM,FALSE
4,Thursday,09:05 - 10:00,Ray Friel Recreation Complex,1585 Tenth Line Road,Aquafit,Aquafit,Indoors,No,https://ottawa.ca/en/recreation-and-parks/facilities/place-listing/ray-friel-recreation-complex,#,East - Orleans,Swimming,Adult,AM,FALSE
5,Friday,08:05 - 09:00,Ray Friel Recreation Complex,1585 Tenth Line Road,Aquafit,Aquafit,Indoors,No,https://ottawa.ca/en/recreation-and-parks/facilities/place-listing/ray-friel-recreation-complex,#,East - Orleans,Swimming,Adult,AM,FALSE
5,Friday,09:05 - 10:00,Ray Friel Recreation Complex,1585 Tenth Line Road,Aquafit,Aquafit,Indoors,No,https://ottawa.ca/en/recreation-and-parks/facilities/place-listing/ray-friel-recreation-complex,#,East - Orleans,Swimming,Adult,AM,FALSE
1,Monday,06:00 - 21:00,Ray Friel Recreation Complex,1585 Tenth Line Road,Weight and cardio room,Other,Indoors,No,https://ottawa.ca/en/recreation-and-parks/facilities/place-listing/ray-friel-recreation-complex,#,East - Orleans,Fitness,Adult,"AM, PM, Evening",FALSE
2,Tuesday,06:00 - 21:00,Ray Friel Recreation Complex,1585 Tenth Line Road,Weight and cardio room,Other,Indoors,No,https://ottawa.ca/en/recreation-and-parks/facilities/place-listing/ray-friel-recreation-complex,#,East - Orleans,Fitness,Adult,"AM, PM, Evening",FALSE
3,Wednesday,06:00 - 21:00,Ray Friel Recreation Complex,1585 Tenth Line Road,Weight and cardio room,Other,Indoors,No,https://ottawa.ca/en/recreation-and-parks/facilities/place-listing/ray-friel-recreation-complex,#,East - Orleans,Fitness,Adult,"AM, PM, Evening",FALSE
4,Thursday,06:00 - 21:00,Ray Friel Recreation Complex,1585 Tenth Line Road,Weight and cardio room,Other,Indoors,No,https://ottawa.ca/en/recreation-and-parks/facilities/place-listing/ray-friel-recreation-complex,#,East - Orleans,Fitness,Adult,"AM, PM, Evening",FALSE
5,Friday,06:00 - 21:00,Ray Friel Recreation Complex,1585 Tenth Line Road,Weight and cardio room,Other,Indoors,No,https://ottawa.ca/en/recreation-and-parks/facilities/place-listing/ray-friel-recreation-complex,#,East - Orleans,Fitness,Adult,"AM, PM, Evening",FALSE
6,Saturday,08:00 - 20:00,Ray Friel Recreation Complex,1585 Tenth Line Road,Weight and cardio room,Other,Indoors,No,https://ottawa.ca/en/recreation-and-parks/facilities/place-listing/ray-friel-recreation-complex,#,East - Orleans,Fitness,Adult,"AM, PM, Evening",FALSE
7,Sunday,08:00 - 20:00,Ray Friel Recreation Complex,1585 Tenth Line Road,Weight and cardio room,Other,Indoors,No,https://ottawa.ca/en/recreation-and-parks/facilities/place-listing/ray-friel-recreation-complex,#,East - Orleans,Fitness,Adult,"AM, PM, Evening",FALSE
1,Monday,16:30 - 17:25,Ray Friel Recreation Complex,1585 Tenth Line Road,20 - 20 - 20,Other,Indoors,No,https://ottawa.ca/en/recreation-and-parks/facilities/place-listing/ray-friel-recreation-complex,#,East - Orleans,Group Fitness,Adult,"PM, Evening",FALSE
2,Tuesday,09:30 - 10:25,Ray Friel Recreation Complex,1585 Tenth Line Road,20 - 20 - 20,Other,Indoors,No,https://ottawa.ca/en/recreation-and-parks/facilities/place-listing/ray-friel-recreation-complex,#,East - Orleans,Group Fitness,Adult,AM,FALSE
2,Tuesday,17:30 - 18:25,Ray Friel Recreation Complex,1585 Tenth Line Road,Bootcamp,Other,Indoors,No,https://ottawa.ca/en/recreation-and-parks/facilities/place-listing/ray-friel-recreation-complex,#,East - Orleans,Group Fitness,Adult,Evening,FALSE
5,Friday,16:30 - 17:25,Ray Friel Recreation Complex,1585 Tenth Line Road,Bootcamp,Other,Indoors,No,https://ottawa.ca/en/recreation-and-parks/facilities/place-listing/ray-friel-recreation-complex,#,East - Orleans,Group Fitness,Adult,"PM, Evening",FALSE
5,Friday,17:30 - 18:25,Ray Friel Recreation Complex,1585 Tenth Line Road,Cardio and strength,Other,Indoors,No,https://ottawa.ca/en/recreation-and-parks/facilities/place-listing/ray-friel-recreation-complex,#,East - Orleans,Group Fitness,Adult,Evening,FALSE
7,Sunday,10:15 - 11:10,Ray Friel Recreation Complex,1585 Tenth Line Road,Cardio and strength,Other,Indoors,No,https://ottawa.ca/en/recreation-and-parks/facilities/place-listing/ray-friel-recreation-complex,#,East - Orleans,Group Fitness,Adult,AM,FALSE
1,Monday,13:00 - 13:55,Ray Friel Recreation Complex,1585 Tenth Line Road,Cardio and strength - older adult,Other,Indoors,No,https://ottawa.ca/en/recreation-and-parks/facilities/place-listing/ray-friel-recreation-complex,#,East - Orleans,Group Fitness,50+,PM,FALSE
3,Wednesday,13:00 - 13:55,Ray Friel Recreation Complex,1585 Tenth Line Road,Cardio and strength - older adult,Other,Indoors,No,https://ottawa.ca/en/recreation-and-parks/facilities/place-listing/ray-friel-recreation-complex,#,East - Orleans,Group Fitness,50+,PM,FALSE
4,Thursday,16:30 - 17:25,Ray Friel Recreation Complex,1585 Tenth Line Road,Core conditioning,Other,Indoors,No,https://ottawa.ca/en/recreation-and-parks/facilities/place-listing/ray-friel-recreation-complex,#,East - Orleans,Group Fitness,Adult,"PM, Evening",FALSE
3,Wednesday,16:30 - 17:25,Ray Friel Recreation Complex,1585 Tenth Line Road,HIIT,Other,Indoors,No,https://ottawa.ca/en/recreation-and-parks/facilities/place-listing/ray-friel-recreation-complex,#,East - Orleans,Group Fitness,Adult,"PM, Evening",FALSE
1,Monday,18:30 - 19:25,Ray Friel Recreation Complex,1585 Tenth Line Road,Indoor cycling,Other,Indoors,No,https://ottawa.ca/en/recreation-and-parks/facilities/place-listing/ray-friel-recreation-complex,#,East - Orleans,Group Fitness,Adult,Evening,FALSE
2,Tuesday,18:30 - 19:25,Ray Friel Recreation Complex,1585 Tenth Line Road,Indoor cycling,Other,Indoors,No,https://ottawa.ca/en/recreation-and-parks/facilities/place-listing/ray-friel-recreation-complex,#,East - Orleans,Group Fitness,Adult,Evening,FALSE
3,Wednesday,18:30 - 19:25,Ray Friel Recreation Complex,1585 Tenth Line Road,Indoor cycling,Other,Indoors,No,https://ottawa.ca/en/recreation-and-parks/facilities/place-listing/ray-friel-recreation-complex,#,East - Orleans,Group Fitness,Adult,Evening,FALSE
4,Thursday,18:30 - 19:25,Ray Friel Recreation Complex,1585 Tenth Line Road,Indoor cycling,Other,Indoors,No,https://ottawa.ca/en/recreation-and-parks/facilities/place-listing/ray-friel-recreation-complex,#,East - Orleans,Group Fitness,Adult,Evening,FALSE
5,Friday,09:00 - 09:55,Ray Friel Recreation Complex,1585 Tenth Line Road,Indoor cycling,Other,Indoors,No,https://ottawa.ca/en/recreation-and-parks/facilities/place-listing/ray-friel-recreation-complex,#,East - Orleans,Group Fitness,Adult,AM,FALSE
6,Saturday,09:15 - 10:10,Ray Friel Recreation Complex,1585 Tenth Line Road,Indoor cycling,Other,Indoors,No,https://ottawa.ca/en/recreation-and-parks/facilities/place-listing/ray-friel-recreation-complex,#,East - Orleans,Group Fitness,Adult,AM,FALSE
1,Monday,09:00 - 09:55,Ray Friel Recreation Complex,1585 Tenth Line Road,Pilates,Other,Indoors,No,https://ottawa.ca/en/recreation-and-parks/facilities/place-listing/ray-friel-recreation-complex,#,East - Orleans,Group Fitness,Adult,AM,FALSE
1,Monday,17:30 - 18:25,Ray Friel Recreation Complex,1585 Tenth Line Road,Pilates,Other,Indoors,No,https://ottawa.ca/en/recreation-and-parks/facilities/place-listing/ray-friel-recreation-complex,#,East - Orleans,Group Fitness,Adult,Evening,FALSE
3,Wednesday,09:30 - 10:25,Ray Friel Recreation Complex,1585 Tenth Line Road,Pilates,Other,Indoors,No,https://ottawa.ca/en/recreation-and-parks/facilities/place-listing/ray-friel-recreation-complex,#,East - Orleans,Group Fitness,Adult,AM,FALSE
5,Friday,09:00 - 09:55,Ray Friel Recreation Complex,1585 Tenth Line Road,Pilates,Other,Indoors,No,https://ottawa.ca/en/recreation-and-parks/facilities/place-listing/ray-friel-recreation-complex,#,East - Orleans,Group Fitness,Adult,AM,FALSE
6,Saturday,09:00 - 10:00,Ray Friel Recreation Complex,1585 Tenth Line Road,Sport conditioning,Other,Indoors,No,https://ottawa.ca/en/recreation-and-parks/facilities/place-listing/ray-friel-recreation-complex,#,East - Orleans,Group Fitness,Adult,AM,FALSE
4,Thursday,17:30 - 18:25,Ray Friel Recreation Complex,1585 Tenth Line Road,Strength,Other,Indoors,No,https://ottawa.ca/en/recreation-and-parks/facilities/place-listing/ray-friel-recreation-complex,#,East - Orleans,Group Fitness,Adult,Evening,FALSE
5,Friday,11:30 - 12:25,Ray Friel Recreation Complex,1585 Tenth Line Road,Strength,Other,Indoors,No,https://ottawa.ca/en/recreation-and-parks/facilities/place-listing/ray-friel-recreation-complex,#,East - Orleans,Group Fitness,Adult,"AM, PM",FALSE
1,Monday,14:00 - 14:55,Ray Friel Recreation Complex,1585 Tenth Line Road,Strength and balance - older adult,Other,Indoors,No,https://ottawa.ca/en/recreation-and-parks/facilities/place-listing/ray-friel-recreation-complex,#,East - Orleans,Group Fitness,50+,PM,FALSE
3,Wednesday,14:00 - 14:55,Ray Friel Recreation Complex,1585 Tenth Line Road,Strength and balance - older adult,Other,Indoors,No,https://ottawa.ca/en/recreation-and-parks/facilities/place-listing/ray-friel-recreation-complex,#,East - Orleans,Group Fitness,50+,PM,FALSE
5,Friday,14:00 - 14:55,Ray Friel Recreation Complex,1585 Tenth Line Road,Strength and balance - older adult,Other,Indoors,No,https://ottawa.ca/en/recreation-and-parks/facilities/place-listing/ray-friel-recreation-complex,#,East - Orleans,Group Fitness,50+,PM,FALSE
7,Sunday,11:30 - 12:25,Ray Friel Recreation Complex,1585 Tenth Line Road,Step and strength,Other,Indoors,No,https://ottawa.ca/en/recreation-and-parks/facilities/place-listing/ray-friel-recreation-complex,#,East - Orleans,Group Fitness,Adult,"AM, PM",FALSE
2,Tuesday,08:30 - 09:25,Ray Friel Recreation Complex,1585 Tenth Line Road,TMC,Other,Indoors,No,https://ottawa.ca/en/recreation-and-parks/facilities/place-listing/ray-friel-recreation-complex,#,East - Orleans,Group Fitness,Adult,AM,FALSE
2,Tuesday,16:30 - 17:25,Ray Friel Recreation Complex,1585 Tenth Line Road,TRX,Other,Indoors,No,https://ottawa.ca/en/recreation-and-parks/facilities/place-listing/ray-friel-recreation-complex,#,East - Orleans,Group Fitness,Adult,"PM, Evening",FALSE
2,Tuesday,11:30 - 12:25,Ray Friel Recreation Complex,1585 Tenth Line Road,Yin Yoga,Other,Indoors,No,https://ottawa.ca/en/recreation-and-parks/facilities/place-listing/ray-friel-recreation-complex,#,East - Orleans,Group Fitness,Adult,"AM, PM",FALSE
3,Wednesday,10:30 - 11:25,Ray Friel Recreation Complex,1585 Tenth Line Road,Yin Yoga,Other,Indoors,No,https://ottawa.ca/en/recreation-and-parks/facilities/place-listing/ray-friel-recreation-complex,#,East - Orleans,Group Fitness,Adult,AM,FALSE
4,Thursday,11:00 - 11:55,Ray Friel Recreation Complex,1585 Tenth Line Road,Yoga - QiGong,Other,Indoors,No,https://ottawa.ca/en/recreation-and-parks/facilities/place-listing/ray-friel-recreation-complex,#,East - Orleans,Group Fitness,Adult,AM,FALSE
1,Monday,10:00 - 10:55,Ray Friel Recreation Complex,1585 Tenth Line Road,Yoga,Other,Indoors,No,https://ottawa.ca/en/recreation-and-parks/facilities/place-listing/ray-friel-recreation-complex,#,East - Orleans,Group Fitness,Adult,AM,FALSE
2,Tuesday,18:30 - 19:25,Ray Friel Recreation Complex,1585 Tenth Line Road,Yoga,Other,Indoors,No,https://ottawa.ca/en/recreation-and-parks/facilities/place-listing/ray-friel-recreation-complex,#,East - Orleans,Group Fitness,Adult,Evening,FALSE
3,Wednesday,19:30 - 20:25,Ray Friel Recreation Complex,1585 Tenth Line Road,Yoga,Other,Indoors,No,https://ottawa.ca/en/recreation-and-parks/facilities/place-listing/ray-friel-recreation-complex,#,East - Orleans,Group Fitness,Adult,Evening,FALSE
5,Friday,10:15 - 11:10,Ray Friel Recreation Complex,1585 Tenth Line Road,Yoga,Other,Indoors,No,https://ottawa.ca/en/recreation-and-parks/facilities/place-listing/ray-friel-recreation-complex,#,East - Orleans,Group Fitness,Adult,AM,FALSE
5,Friday,18:30 - 19:25,Ray Friel Recreation Complex,1585 Tenth Line Road,Yoga,Other,Indoors,No,https://ottawa.ca/en/recreation-and-parks/facilities/place-listing/ray-friel-recreation-complex,#,East - Orleans,Group Fitness,Adult,Evening,FALSE
6,Saturday,10:15 - 11:10,Ray Friel Recreation Complex,1585 Tenth Line Road,Yoga,Other,Indoors,No,https://ottawa.ca/en/recreation-and-parks/facilities/place-listing/ray-friel-recreation-complex,#,East - Orleans,Group Fitness,Adult,AM,FALSE
2,Tuesday,10:30 - 11:25,Ray Friel Recreation Complex,1585 Tenth Line Road,Yoga - older adult,Other,Indoors,No,https://ottawa.ca/en/recreation-and-parks/facilities/place-listing/ray-friel-recreation-complex,#,East - Orleans,Group Fitness,50+,AM,FALSE
4,Thursday,12:00 - 12:55,Ray Friel Recreation Complex,1585 Tenth Line Road,Yoga - older adult,Other,Indoors,No,https://ottawa.ca/en/recreation-and-parks/facilities/place-listing/ray-friel-recreation-complex,#,East - Orleans,Group Fitness,50+,PM,FALSE
1,Monday,18:30 - 19:25,Ray Friel Recreation Complex,1585 Tenth Line Road,Zumba®,Other,Indoors,No,https://ottawa.ca/en/recreation-and-parks/facilities/place-listing/ray-friel-recreation-complex,#,East - Orleans,Group Fitness,Adult,Evening,FALSE
5,Friday,13:00 - 13:55,Ray Friel Recreation Complex,1585 Tenth Line Road,Zumba® Gold,Other,Indoors,No,https://ottawa.ca/en/recreation-and-parks/facilities/place-listing/ray-friel-recreation-complex,#,East - Orleans,Group Fitness,50+,PM,FALSE
2,Tuesday,19:00 - 19:50,Ray Friel Recreation Complex,1585 Tenth Line Road,Public skating,Other,Indoors,Yes,https://ottawa.ca/en/recreation-and-parks/facilities/place-listing/ray-friel-recreation-complex,https://reservation.frontdesksuite.ca/rcfs/rayfriel/Home/Index?Culture=en&PageId=ab502679-d74d-40e9-ad5b-b2d910d058e2,East - Orleans,Skating,"Preschool, Children, Youth, Adult",Evening,FALSE
5,Friday,10:00 - 11:50,Ray Friel Recreation Complex,1585 Tenth Line Road,Public skating,Other,Indoors,Yes,https://ottawa.ca/en/recreation-and-parks/facilities/place-listing/ray-friel-recreation-complex,https://reservation.frontdesksuite.ca/rcfs/rayfriel/Home/Index?Culture=en&PageId=ab502679-d74d-40e9-ad5b-b2d910d058e2,East - Orleans,Skating,"Preschool, Children, Youth, Adult",AM,FALSE
6,Saturday,12:00 - 12:50,Ray Friel Recreation Complex,1585 Tenth Line Road,Public skating,Other,Indoors,Yes,https://ottawa.ca/en/recreation-and-parks/facilities/place-listing/ray-friel-recreation-complex,https://reservation.frontdesksuite.ca/rcfs/rayfriel/Home/Index?Culture=en&PageId=ab502679-d74d-40e9-ad5b-b2d910d058e2,East - Orleans,Skating,"Preschool, Children, Youth, Adult",PM,TRUE
7,Sunday,17:00 - 18:50,Ray Friel Recreation Complex,1585 Tenth Line Road,Public skating,Other,Indoors,Yes,https://ottawa.ca/en/recreation-and-parks/facilities/place-listing/ray-friel-recreation-complex,https://reservation.frontdesksuite.ca/rcfs/rayfriel/Home/Index?Culture=en&PageId=ab502679-d74d-40e9-ad5b-b2d910d058e2,East - Orleans,Skating,"Preschool, Children, Youth, Adult",Evening,FALSE
1,Monday,12:00 - 12:50,Ray Friel Recreation Complex,1585 Tenth Line Road,Pick- up hockey 18+,Other,Indoors,Yes,https://ottawa.ca/en/recreation-and-parks/facilities/place-listing/ray-friel-recreation-complex,https://reservation.frontdesksuite.ca/rcfs/rayfriel/Home/Index?Culture=en&PageId=ab502679-d74d-40e9-ad5b-b2d910d058e2,East - Orleans,Skating,Adult,PM,FALSE
1,Monday,13:00 - 13:50,Ray Friel Recreation Complex,1585 Tenth Line Road,Pick- up hockey 18+,Other,Indoors,Yes,https://ottawa.ca/en/recreation-and-parks/facilities/place-listing/ray-friel-recreation-complex,https://reservation.frontdesksuite.ca/rcfs/rayfriel/Home/Index?Culture=en&PageId=ab502679-d74d-40e9-ad5b-b2d910d058e2,East - Orleans,Skating,Adult,PM,FALSE
2,Tuesday,12:00 - 12:50,Ray Friel Recreation Complex,1585 Tenth Line Road,Pick- up hockey 18+,Other,Indoors,Yes,https://ottawa.ca/en/recreation-and-parks/facilities/place-listing/ray-friel-recreation-complex,https://reservation.frontdesksuite.ca/rcfs/rayfriel/Home/Index?Culture=en&PageId=ab502679-d74d-40e9-ad5b-b2d910d058e2,East - Orleans,Skating,Adult,PM,FALSE
2,Tuesday,13:00 - 13:50,Ray Friel Recreation Complex,1585 Tenth Line Road,Pick- up hockey 18+,Other,Indoors,Yes,https://ottawa.ca/en/recreation-and-parks/facilities/place-listing/ray-friel-recreation-complex,https://reservation.frontdesksuite.ca/rcfs/rayfriel/Home/Index?Culture=en&PageId=ab502679-d74d-40e9-ad5b-b2d910d058e2,East - Orleans,Skating,Adult,PM,FALSE
3,Wednesday,12:00 - 12:50,Ray Friel Recreation Complex,1585 Tenth Line Road,Pick- up hockey 18+,Other,Indoors,Yes,https://ottawa.ca/en/recreation-and-parks/facilities/place-listing/ray-friel-recreation-complex,https://reservation.frontdesksuite.ca/rcfs/rayfriel/Home/Index?Culture=en&PageId=ab502679-d74d-40e9-ad5b-b2d910d058e2,East - Orleans,Skating,Adult,PM,FALSE
3,Wednesday,13:00 - 13:50,Ray Friel Recreation Complex,1585 Tenth Line Road,Pick- up hockey 18+,Other,Indoors,Yes,https://ottawa.ca/en/recreation-and-parks/facilities/place-listing/ray-friel-recreation-complex,https://reservation.frontdesksuite.ca/rcfs/rayfriel/Home/Index?Culture=en&PageId=ab502679-d74d-40e9-ad5b-b2d910d058e2,East - Orleans,Skating,Adult,PM,FALSE
4,Thursday,12:00 - 12:50,Ray Friel Recreation Complex,1585 Tenth Line Road,Pick- up hockey 18+,Other,Indoors,Yes,https://ottawa.ca/en/recreation-and-parks/facilities/place-listing/ray-friel-recreation-complex,https://reservation.frontdesksuite.ca/rcfs/rayfriel/Home/Index?Culture=en&PageId=ab502679-d74d-40e9-ad5b-b2d910d058e2,East - Orleans,Skating,Adult,PM,FALSE
4,Thursday,13:00 - 13:50,Ray Friel Recreation Complex,1585 Tenth Line Road,Pick- up hockey 18+,Other,Indoors,Yes,https://ottawa.ca/en/recreation-and-parks/facilities/place-listing/ray-friel-recreation-complex,https://reservation.frontdesksuite.ca/rcfs/rayfriel/Home/Index?Culture=en&PageId=ab502679-d74d-40e9-ad5b-b2d910d058e2,East - Orleans,Skating,Adult,PM,FALSE
5,Friday,12:00 - 12:50,Ray Friel Recreation Complex,1585 Tenth Line Road,Pick- up hockey 18+,Other,Indoors,Yes,https://ottawa.ca/en/recreation-and-parks/facilities/place-listing/ray-friel-recreation-complex,https://reservation.frontdesksuite.ca/rcfs/rayfriel/Home/Index?Culture=en&PageId=ab502679-d74d-40e9-ad5b-b2d910d058e2,East - Orleans,Skating,Adult,PM,FALSE
5,Friday,13:00 - 13:50,Ray Friel Recreation Complex,1585 Tenth Line Road,Pick- up hockey 18+,Other,Indoors,Yes,https://ottawa.ca/en/recreation-and-parks/facilities/place-listing/ray-friel-recreation-complex,https://reservation.frontdesksuite.ca/rcfs/rayfriel/Home/Index?Culture=en&PageId=ab502679-d74d-40e9-ad5b-b2d910d058e2,East - Orleans,Skating,Adult,PM,FALSE
1,Monday,06:00 - 22:00,Richcraft Recreation Complex-Kanata,4101 Innovation Drive,Weight and cardio room,Other,Indoors,No,https://ottawa.ca/en/recreation-and-parks/facilities/place-listing/richcraft-recreation-complex-kanata,#,West - Kanata,Fitness,Adult,"AM, PM, Evening",FALSE
2,Tuesday,06:00 - 22:00,Richcraft Recreation Complex-Kanata,4101 Innovation Drive,Weight and cardio room,Other,Indoors,No,https://ottawa.ca/en/recreation-and-parks/facilities/place-listing/richcraft-recreation-complex-kanata,#,West - Kanata,Fitness,Adult,"AM, PM, Evening",FALSE
3,Wednesday,06:00 - 22:00,Richcraft Recreation Complex-Kanata,4101 Innovation Drive,Weight and cardio room,Other,Indoors,No,https://ottawa.ca/en/recreation-and-parks/facilities/place-listing/richcraft-recreation-complex-kanata,#,West - Kanata,Fitness,Adult,"AM, PM, Evening",FALSE
4,Thursday,06:00 - 22:00,Richcraft Recreation Complex-Kanata,4101 Innovation Drive,Weight and cardio room,Other,Indoors,No,https://ottawa.ca/en/recreation-and-parks/facilities/place-listing/richcraft-recreation-complex-kanata,#,West - Kanata,Fitness,Adult,"AM, PM, Evening",FALSE
5,Friday,06:00 - 21:00,Richcraft Recreation Complex-Kanata,4101 Innovation Drive,Weight and cardio room,Other,Indoors,No,https://ottawa.ca/en/recreation-and-parks/facilities/place-listing/richcraft-recreation-complex-kanata,#,West - Kanata,Fitness,Adult,"AM, PM, Evening",FALSE
6,Saturday,08:00 - 20:00,Richcraft Recreation Complex-Kanata,4101 Innovation Drive,Weight and cardio room,Other,Indoors,No,https://ottawa.ca/en/recreation-and-parks/facilities/place-listing/richcraft-recreation-complex-kanata,#,West - Kanata,Fitness,Adult,"AM, PM, Evening",FALSE
7,Sunday,08:00 - 20:00,Richcraft Recreation Complex-Kanata,4101 Innovation Drive,Weight and cardio room,Other,Indoors,No,https://ottawa.ca/en/recreation-and-parks/facilities/place-listing/richcraft-recreation-complex-kanata,#,West - Kanata,Fitness,Adult,"AM, PM, Evening",FALSE
1,Monday,07:30 - 08:30,Richcraft Recreation Complex-Kanata,4101 Innovation Drive,Bootcamp,Other,Indoors,Yes,https://ottawa.ca/en/recreation-and-parks/facilities/place-listing/richcraft-recreation-complex-kanata,https://reservation.frontdesksuite.ca/rcfs/richcraftkanata/Home/Index?Culture=en&PageId=b3b9b36f-8401-466d-b4c4-19eb5547b43a,West - Kanata,Group Fitness,Adult,AM,FALSE
3,Wednesday,07:30 - 08:30,Richcraft Recreation Complex-Kanata,4101 Innovation Drive,Bootcamp,Other,Indoors,Yes,https://ottawa.ca/en/recreation-and-parks/facilities/place-listing/richcraft-recreation-complex-kanata,https://reservation.frontdesksuite.ca/rcfs/richcraftkanata/Home/Index?Culture=en&PageId=b3b9b36f-8401-466d-b4c4-19eb5547b43a,West - Kanata,Group Fitness,Adult,AM,FALSE
1,Monday,18:15 - 19:15,Richcraft Recreation Complex-Kanata,4101 Innovation Drive,Cardio and strength,Other,Indoors,Yes,https://ottawa.ca/en/recreation-and-parks/facilities/place-listing/richcraft-recreation-complex-kanata,https://reservation.frontdesksuite.ca/rcfs/richcraftkanata/Home/Index?Culture=en&PageId=b3b9b36f-8401-466d-b4c4-19eb5547b43a,West - Kanata,Group Fitness,Adult,Evening,FALSE
4,Thursday,18:15 - 19:15,Richcraft Recreation Complex-Kanata,4101 Innovation Drive,Cardio and strength,Other,Indoors,Yes,https://ottawa.ca/en/recreation-and-parks/facilities/place-listing/richcraft-recreation-complex-kanata,https://reservation.frontdesksuite.ca/rcfs/richcraftkanata/Home/Index?Culture=en&PageId=b3b9b36f-8401-466d-b4c4-19eb5547b43a,West - Kanata,Group Fitness,Adult,Evening,FALSE
3,Wednesday,09:30 - 10:30,Richcraft Recreation Complex-Kanata,4101 Innovation Drive,Cardio 50+,Other,Indoors,Yes,https://ottawa.ca/en/recreation-and-parks/facilities/place-listing/richcraft-recreation-complex-kanata,https://reservation.frontdesksuite.ca/rcfs/richcraftkanata/Home/Index?Culture=en&PageId=b3b9b36f-8401-466d-b4c4-19eb5547b43a,West - Kanata,Group Fitness,50+,AM,FALSE
1,Monday,15:00 - 16:00,Richcraft Recreation Complex-Kanata,4101 Innovation Drive,Chair Exercise (Heartwise) - 50+,Other,Indoors,Yes,https://ottawa.ca/en/recreation-and-parks/facilities/place-listing/richcraft-recreation-complex-kanata,https://reservation.frontdesksuite.ca/rcfs/richcraftkanata/Home/Index?Culture=en&PageId=b3b9b36f-8401-466d-b4c4-19eb5547b43a,West - Kanata,Other,50+,PM,FALSE
1,Monday,16:15 - 17:15,Richcraft Recreation Complex-Kanata,4101 Innovation Drive,Core Conditioning,Other,Indoors,Yes,https://ottawa.ca/en/recreation-and-parks/facilities/place-listing/richcraft-recreation-complex-kanata,https://reservation.frontdesksuite.ca/rcfs/richcraftkanata/Home/Index?Culture=en&PageId=b3b9b36f-8401-466d-b4c4-19eb5547b43a,West - Kanata,Group Fitness,Adult,"PM, Evening",FALSE
4,Thursday,06:30 - 07:30,Richcraft Recreation Complex-Kanata,4101 Innovation Drive,Indoor cycling,Other,Indoors,Yes,https://ottawa.ca/en/recreation-and-parks/facilities/place-listing/richcraft-recreation-complex-kanata,https://reservation.frontdesksuite.ca/rcfs/richcraftkanata/Home/Index?Culture=en&PageId=b3b9b36f-8401-466d-b4c4-19eb5547b43a,West - Kanata,Group Fitness,Adult,AM,FALSE
7,Sunday,09:00 - 10:00,Richcraft Recreation Complex-Kanata,4101 Innovation Drive,Indoor cycling,Other,Indoors,Yes,https://ottawa.ca/en/recreation-and-parks/facilities/place-listing/richcraft-recreation-complex-kanata,https://reservation.frontdesksuite.ca/rcfs/richcraftkanata/Home/Index?Culture=en&PageId=b3b9b36f-8401-466d-b4c4-19eb5547b43a,West - Kanata,Group Fitness,Adult,AM,FALSE
3,Wednesday,10:45 - 11:45,Richcraft Recreation Complex-Kanata,4101 Innovation Drive,Pilates,Other,Indoors,Yes,https://ottawa.ca/en/recreation-and-parks/facilities/place-listing/richcraft-recreation-complex-kanata,https://reservation.frontdesksuite.ca/rcfs/richcraftkanata/Home/Index?Culture=en&PageId=b3b9b36f-8401-466d-b4c4-19eb5547b43a,West - Kanata,Group Fitness,Adult,AM,FALSE
5,Friday,11:30 - 12:30,Richcraft Recreation Complex-Kanata,4101 Innovation Drive,Pilates,Other,Indoors,Yes,https://ottawa.ca/en/recreation-and-parks/facilities/place-listing/richcraft-recreation-complex-kanata,https://reservation.frontdesksuite.ca/rcfs/richcraftkanata/Home/Index?Culture=en&PageId=b3b9b36f-8401-466d-b4c4-19eb5547b43a,West - Kanata,Group Fitness,Adult,"AM, PM",FALSE
1,Monday,17:30 - 18:30,Richcraft Recreation Complex-Kanata,4101 Innovation Drive,Strength,Other,Indoors,Yes,https://ottawa.ca/en/recreation-and-parks/facilities/place-listing/richcraft-recreation-complex-kanata,https://reservation.frontdesksuite.ca/rcfs/richcraftkanata/Home/Index?Culture=en&PageId=b3b9b36f-8401-466d-b4c4-19eb5547b43a,West - Kanata,Group Fitness,Adult,Evening,FALSE
7,Sunday,10:00 - 11:00,Richcraft Recreation Complex-Kanata,4101 Innovation Drive,TRX,Other,Indoors,Yes,https://ottawa.ca/en/recreation-and-parks/facilities/place-listing/richcraft-recreation-complex-kanata,https://reservation.frontdesksuite.ca/rcfs/richcraftkanata/Home/Index?Culture=en&PageId=b3b9b36f-8401-466d-b4c4-19eb5547b43a,West - Kanata,Group Fitness,Adult,AM,FALSE
3,Wednesday,14:30 - 15:30,Richcraft Recreation Complex-Kanata,4101 Innovation Drive,Yoga,Other,Indoors,Yes,https://ottawa.ca/en/recreation-and-parks/facilities/place-listing/richcraft-recreation-complex-kanata,https://reservation.frontdesksuite.ca/rcfs/richcraftkanata/Home/Index?Culture=en&PageId=b3b9b36f-8401-466d-b4c4-19eb5547b43a,West - Kanata,Group Fitness,Adult,PM,FALSE
7,Sunday,12:45 - 13:45,Richcraft Recreation Complex-Kanata,4101 Innovation Drive,Yoga,Other,Indoors,Yes,https://ottawa.ca/en/recreation-and-parks/facilities/place-listing/richcraft-recreation-complex-kanata,https://reservation.frontdesksuite.ca/rcfs/richcraftkanata/Home/Index?Culture=en&PageId=b3b9b36f-8401-466d-b4c4-19eb5547b43a,West - Kanata,Group Fitness,Adult,PM,FALSE
1,Monday,18:45 - 19:45,Richcraft Recreation Complex-Kanata,4101 Innovation Drive,Yoga - Hatha,Other,Indoors,Yes,https://ottawa.ca/en/recreation-and-parks/facilities/place-listing/richcraft-recreation-complex-kanata,https://reservation.frontdesksuite.ca/rcfs/richcraftkanata/Home/Index?Culture=en&PageId=b3b9b36f-8401-466d-b4c4-19eb5547b43a,West - Kanata,Group Fitness,Adult,Evening,FALSE
3,Wednesday,19:30 - 20:30,Richcraft Recreation Complex-Kanata,4101 Innovation Drive,Yoga - Hatha,Other,Indoors,Yes,https://ottawa.ca/en/recreation-and-parks/facilities/place-listing/richcraft-recreation-complex-kanata,https://reservation.frontdesksuite.ca/rcfs/richcraftkanata/Home/Index?Culture=en&PageId=b3b9b36f-8401-466d-b4c4-19eb5547b43a,West - Kanata,Group Fitness,Adult,Evening,FALSE
4,Thursday,09:30 - 10:30,Richcraft Recreation Complex-Kanata,4101 Innovation Drive,Yoga - Hatha,Other,Indoors,Yes,https://ottawa.ca/en/recreation-and-parks/facilities/place-listing/richcraft-recreation-complex-kanata,https://reservation.frontdesksuite.ca/rcfs/richcraftkanata/Home/Index?Culture=en&PageId=b3b9b36f-8401-466d-b4c4-19eb5547b43a,West - Kanata,Group Fitness,Adult,AM,FALSE
1,Monday,20:00 - 21:00,Richcraft Recreation Complex-Kanata,4101 Innovation Drive,Yoga - Yin,Other,Indoors,Yes,https://ottawa.ca/en/recreation-and-parks/facilities/place-listing/richcraft-recreation-complex-kanata,https://reservation.frontdesksuite.ca/rcfs/richcraftkanata/Home/Index?Culture=en&PageId=b3b9b36f-8401-466d-b4c4-19eb5547b43a,West - Kanata,Group Fitness,Adult,Evening,FALSE
3,Wednesday,15:45 - 16:45,Richcraft Recreation Complex-Kanata,4101 Innovation Drive,Yoga - Yin,Other,Indoors,Yes,https://ottawa.ca/en/recreation-and-parks/facilities/place-listing/richcraft-recreation-complex-kanata,https://reservation.frontdesksuite.ca/rcfs/richcraftkanata/Home/Index?Culture=en&PageId=b3b9b36f-8401-466d-b4c4-19eb5547b43a,West - Kanata,Group Fitness,Adult,PM,FALSE
4,Thursday,10:45 - 11:45,Richcraft Recreation Complex-Kanata,4101 Innovation Drive,Yoga - Yin,Other,Indoors,Yes,https://ottawa.ca/en/recreation-and-parks/facilities/place-listing/richcraft-recreation-complex-kanata,https://reservation.frontdesksuite.ca/rcfs/richcraftkanata/Home/Index?Culture=en&PageId=b3b9b36f-8401-466d-b4c4-19eb5547b43a,West - Kanata,Group Fitness,Adult,AM,FALSE
3,Wednesday,13:15 - 14:15,Richcraft Recreation Complex-Kanata,4101 Innovation Drive,Yoga Chair (Heartwise) - 50+,Other,Indoors,Yes,https://ottawa.ca/en/recreation-and-parks/facilities/place-listing/richcraft-recreation-complex-kanata,https://reservation.frontdesksuite.ca/rcfs/richcraftkanata/Home/Index?Culture=en&PageId=b3b9b36f-8401-466d-b4c4-19eb5547b43a,West - Kanata,Group Fitness,50+,PM,FALSE
1,Monday,19:30 - 20:30,Richcraft Recreation Complex-Kanata,4101 Innovation Drive,Zumba®,Other,Indoors,Yes,https://ottawa.ca/en/recreation-and-parks/facilities/place-listing/richcraft-recreation-complex-kanata,https://reservation.frontdesksuite.ca/rcfs/richcraftkanata/Home/Index?Culture=en&PageId=b3b9b36f-8401-466d-b4c4-19eb5547b43a,West - Kanata,Group Fitness,Adult,Evening,FALSE
2,Tuesday,09:30 - 10:30,Richcraft Recreation Complex-Kanata,4101 Innovation Drive,Zumba®,Other,Indoors,Yes,https://ottawa.ca/en/recreation-and-parks/facilities/place-listing/richcraft-recreation-complex-kanata,https://reservation.frontdesksuite.ca/rcfs/richcraftkanata/Home/Index?Culture=en&PageId=b3b9b36f-8401-466d-b4c4-19eb5547b43a,West - Kanata,Group Fitness,Adult,AM,FALSE
3,Wednesday,17:00 - 18:00,Richcraft Recreation Complex-Kanata,4101 Innovation Drive,Zumba®,Other,Indoors,Yes,https://ottawa.ca/en/recreation-and-parks/facilities/place-listing/richcraft-recreation-complex-kanata,https://reservation.frontdesksuite.ca/rcfs/richcraftkanata/Home/Index?Culture=en&PageId=b3b9b36f-8401-466d-b4c4-19eb5547b43a,West - Kanata,Group Fitness,Adult,Evening,FALSE
3,Wednesday,18:15 - 19:15,Richcraft Recreation Complex-Kanata,4101 Innovation Drive,Zumba®,Other,Indoors,Yes,https://ottawa.ca/en/recreation-and-parks/facilities/place-listing/richcraft-recreation-complex-kanata,https://reservation.frontdesksuite.ca/rcfs/richcraftkanata/Home/Index?Culture=en&PageId=b3b9b36f-8401-466d-b4c4-19eb5547b43a,West - Kanata,Group Fitness,Adult,Evening,FALSE
4,Thursday,09:30 - 10:30,Richcraft Recreation Complex-Kanata,4101 Innovation Drive,Zumba®,Other,Indoors,Yes,https://ottawa.ca/en/recreation-and-parks/facilities/place-listing/richcraft-recreation-complex-kanata,https://reservation.frontdesksuite.ca/rcfs/richcraftkanata/Home/Index?Culture=en&PageId=b3b9b36f-8401-466d-b4c4-19eb5547b43a,West - Kanata,Group Fitness,Adult,AM,FALSE
5,Friday,18:00 - 19:00,Richcraft Recreation Complex-Kanata,4101 Innovation Drive,Zumba®,Other,Indoors,Yes,https://ottawa.ca/en/recreation-and-parks/facilities/place-listing/richcraft-recreation-complex-kanata,https://reservation.frontdesksuite.ca/rcfs/richcraftkanata/Home/Index?Culture=en&PageId=b3b9b36f-8401-466d-b4c4-19eb5547b43a,West - Kanata,Group Fitness,Adult,Evening,FALSE
5,Friday,19:15 - 20:15,Richcraft Recreation Complex-Kanata,4101 Innovation Drive,Zumba®,Other,Indoors,Yes,https://ottawa.ca/en/recreation-and-parks/facilities/place-listing/richcraft-recreation-complex-kanata,https://reservation.frontdesksuite.ca/rcfs/richcraftkanata/Home/Index?Culture=en&PageId=b3b9b36f-8401-466d-b4c4-19eb5547b43a,West - Kanata,Group Fitness,Adult,Evening,FALSE
6,Saturday,09:30 - 10:30,Richcraft Recreation Complex-Kanata,4101 Innovation Drive,Zumba®,Other,Indoors,Yes,https://ottawa.ca/en/recreation-and-parks/facilities/place-listing/richcraft-recreation-complex-kanata,https://reservation.frontdesksuite.ca/rcfs/richcraftkanata/Home/Index?Culture=en&PageId=b3b9b36f-8401-466d-b4c4-19eb5547b43a,West - Kanata,Group Fitness,Adult,AM,FALSE
1,Monday,09:30 - 10:30,Richcraft Recreation Complex-Kanata,4101 Innovation Drive,Zumba® Gold,Other,Indoors,Yes,https://ottawa.ca/en/recreation-and-parks/facilities/place-listing/richcraft-recreation-complex-kanata,https://reservation.frontdesksuite.ca/rcfs/richcraftkanata/Home/Index?Culture=en&PageId=b3b9b36f-8401-466d-b4c4-19eb5547b43a,West - Kanata,Group Fitness,50+,AM,FALSE
5,Friday,09:30 - 10:30,Richcraft Recreation Complex-Kanata,4101 Innovation Drive,Zumba® Gold,Other,Indoors,Yes,https://ottawa.ca/en/recreation-and-parks/facilities/place-listing/richcraft-recreation-complex-kanata,https://reservation.frontdesksuite.ca/rcfs/richcraftkanata/Home/Index?Culture=en&PageId=b3b9b36f-8401-466d-b4c4-19eb5547b43a,West - Kanata,Group Fitness,50+,AM,FALSE
2,Tuesday,18:00 - 19:00,Richcraft Recreation Complex-Kanata,4101 Innovation Drive,Zumba® Toning,Other,Indoors,Yes,https://ottawa.ca/en/recreation-and-parks/facilities/place-listing/richcraft-recreation-complex-kanata,https://reservation.frontdesksuite.ca/rcfs/richcraftkanata/Home/Index?Culture=en&PageId=b3b9b36f-8401-466d-b4c4-19eb5547b43a,West - Kanata,Group Fitness,Adult,Evening,FALSE
6,Saturday,10:45 - 11:45,Richcraft Recreation Complex-Kanata,4101 Innovation Drive,Zumba® Toning,Other,Indoors,Yes,https://ottawa.ca/en/recreation-and-parks/facilities/place-listing/richcraft-recreation-complex-kanata,https://reservation.frontdesksuite.ca/rcfs/richcraftkanata/Home/Index?Culture=en&PageId=b3b9b36f-8401-466d-b4c4-19eb5547b43a,West - Kanata,Group Fitness,Adult,AM,FALSE
1,Monday,11:00 - 12:00,Richcraft Recreation Complex-Kanata,4101 Innovation Drive,Badminton doubles - adult,Other,Indoors,Yes,https://ottawa.ca/en/recreation-and-parks/facilities/place-listing/richcraft-recreation-complex-kanata,https://reservation.frontdesksuite.ca/rcfs/richcraftkanata/Home/Index?Culture=en&PageId=b3b9b36f-8401-466d-b4c4-19eb5547b43a,West - Kanata,Racquet Sport,Adult,AM,FALSE
1,Monday,11:15 - 12:15,Richcraft Recreation Complex-Kanata,4101 Innovation Drive,Badminton doubles - adult,Other,Indoors,Yes,https://ottawa.ca/en/recreation-and-parks/facilities/place-listing/richcraft-recreation-complex-kanata,https://reservation.frontdesksuite.ca/rcfs/richcraftkanata/Home/Index?Culture=en&PageId=b3b9b36f-8401-466d-b4c4-19eb5547b43a,West - Kanata,Racquet Sport,Adult,"AM, PM",FALSE
2,Tuesday,14:00 - 15:00,Richcraft Recreation Complex-Kanata,4101 Innovation Drive,Badminton doubles - adult,Other,Indoors,Yes,https://ottawa.ca/en/recreation-and-parks/facilities/place-listing/richcraft-recreation-complex-kanata,https://reservation.frontdesksuite.ca/rcfs/richcraftkanata/Home/Index?Culture=en&PageId=b3b9b36f-8401-466d-b4c4-19eb5547b43a,West - Kanata,Racquet Sport,Adult,PM,FALSE
2,Tuesday,14:30 - 15:30,Richcraft Recreation Complex-Kanata,4101 Innovation Drive,Badminton doubles - adult,Other,Indoors,Yes,https://ottawa.ca/en/recreation-and-parks/facilities/place-listing/richcraft-recreation-complex-kanata,https://reservation.frontdesksuite.ca/rcfs/richcraftkanata/Home/Index?Culture=en&PageId=b3b9b36f-8401-466d-b4c4-19eb5547b43a,West - Kanata,Racquet Sport,Adult,PM,FALSE
3,Wednesday,10:45 - 11:45,Richcraft Recreation Complex-Kanata,4101 Innovation Drive,Badminton doubles - adult,Other,Indoors,Yes,https://ottawa.ca/en/recreation-and-parks/facilities/place-listing/richcraft-recreation-complex-kanata,https://reservation.frontdesksuite.ca/rcfs/richcraftkanata/Home/Index?Culture=en&PageId=b3b9b36f-8401-466d-b4c4-19eb5547b43a,West - Kanata,Racquet Sport,Adult,AM,FALSE
3,Wednesday,11:15 - 12:15,Richcraft Recreation Complex-Kanata,4101 Innovation Drive,Badminton doubles - adult,Other,Indoors,Yes,https://ottawa.ca/en/recreation-and-parks/facilities/place-listing/richcraft-recreation-complex-kanata,https://reservation.frontdesksuite.ca/rcfs/richcraftkanata/Home/Index?Culture=en&PageId=b3b9b36f-8401-466d-b4c4-19eb5547b43a,West - Kanata,Racquet Sport,Adult,"AM, PM",FALSE
4,Thursday,14:00 - 15:00,Richcraft Recreation Complex-Kanata,4101 Innovation Drive,Badminton doubles - adult,Other,Indoors,Yes,https://ottawa.ca/en/recreation-and-parks/facilities/place-listing/richcraft-recreation-complex-kanata,https://reservation.frontdesksuite.ca/rcfs/richcraftkanata/Home/Index?Culture=en&PageId=b3b9b36f-8401-466d-b4c4-19eb5547b43a,West - Kanata,Racquet Sport,Adult,PM,FALSE
4,Thursday,14:30 - 15:30,Richcraft Recreation Complex-Kanata,4101 Innovation Drive,Badminton doubles - adult,Other,Indoors,Yes,https://ottawa.ca/en/recreation-and-parks/facilities/place-listing/richcraft-recreation-complex-kanata,https://reservation.frontdesksuite.ca/rcfs/richcraftkanata/Home/Index?Culture=en&PageId=b3b9b36f-8401-466d-b4c4-19eb5547b43a,West - Kanata,Racquet Sport,Adult,PM,FALSE
5,Friday,11:30 - 12:30,Richcraft Recreation Complex-Kanata,4101 Innovation Drive,Badminton doubles - adult,Other,Indoors,Yes,https://ottawa.ca/en/recreation-and-parks/facilities/place-listing/richcraft-recreation-complex-kanata,https://reservation.frontdesksuite.ca/rcfs/richcraftkanata/Home/Index?Culture=en&PageId=b3b9b36f-8401-466d-b4c4-19eb5547b43a,West - Kanata,Racquet Sport,Adult,"AM, PM",FALSE
5,Friday,12:00 - 13:00,Richcraft Recreation Complex-Kanata,4101 Innovation Drive,Badminton doubles - adult,Other,Indoors,Yes,https://ottawa.ca/en/recreation-and-parks/facilities/place-listing/richcraft-recreation-complex-kanata,https://reservation.frontdesksuite.ca/rcfs/richcraftkanata/Home/Index?Culture=en&PageId=b3b9b36f-8401-466d-b4c4-19eb5547b43a,West - Kanata,Racquet Sport,Adult,PM,FALSE
2,Tuesday,19:30 - 20:30,Richcraft Recreation Complex-Kanata,4101 Innovation Drive,Badminton doubles - all ages,Other,Indoors,Yes,https://ottawa.ca/en/recreation-and-parks/facilities/place-listing/richcraft-recreation-complex-kanata,https://reservation.frontdesksuite.ca/rcfs/richcraftkanata/Home/Index?Culture=en&PageId=b3b9b36f-8401-466d-b4c4-19eb5547b43a,West - Kanata,Racquet Sport,"Preschool, Children, Youth, Adult",Evening,FALSE
4,Thursday,20:30 - 21:30,Richcraft Recreation Complex-Kanata,4101 Innovation Drive,Badminton doubles - all ages,Other,Indoors,Yes,https://ottawa.ca/en/recreation-and-parks/facilities/place-listing/richcraft-recreation-complex-kanata,https://reservation.frontdesksuite.ca/rcfs/richcraftkanata/Home/Index?Culture=en&PageId=b3b9b36f-8401-466d-b4c4-19eb5547b43a,West - Kanata,Racquet Sport,"Preschool, Children, Youth, Adult",Evening,FALSE
7,Sunday,14:00 - 15:00,Richcraft Recreation Complex-Kanata,4101 Innovation Drive,Badminton doubles - all ages,Other,Indoors,Yes,https://ottawa.ca/en/recreation-and-parks/facilities/place-listing/richcraft-recreation-complex-kanata,https://reservation.frontdesksuite.ca/rcfs/richcraftkanata/Home/Index?Culture=en&PageId=b3b9b36f-8401-466d-b4c4-19eb5547b43a,West - Kanata,Racquet Sport,"Preschool, Children, Youth, Adult",PM,FALSE
7,Sunday,15:00 - 16:00,Richcraft Recreation Complex-Kanata,4101 Innovation Drive,Badminton doubles - all ages,Other,Indoors,Yes,https://ottawa.ca/en/recreation-and-parks/facilities/place-listing/richcraft-recreation-complex-kanata,https://reservation.frontdesksuite.ca/rcfs/richcraftkanata/Home/Index?Culture=en&PageId=b3b9b36f-8401-466d-b4c4-19eb5547b43a,West - Kanata,Racquet Sport,"Preschool, Children, Youth, Adult",PM,FALSE
4,Thursday,19:30 - 20:30,Richcraft Recreation Complex-Kanata,4101 Innovation Drive,Badminton - family,Other,Indoors,Yes,https://ottawa.ca/en/recreation-and-parks/facilities/place-listing/richcraft-recreation-complex-kanata,https://reservation.frontdesksuite.ca/rcfs/richcraftkanata/Home/Index?Culture=en&PageId=b3b9b36f-8401-466d-b4c4-19eb5547b43a,West - Kanata,Racquet Sport,"Preschool, Children, Youth, Adult",Evening,FALSE
6,Saturday,08:30 - 09:30,Richcraft Recreation Complex-Kanata,4101 Innovation Drive,Badminton - family,Other,Indoors,Yes,https://ottawa.ca/en/recreation-and-parks/facilities/place-listing/richcraft-recreation-complex-kanata,https://reservation.frontdesksuite.ca/rcfs/richcraftkanata/Home/Index?Culture=en&PageId=b3b9b36f-8401-466d-b4c4-19eb5547b43a,West - Kanata,Racquet Sport,"Preschool, Children, Youth, Adult",AM,TRUE
6,Saturday,09:30 - 10:30,Richcraft Recreation Complex-Kanata,4101 Innovation Drive,Badminton - family,Other,Indoors,Yes,https://ottawa.ca/en/recreation-and-parks/facilities/place-listing/richcraft-recreation-complex-kanata,https://reservation.frontdesksuite.ca/rcfs/richcraftkanata/Home/Index?Culture=en&PageId=b3b9b36f-8401-466d-b4c4-19eb5547b43a,West - Kanata,Racquet Sport,"Preschool, Children, Youth, Adult",AM,TRUE
7,Sunday,12:00 - 13:00,Richcraft Recreation Complex-Kanata,4101 Innovation Drive,Badminton - family,Other,Indoors,Yes,https://ottawa.ca/en/recreation-and-parks/facilities/place-listing/richcraft-recreation-complex-kanata,https://reservation.frontdesksuite.ca/rcfs/richcraftkanata/Home/Index?Culture=en&PageId=b3b9b36f-8401-466d-b4c4-19eb5547b43a,West - Kanata,Racquet Sport,"Preschool, Children, Youth, Adult",PM,FALSE
7,Sunday,13:00 - 14:00,Richcraft Recreation Complex-Kanata,4101 Innovation Drive,Badminton - family,Other,Indoors,Yes,https://ottawa.ca/en/recreation-and-parks/facilities/place-listing/richcraft-recreation-complex-kanata,https://reservation.frontdesksuite.ca/rcfs/richcraftkanata/Home/Index?Culture=en&PageId=b3b9b36f-8401-466d-b4c4-19eb5547b43a,West - Kanata,Racquet Sport,"Preschool, Children, Youth, Adult",PM,FALSE
1,Monday,12:15 - 13:15,Richcraft Recreation Complex-Kanata,4101 Innovation Drive,Basketball - adult,Other,Indoors,Yes,https://ottawa.ca/en/recreation-and-parks/facilities/place-listing/richcraft-recreation-complex-kanata,https://reservation.frontdesksuite.ca/rcfs/richcraftkanata/Home/Index?Culture=en&PageId=b3b9b36f-8401-466d-b4c4-19eb5547b43a,West - Kanata,Gym Sport,Adult,PM,FALSE
2,Tuesday,13:00 - 14:00,Richcraft Recreation Complex-Kanata,4101 Innovation Drive,Basketball - adult,Other,Indoors,Yes,https://ottawa.ca/en/recreation-and-parks/facilities/place-listing/richcraft-recreation-complex-kanata,https://reservation.frontdesksuite.ca/rcfs/richcraftkanata/Home/Index?Culture=en&PageId=b3b9b36f-8401-466d-b4c4-19eb5547b43a,West - Kanata,Gym Sport,Adult,PM,FALSE
2,Tuesday,20:45 - 21:45,Richcraft Recreation Complex-Kanata,4101 Innovation Drive,Basketball - adult,Other,Indoors,Yes,https://ottawa.ca/en/recreation-and-parks/facilities/place-listing/richcraft-recreation-complex-kanata,https://reservation.frontdesksuite.ca/rcfs/richcraftkanata/Home/Index?Culture=en&PageId=b3b9b36f-8401-466d-b4c4-19eb5547b43a,West - Kanata,Gym Sport,Adult,Evening,FALSE
3,Wednesday,12:45 - 13:45,Richcraft Recreation Complex-Kanata,4101 Innovation Drive,Basketball - adult,Other,Indoors,Yes,https://ottawa.ca/en/recreation-and-parks/facilities/place-listing/richcraft-recreation-complex-kanata,https://reservation.frontdesksuite.ca/rcfs/richcraftkanata/Home/Index?Culture=en&PageId=b3b9b36f-8401-466d-b4c4-19eb5547b43a,West - Kanata,Gym Sport,Adult,PM,FALSE
4,Thursday,13:00 - 14:00,Richcraft Recreation Complex-Kanata,4101 Innovation Drive,Basketball - adult,Other,Indoors,Yes,https://ottawa.ca/en/recreation-and-parks/facilities/place-listing/richcraft-recreation-complex-kanata,https://reservation.frontdesksuite.ca/rcfs/richcraftkanata/Home/Index?Culture=en&PageId=b3b9b36f-8401-466d-b4c4-19eb5547b43a,West - Kanata,Gym Sport,Adult,PM,FALSE
5,Friday,10:45 - 11:45,Richcraft Recreation Complex-Kanata,4101 Innovation Drive,Basketball - adult,Other,Indoors,Yes,https://ottawa.ca/en/recreation-and-parks/facilities/place-listing/richcraft-recreation-complex-kanata,https://reservation.frontdesksuite.ca/rcfs/richcraftkanata/Home/Index?Culture=en&PageId=b3b9b36f-8401-466d-b4c4-19eb5547b43a,West - Kanata,Gym Sport,Adult,AM,FALSE
7,Sunday,08:30 - 09:30,Richcraft Recreation Complex-Kanata,4101 Innovation Drive,Basketball - adult,Other,Indoors,Yes,https://ottawa.ca/en/recreation-and-parks/facilities/place-listing/richcraft-recreation-complex-kanata,https://reservation.frontdesksuite.ca/rcfs/richcraftkanata/Home/Index?Culture=en&PageId=b3b9b36f-8401-466d-b4c4-19eb5547b43a,West - Kanata,Gym Sport,Adult,AM,FALSE
7,Sunday,09:30 - 10:30,Richcraft Recreation Complex-Kanata,4101 Innovation Drive,Basketball - adult,Other,Indoors,Yes,https://ottawa.ca/en/recreation-and-parks/facilities/place-listing/richcraft-recreation-complex-kanata,https://reservation.frontdesksuite.ca/rcfs/richcraftkanata/Home/Index?Culture=en&PageId=b3b9b36f-8401-466d-b4c4-19eb5547b43a,West - Kanata,Gym Sport,Adult,AM,FALSE
7,Sunday,10:30 - 11:30,Richcraft Recreation Complex-Kanata,4101 Innovation Drive,Basketball - adult,Other,Indoors,Yes,https://ottawa.ca/en/recreation-and-parks/facilities/place-listing/richcraft-recreation-complex-kanata,https://reservation.frontdesksuite.ca/rcfs/richcraftkanata/Home/Index?Culture=en&PageId=b3b9b36f-8401-466d-b4c4-19eb5547b43a,West - Kanata,Gym Sport,Adult,AM,FALSE
6,Saturday,08:00 - 09:00,Richcraft Recreation Complex-Kanata,4101 Innovation Drive,Kinderplay,Other,Indoors,Yes,https://ottawa.ca/en/recreation-and-parks/facilities/place-listing/richcraft-recreation-complex-kanata,https://reservation.frontdesksuite.ca/rcfs/richcraftkanata/Home/Index?Culture=en&PageId=b3b9b36f-8401-466d-b4c4-19eb5547b43a,West - Kanata,Gym Sport,Preschool,AM,TRUE
6,Saturday,09:00 - 10:00,Richcraft Recreation Complex-Kanata,4101 Innovation Drive,Kinderplay,Other,Indoors,Yes,https://ottawa.ca/en/recreation-and-parks/facilities/place-listing/richcraft-recreation-complex-kanata,https://reservation.frontdesksuite.ca/rcfs/richcraftkanata/Home/Index?Culture=en&PageId=b3b9b36f-8401-466d-b4c4-19eb5547b43a,West - Kanata,Gym Sport,Preschool,AM,TRUE
6,Saturday,10:00 - 11:00,Richcraft Recreation Complex-Kanata,4101 Innovation Drive,Kinderplay,Other,Indoors,Yes,https://ottawa.ca/en/recreation-and-parks/facilities/place-listing/richcraft-recreation-complex-kanata,https://reservation.frontdesksuite.ca/rcfs/richcraftkanata/Home/Index?Culture=en&PageId=b3b9b36f-8401-466d-b4c4-19eb5547b43a,West - Kanata,Gym Sport,Preschool,AM,TRUE
2,Tuesday,15:15 - 16:15,Richcraft Recreation Complex-Kanata,4101 Innovation Drive,Open Gym - family,Other,Indoors,Yes,https://ottawa.ca/en/recreation-and-parks/facilities/place-listing/richcraft-recreation-complex-kanata,https://reservation.frontdesksuite.ca/rcfs/richcraftkanata/Home/Index?Culture=en&PageId=b3b9b36f-8401-466d-b4c4-19eb5547b43a,West - Kanata,Gym Sport,"Preschool, Children, Youth, Adult",PM,FALSE
3,Wednesday,16:45 - 17:45,Richcraft Recreation Complex-Kanata,4101 Innovation Drive,Open Gym - family,Other,Indoors,Yes,https://ottawa.ca/en/recreation-and-parks/facilities/place-listing/richcraft-recreation-complex-kanata,https://reservation.frontdesksuite.ca/rcfs/richcraftkanata/Home/Index?Culture=en&PageId=b3b9b36f-8401-466d-b4c4-19eb5547b43a,West - Kanata,Gym Sport,"Preschool, Children, Youth, Adult","PM, Evening",FALSE
4,Thursday,16:00 - 17:00,Richcraft Recreation Complex-Kanata,4101 Innovation Drive,Open Gym - family,Other,Indoors,Yes,https://ottawa.ca/en/recreation-and-parks/facilities/place-listing/richcraft-recreation-complex-kanata,https://reservation.frontdesksuite.ca/rcfs/richcraftkanata/Home/Index?Culture=en&PageId=b3b9b36f-8401-466d-b4c4-19eb5547b43a,West - Kanata,Gym Sport,"Preschool, Children, Youth, Adult",PM,FALSE
5,Friday,16:45 - 17:45,Richcraft Recreation Complex-Kanata,4101 Innovation Drive,Open Gym - family,Other,Indoors,Yes,https://ottawa.ca/en/recreation-and-parks/facilities/place-listing/richcraft-recreation-complex-kanata,https://reservation.frontdesksuite.ca/rcfs/richcraftkanata/Home/Index?Culture=en&PageId=b3b9b36f-8401-466d-b4c4-19eb5547b43a,West - Kanata,Gym Sport,"Preschool, Children, Youth, Adult","PM, Evening",FALSE
2,Tuesday,16:30 - 17:30,Richcraft Recreation Complex-Kanata,4101 Innovation Drive,Open Gym - youth,Other,Indoors,Yes,https://ottawa.ca/en/recreation-and-parks/facilities/place-listing/richcraft-recreation-complex-kanata,https://reservation.frontdesksuite.ca/rcfs/richcraftkanata/Home/Index?Culture=en&PageId=b3b9b36f-8401-466d-b4c4-19eb5547b43a,West - Kanata,Gym Sport,Youth,"PM, Evening",FALSE
3,Wednesday,15:45 - 16:45,Richcraft Recreation Complex-Kanata,4101 Innovation Drive,Open Gym - youth,Other,Indoors,Yes,https://ottawa.ca/en/recreation-and-parks/facilities/place-listing/richcraft-recreation-complex-kanata,https://reservation.frontdesksuite.ca/rcfs/richcraftkanata/Home/Index?Culture=en&PageId=b3b9b36f-8401-466d-b4c4-19eb5547b43a,West - Kanata,Gym Sport,Youth,PM,FALSE
4,Thursday,15:30 - 16:30,Richcraft Recreation Complex-Kanata,4101 Innovation Drive,Open Gym - youth,Other,Indoors,Yes,https://ottawa.ca/en/recreation-and-parks/facilities/place-listing/richcraft-recreation-complex-kanata,https://reservation.frontdesksuite.ca/rcfs/richcraftkanata/Home/Index?Culture=en&PageId=b3b9b36f-8401-466d-b4c4-19eb5547b43a,West - Kanata,Gym Sport,Youth,PM,FALSE
5,Friday,15:45 - 16:45,Richcraft Recreation Complex-Kanata,4101 Innovation Drive,Open Gym - youth,Other,Indoors,Yes,https://ottawa.ca/en/recreation-and-parks/facilities/place-listing/richcraft-recreation-complex-kanata,https://reservation.frontdesksuite.ca/rcfs/richcraftkanata/Home/Index?Culture=en&PageId=b3b9b36f-8401-466d-b4c4-19eb5547b43a,West - Kanata,Gym Sport,Youth,PM,FALSE
1,Monday,13:30 - 14:30,Richcraft Recreation Complex-Kanata,4101 Innovation Drive,Pickleball - rotations (intermediate),Other,Indoors,Yes,https://ottawa.ca/en/recreation-and-parks/facilities/place-listing/richcraft-recreation-complex-kanata,https://reservation.frontdesksuite.ca/rcfs/richcraftkanata/Home/Index?Culture=en&PageId=b3b9b36f-8401-466d-b4c4-19eb5547b43a,West - Kanata,Racquet Sport,Adult,PM,FALSE
2,Tuesday,11:00 - 12:00,Richcraft Recreation Complex-Kanata,4101 Innovation Drive,Pickleball - rotations (intermediate),Other,Indoors,Yes,https://ottawa.ca/en/recreation-and-parks/facilities/place-listing/richcraft-recreation-complex-kanata,https://reservation.frontdesksuite.ca/rcfs/richcraftkanata/Home/Index?Culture=en&PageId=b3b9b36f-8401-466d-b4c4-19eb5547b43a,West - Kanata,Racquet Sport,Adult,AM,FALSE
2,Tuesday,21:00 - 22:00,Richcraft Recreation Complex-Kanata,4101 Innovation Drive,Pickleball - rotations (intermediate),Other,Indoors,Yes,https://ottawa.ca/en/recreation-and-parks/facilities/place-listing/richcraft-recreation-complex-kanata,https://reservation.frontdesksuite.ca/rcfs/richcraftkanata/Home/Index?Culture=en&PageId=b3b9b36f-8401-466d-b4c4-19eb5547b43a,West - Kanata,Racquet Sport,Adult,Evening,FALSE
3,Wednesday,13:45 - 14:45,Richcraft Recreation Complex-Kanata,4101 Innovation Drive,Pickleball - rotations (intermediate),Other,Indoors,Yes,https://ottawa.ca/en/recreation-and-parks/facilities/place-listing/richcraft-recreation-complex-kanata,https://reservation.frontdesksuite.ca/rcfs/richcraftkanata/Home/Index?Culture=en&PageId=b3b9b36f-8401-466d-b4c4-19eb5547b43a,West - Kanata,Racquet Sport,Adult,PM,FALSE
4,Thursday,11:00 - 12:00,Richcraft Recreation Complex-Kanata,4101 Innovation Drive,Pickleball - rotations (intermediate),Other,Indoors,Yes,https://ottawa.ca/en/recreation-and-parks/facilities/place-listing/richcraft-recreation-complex-kanata,https://reservation.frontdesksuite.ca/rcfs/richcraftkanata/Home/Index?Culture=en&PageId=b3b9b36f-8401-466d-b4c4-19eb5547b43a,West - Kanata,Racquet Sport,Adult,AM,FALSE
4,Thursday,18:00 - 19:00,Richcraft Recreation Complex-Kanata,4101 Innovation Drive,Pickleball - rotations (intermediate),Other,Indoors,Yes,https://ottawa.ca/en/recreation-and-parks/facilities/place-listing/richcraft-recreation-complex-kanata,https://reservation.frontdesksuite.ca/rcfs/richcraftkanata/Home/Index?Culture=en&PageId=b3b9b36f-8401-466d-b4c4-19eb5547b43a,West - Kanata,Racquet Sport,Adult,Evening,FALSE
5,Friday,07:30 - 08:30,Richcraft Recreation Complex-Kanata,4101 Innovation Drive,Pickleball - rotations (intermediate),Other,Indoors,Yes,https://ottawa.ca/en/recreation-and-parks/facilities/place-listing/richcraft-recreation-complex-kanata,https://reservation.frontdesksuite.ca/rcfs/richcraftkanata/Home/Index?Culture=en&PageId=b3b9b36f-8401-466d-b4c4-19eb5547b43a,West - Kanata,Racquet Sport,Adult,AM,FALSE
5,Friday,09:30 - 10:30,Richcraft Recreation Complex-Kanata,4101 Innovation Drive,Pickleball - rotations (intermediate),Other,Indoors,Yes,https://ottawa.ca/en/recreation-and-parks/facilities/place-listing/richcraft-recreation-complex-kanata,https://reservation.frontdesksuite.ca/rcfs/richcraftkanata/Home/Index?Culture=en&PageId=b3b9b36f-8401-466d-b4c4-19eb5547b43a,West - Kanata,Racquet Sport,Adult,AM,FALSE
5,Friday,10:00 - 11:00,Richcraft Recreation Complex-Kanata,4101 Innovation Drive,Pickleball - rotations (intermediate),Other,Indoors,Yes,https://ottawa.ca/en/recreation-and-parks/facilities/place-listing/richcraft-recreation-complex-kanata,https://reservation.frontdesksuite.ca/rcfs/richcraftkanata/Home/Index?Culture=en&PageId=b3b9b36f-8401-466d-b4c4-19eb5547b43a,West - Kanata,Racquet Sport,Adult,AM,FALSE
5,Friday,14:00 - 15:00,Richcraft Recreation Complex-Kanata,4101 Innovation Drive,Pickleball - rotations (intermediate),Other,Indoors,Yes,https://ottawa.ca/en/recreation-and-parks/facilities/place-listing/richcraft-recreation-complex-kanata,https://reservation.frontdesksuite.ca/rcfs/richcraftkanata/Home/Index?Culture=en&PageId=b3b9b36f-8401-466d-b4c4-19eb5547b43a,West - Kanata,Racquet Sport,Adult,PM,FALSE
5,Friday,14:30 - 15:30,Richcraft Recreation Complex-Kanata,4101 Innovation Drive,Pickleball - rotations (intermediate),Other,Indoors,Yes,https://ottawa.ca/en/recreation-and-parks/facilities/place-listing/richcraft-recreation-complex-kanata,https://reservation.frontdesksuite.ca/rcfs/richcraftkanata/Home/Index?Culture=en&PageId=b3b9b36f-8401-466d-b4c4-19eb5547b43a,West - Kanata,Racquet Sport,Adult,PM,FALSE
1,Monday,14:15 - 15:15,Richcraft Recreation Complex-Kanata,4101 Innovation Drive,Pickleball - rotations (recreational),Other,Indoors,Yes,https://ottawa.ca/en/recreation-and-parks/facilities/place-listing/richcraft-recreation-complex-kanata,https://reservation.frontdesksuite.ca/rcfs/richcraftkanata/Home/Index?Culture=en&PageId=b3b9b36f-8401-466d-b4c4-19eb5547b43a,West - Kanata,Racquet Sport,Adult,PM,FALSE
2,Tuesday,11:30 - 12:30,Richcraft Recreation Complex-Kanata,4101 Innovation Drive,Pickleball - rotations (recreational),Other,Indoors,Yes,https://ottawa.ca/en/recreation-and-parks/facilities/place-listing/richcraft-recreation-complex-kanata,https://reservation.frontdesksuite.ca/rcfs/richcraftkanata/Home/Index?Culture=en&PageId=b3b9b36f-8401-466d-b4c4-19eb5547b43a,West - Kanata,Racquet Sport,Adult,"AM, PM",FALSE
3,Wednesday,14:15 - 15:15,Richcraft Recreation Complex-Kanata,4101 Innovation Drive,Pickleball - rotations (recreational),Other,Indoors,Yes,https://ottawa.ca/en/recreation-and-parks/facilities/place-listing/richcraft-recreation-complex-kanata,https://reservation.frontdesksuite.ca/rcfs/richcraftkanata/Home/Index?Culture=en&PageId=b3b9b36f-8401-466d-b4c4-19eb5547b43a,West - Kanata,Racquet Sport,Adult,PM,FALSE
4,Thursday,11:30 - 12:30,Richcraft Recreation Complex-Kanata,4101 Innovation Drive,Pickleball - rotations (recreational),Other,Indoors,Yes,https://ottawa.ca/en/recreation-and-parks/facilities/place-listing/richcraft-recreation-complex-kanata,https://reservation.frontdesksuite.ca/rcfs/richcraftkanata/Home/Index?Culture=en&PageId=b3b9b36f-8401-466d-b4c4-19eb5547b43a,West - Kanata,Racquet Sport,Adult,"AM, PM",FALSE
4,Thursday,17:00 - 18:00,Richcraft Recreation Complex-Kanata,4101 Innovation Drive,Pickleball - rotations (recreational),Other,Indoors,Yes,https://ottawa.ca/en/recreation-and-parks/facilities/place-listing/richcraft-recreation-complex-kanata,https://reservation.frontdesksuite.ca/rcfs/richcraftkanata/Home/Index?Culture=en&PageId=b3b9b36f-8401-466d-b4c4-19eb5547b43a,West - Kanata,Racquet Sport,Adult,Evening,FALSE
5,Friday,06:30 - 07:30,Richcraft Recreation Complex-Kanata,4101 Innovation Drive,Pickleball - rotations (recreational),Other,Indoors,Yes,https://ottawa.ca/en/recreation-and-parks/facilities/place-listing/richcraft-recreation-complex-kanata,https://reservation.frontdesksuite.ca/rcfs/richcraftkanata/Home/Index?Culture=en&PageId=b3b9b36f-8401-466d-b4c4-19eb5547b43a,West - Kanata,Racquet Sport,Adult,AM,FALSE
5,Friday,07:00 - 08:00,Richcraft Recreation Complex-Kanata,4101 Innovation Drive,Pickleball - rotations (recreational),Other,Indoors,Yes,https://ottawa.ca/en/recreation-and-parks/facilities/place-listing/richcraft-recreation-complex-kanata,https://reservation.frontdesksuite.ca/rcfs/richcraftkanata/Home/Index?Culture=en&PageId=b3b9b36f-8401-466d-b4c4-19eb5547b43a,West - Kanata,Racquet Sport,Adult,AM,FALSE
5,Friday,08:30 - 09:30,Richcraft Recreation Complex-Kanata,4101 Innovation Drive,Pickleball - rotations (recreational),Other,Indoors,Yes,https://ottawa.ca/en/recreation-and-parks/facilities/place-listing/richcraft-recreation-complex-kanata,https://reservation.frontdesksuite.ca/rcfs/richcraftkanata/Home/Index?Culture=en&PageId=b3b9b36f-8401-466d-b4c4-19eb5547b43a,West - Kanata,Racquet Sport,Adult,AM,FALSE
5,Friday,09:00 - 10:00,Richcraft Recreation Complex-Kanata,4101 Innovation Drive,Pickleball - rotations (recreational),Other,Indoors,Yes,https://ottawa.ca/en/recreation-and-parks/facilities/place-listing/richcraft-recreation-complex-kanata,https://reservation.frontdesksuite.ca/rcfs/richcraftkanata/Home/Index?Culture=en&PageId=b3b9b36f-8401-466d-b4c4-19eb5547b43a,West - Kanata,Racquet Sport,Adult,AM,FALSE
5,Friday,13:00 - 14:00,Richcraft Recreation Complex-Kanata,4101 Innovation Drive,Pickleball - rotations (recreational),Other,Indoors,Yes,https://ottawa.ca/en/recreation-and-parks/facilities/place-listing/richcraft-recreation-complex-kanata,https://reservation.frontdesksuite.ca/rcfs/richcraftkanata/Home/Index?Culture=en&PageId=b3b9b36f-8401-466d-b4c4-19eb5547b43a,West - Kanata,Racquet Sport,Adult,PM,FALSE
5,Friday,13:30 - 14:30,Richcraft Recreation Complex-Kanata,4101 Innovation Drive,Pickleball - rotations (recreational),Other,Indoors,Yes,https://ottawa.ca/en/recreation-and-parks/facilities/place-listing/richcraft-recreation-complex-kanata,https://reservation.frontdesksuite.ca/rcfs/richcraftkanata/Home/Index?Culture=en&PageId=b3b9b36f-8401-466d-b4c4-19eb5547b43a,West - Kanata,Racquet Sport,Adult,PM,FALSE
7,Sunday,08:30 - 09:30,Richcraft Recreation Complex-Kanata,4101 Innovation Drive,Rockwall,Other,Indoors,Yes,https://ottawa.ca/en/recreation-and-parks/facilities/place-listing/richcraft-recreation-complex-kanata,https://reservation.frontdesksuite.ca/rcfs/richcraftkanata/Home/Index?Culture=en&PageId=b3b9b36f-8401-466d-b4c4-19eb5547b43a,West - Kanata,Gym Sport,Adult,AM,FALSE
7,Sunday,09:30 - 10:30,Richcraft Recreation Complex-Kanata,4101 Innovation Drive,Rockwall,Other,Indoors,Yes,https://ottawa.ca/en/recreation-and-parks/facilities/place-listing/richcraft-recreation-complex-kanata,https://reservation.frontdesksuite.ca/rcfs/richcraftkanata/Home/Index?Culture=en&PageId=b3b9b36f-8401-466d-b4c4-19eb5547b43a,West - Kanata,Gym Sport,Adult,AM,FALSE
7,Sunday,10:30 - 11:30,Richcraft Recreation Complex-Kanata,4101 Innovation Drive,Rockwall,Other,Indoors,Yes,https://ottawa.ca/en/recreation-and-parks/facilities/place-listing/richcraft-recreation-complex-kanata,https://reservation.frontdesksuite.ca/rcfs/richcraftkanata/Home/Index?Culture=en&PageId=b3b9b36f-8401-466d-b4c4-19eb5547b43a,West - Kanata,Gym Sport,Adult,AM,FALSE
2,Tuesday,15:45 - 16:45,Richcraft Recreation Complex-Kanata,4101 Innovation Drive,Table Tennis - adult,Other,Indoors,Yes,https://ottawa.ca/en/recreation-and-parks/facilities/place-listing/richcraft-recreation-complex-kanata,https://reservation.frontdesksuite.ca/rcfs/richcraftkanata/Home/Index?Culture=en&PageId=b3b9b36f-8401-466d-b4c4-19eb5547b43a,West - Kanata,Racquet Sport,Adult,PM,FALSE
3,Wednesday,15:15 - 16:15,Richcraft Recreation Complex-Kanata,4101 Innovation Drive,Table Tennis - adult,Other,Indoors,Yes,https://ottawa.ca/en/recreation-and-parks/facilities/place-listing/richcraft-recreation-complex-kanata,https://reservation.frontdesksuite.ca/rcfs/richcraftkanata/Home/Index?Culture=en&PageId=b3b9b36f-8401-466d-b4c4-19eb5547b43a,West - Kanata,Racquet Sport,Adult,PM,FALSE
4,Thursday,17:00 - 18:00,Richcraft Recreation Complex-Kanata,4101 Innovation Drive,Table Tennis - adult,Other,Indoors,Yes,https://ottawa.ca/en/recreation-and-parks/facilities/place-listing/richcraft-recreation-complex-kanata,https://reservation.frontdesksuite.ca/rcfs/richcraftkanata/Home/Index?Culture=en&PageId=b3b9b36f-8401-466d-b4c4-19eb5547b43a,West - Kanata,Racquet Sport,Adult,Evening,FALSE
5,Friday,19:00 - 20:00,Richcraft Recreation Complex-Kanata,4101 Innovation Drive,Table Tennis - adult,Other,Indoors,Yes,https://ottawa.ca/en/recreation-and-parks/facilities/place-listing/richcraft-recreation-complex-kanata,https://reservation.frontdesksuite.ca/rcfs/richcraftkanata/Home/Index?Culture=en&PageId=b3b9b36f-8401-466d-b4c4-19eb5547b43a,West - Kanata,Racquet Sport,Adult,Evening,FALSE
2,Tuesday,16:45 - 17:45,Richcraft Recreation Complex-Kanata,4101 Innovation Drive,Table Tennis doubles - adult,Other,Indoors,Yes,https://ottawa.ca/en/recreation-and-parks/facilities/place-listing/richcraft-recreation-complex-kanata,https://reservation.frontdesksuite.ca/rcfs/richcraftkanata/Home/Index?Culture=en&PageId=b3b9b36f-8401-466d-b4c4-19eb5547b43a,West - Kanata,Racquet Sport,Adult,"PM, Evening",FALSE
3,Wednesday,15:15 - 16:15,Richcraft Recreation Complex-Kanata,4101 Innovation Drive,Table Tennis doubles - adult,Other,Indoors,Yes,https://ottawa.ca/en/recreation-and-parks/facilities/place-listing/richcraft-recreation-complex-kanata,https://reservation.frontdesksuite.ca/rcfs/richcraftkanata/Home/Index?Culture=en&PageId=b3b9b36f-8401-466d-b4c4-19eb5547b43a,West - Kanata,Racquet Sport,Adult,PM,FALSE
4,Thursday,18:00 - 19:00,Richcraft Recreation Complex-Kanata,4101 Innovation Drive,Table Tennis doubles - adult,Other,Indoors,Yes,https://ottawa.ca/en/recreation-and-parks/facilities/place-listing/richcraft-recreation-complex-kanata,https://reservation.frontdesksuite.ca/rcfs/richcraftkanata/Home/Index?Culture=en&PageId=b3b9b36f-8401-466d-b4c4-19eb5547b43a,West - Kanata,Racquet Sport,Adult,Evening,FALSE
5,Friday,20:00 - 21:00,Richcraft Recreation Complex-Kanata,4101 Innovation Drive,Table Tennis doubles - adult,Other,Indoors,Yes,https://ottawa.ca/en/recreation-and-parks/facilities/place-listing/richcraft-recreation-complex-kanata,https://reservation.frontdesksuite.ca/rcfs/richcraftkanata/Home/Index?Culture=en&PageId=b3b9b36f-8401-466d-b4c4-19eb5547b43a,West - Kanata,Racquet Sport,Adult,Evening,FALSE
1,Monday,12:45 - 13:45,Richcraft Recreation Complex-Kanata,4101 Innovation Drive,Volleyball - adult,Other,Indoors,Yes,https://ottawa.ca/en/recreation-and-parks/facilities/place-listing/richcraft-recreation-complex-kanata,https://reservation.frontdesksuite.ca/rcfs/richcraftkanata/Home/Index?Culture=en&PageId=b3b9b36f-8401-466d-b4c4-19eb5547b43a,West - Kanata,Gym Sport,Adult,PM,FALSE
1,Monday,20:45 - 21:45,Richcraft Recreation Complex-Kanata,4101 Innovation Drive,Volleyball - adult,Other,Indoors,Yes,https://ottawa.ca/en/recreation-and-parks/facilities/place-listing/richcraft-recreation-complex-kanata,https://reservation.frontdesksuite.ca/rcfs/richcraftkanata/Home/Index?Culture=en&PageId=b3b9b36f-8401-466d-b4c4-19eb5547b43a,West - Kanata,Gym Sport,Adult,Evening,FALSE
1,Monday,21:00 - 22:00,Richcraft Recreation Complex-Kanata,4101 Innovation Drive,Volleyball - adult,Other,Indoors,Yes,https://ottawa.ca/en/recreation-and-parks/facilities/place-listing/richcraft-recreation-complex-kanata,https://reservation.frontdesksuite.ca/rcfs/richcraftkanata/Home/Index?Culture=en&PageId=b3b9b36f-8401-466d-b4c4-19eb5547b43a,West - Kanata,Gym Sport,Adult,Evening,FALSE
2,Tuesday,12:30 - 13:30,Richcraft Recreation Complex-Kanata,4101 Innovation Drive,Volleyball - adult,Other,Indoors,Yes,https://ottawa.ca/en/recreation-and-parks/facilities/place-listing/richcraft-recreation-complex-kanata,https://reservation.frontdesksuite.ca/rcfs/richcraftkanata/Home/Index?Culture=en&PageId=b3b9b36f-8401-466d-b4c4-19eb5547b43a,West - Kanata,Gym Sport,Adult,PM,FALSE
3,Wednesday,12:15 - 13:15,Richcraft Recreation Complex-Kanata,4101 Innovation Drive,Volleyball - adult,Other,Indoors,Yes,https://ottawa.ca/en/recreation-and-parks/facilities/place-listing/richcraft-recreation-complex-kanata,https://reservation.frontdesksuite.ca/rcfs/richcraftkanata/Home/Index?Culture=en&PageId=b3b9b36f-8401-466d-b4c4-19eb5547b43a,West - Kanata,Gym Sport,Adult,PM,FALSE
4,Thursday,12:30 - 13:30,Richcraft Recreation Complex-Kanata,4101 Innovation Drive,Volleyball - adult,Other,Indoors,Yes,https://ottawa.ca/en/recreation-and-parks/facilities/place-listing/richcraft-recreation-complex-kanata,https://reservation.frontdesksuite.ca/rcfs/richcraftkanata/Home/Index?Culture=en&PageId=b3b9b36f-8401-466d-b4c4-19eb5547b43a,West - Kanata,Gym Sport,Adult,PM,FALSE
6,Saturday,18:00 - 19:00,Richcraft Recreation Complex-Kanata,4101 Innovation Drive,Volleyball - adult,Other,Indoors,Yes,https://ottawa.ca/en/recreation-and-parks/facilities/place-listing/richcraft-recreation-complex-kanata,https://reservation.frontdesksuite.ca/rcfs/richcraftkanata/Home/Index?Culture=en&PageId=b3b9b36f-8401-466d-b4c4-19eb5547b43a,West - Kanata,Gym Sport,Adult,Evening,FALSE
6,Saturday,19:00 - 20:00,Richcraft Recreation Complex-Kanata,4101 Innovation Drive,Volleyball - adult,Other,Indoors,Yes,https://ottawa.ca/en/recreation-and-parks/facilities/place-listing/richcraft-recreation-complex-kanata,https://reservation.frontdesksuite.ca/rcfs/richcraftkanata/Home/Index?Culture=en&PageId=b3b9b36f-8401-466d-b4c4-19eb5547b43a,West - Kanata,Gym Sport,Adult,Evening,FALSE
1,Monday,20:00 - 21:00,Richcraft Recreation Complex-Kanata,4101 Innovation Drive,Volleyball - youth,Other,Indoors,Yes,https://ottawa.ca/en/recreation-and-parks/facilities/place-listing/richcraft-recreation-complex-kanata,https://reservation.frontdesksuite.ca/rcfs/richcraftkanata/Home/Index?Culture=en&PageId=b3b9b36f-8401-466d-b4c4-19eb5547b43a,West - Kanata,Gym Sport,Youth,Evening,FALSE
1,Monday,13:00 - 14:00,Richelieu Vanier Community Centre,300 Des Pères-Blancs Avenue,Pickleball 18+ - recreational play,Other,Other,Yes,https://ottawa.ca/en/recreation-and-parks/facilities/place-listing/richelieu-vanier-community-centre,https://reservation.frontdesksuite.ca/rcfs/richelieuvanier/Home/Index?Culture=en&PageId=70307559-f94f-483d-aedb-8e4145307f01,East - Vanier,Racquet Sport,Adult,PM,FALSE
1,Monday,14:00 - 15:00,Richelieu Vanier Community Centre,300 Des Pères-Blancs Avenue,Pickleball 18+ - recreational play,Other,Other,Yes,https://ottawa.ca/en/recreation-and-parks/facilities/place-listing/richelieu-vanier-community-centre,https://reservation.frontdesksuite.ca/rcfs/richelieuvanier/Home/Index?Culture=en&PageId=70307559-f94f-483d-aedb-8e4145307f01,East - Vanier,Racquet Sport,Adult,PM,FALSE
1,Monday,15:00 - 16:00,Richelieu Vanier Community Centre,300 Des Pères-Blancs Avenue,Pickleball 18+ - recreational play,Other,Other,Yes,https://ottawa.ca/en/recreation-and-parks/facilities/place-listing/richelieu-vanier-community-centre,https://reservation.frontdesksuite.ca/rcfs/richelieuvanier/Home/Index?Culture=en&PageId=70307559-f94f-483d-aedb-8e4145307f01,East - Vanier,Racquet Sport,Adult,PM,FALSE
1,Monday,16:00 - 17:00,Richelieu Vanier Community Centre,300 Des Pères-Blancs Avenue,Pickleball 18+ - recreational play,Other,Other,Yes,https://ottawa.ca/en/recreation-and-parks/facilities/place-listing/richelieu-vanier-community-centre,https://reservation.frontdesksuite.ca/rcfs/richelieuvanier/Home/Index?Culture=en&PageId=70307559-f94f-483d-aedb-8e4145307f01,East - Vanier,Racquet Sport,Adult,PM,FALSE
2,Tuesday,11:30 - 12:30,Richelieu Vanier Community Centre,300 Des Pères-Blancs Avenue,Pickleball 18+ - recreational play,Other,Other,Yes,https://ottawa.ca/en/recreation-and-parks/facilities/place-listing/richelieu-vanier-community-centre,https://reservation.frontdesksuite.ca/rcfs/richelieuvanier/Home/Index?Culture=en&PageId=70307559-f94f-483d-aedb-8e4145307f01,East - Vanier,Racquet Sport,Adult,"AM, PM",FALSE
2,Tuesday,12:30 - 13:30,Richelieu Vanier Community Centre,300 Des Pères-Blancs Avenue,Pickleball 18+ - recreational play,Other,Other,Yes,https://ottawa.ca/en/recreation-and-parks/facilities/place-listing/richelieu-vanier-community-centre,https://reservation.frontdesksuite.ca/rcfs/richelieuvanier/Home/Index?Culture=en&PageId=70307559-f94f-483d-aedb-8e4145307f01,East - Vanier,Racquet Sport,Adult,PM,FALSE
2,Tuesday,13:30 - 14:30,Richelieu Vanier Community Centre,300 Des Pères-Blancs Avenue,Pickleball 18+ - recreational play,Other,Other,Yes,https://ottawa.ca/en/recreation-and-parks/facilities/place-listing/richelieu-vanier-community-centre,https://reservation.frontdesksuite.ca/rcfs/richelieuvanier/Home/Index?Culture=en&PageId=70307559-f94f-483d-aedb-8e4145307f01,East - Vanier,Racquet Sport,Adult,PM,FALSE
2,Tuesday,14:30 - 15:30,Richelieu Vanier Community Centre,300 Des Pères-Blancs Avenue,Pickleball 18+ - recreational play,Other,Other,Yes,https://ottawa.ca/en/recreation-and-parks/facilities/place-listing/richelieu-vanier-community-centre,https://reservation.frontdesksuite.ca/rcfs/richelieuvanier/Home/Index?Culture=en&PageId=70307559-f94f-483d-aedb-8e4145307f01,East - Vanier,Racquet Sport,Adult,PM,FALSE
2,Tuesday,15:30 - 16:30,Richelieu Vanier Community Centre,300 Des Pères-Blancs Avenue,Pickleball 18+ - recreational play,Other,Other,Yes,https://ottawa.ca/en/recreation-and-parks/facilities/place-listing/richelieu-vanier-community-centre,https://reservation.frontdesksuite.ca/rcfs/richelieuvanier/Home/Index?Culture=en&PageId=70307559-f94f-483d-aedb-8e4145307f01,East - Vanier,Racquet Sport,Adult,PM,FALSE
3,Wednesday,09:30 - 10:30,Richelieu Vanier Community Centre,300 Des Pères-Blancs Avenue,Pickleball 18+ - recreational play,Other,Other,Yes,https://ottawa.ca/en/recreation-and-parks/facilities/place-listing/richelieu-vanier-community-centre,https://reservation.frontdesksuite.ca/rcfs/richelieuvanier/Home/Index?Culture=en&PageId=70307559-f94f-483d-aedb-8e4145307f01,East - Vanier,Racquet Sport,Adult,AM,FALSE
3,Wednesday,10:30 - 11:30,Richelieu Vanier Community Centre,300 Des Pères-Blancs Avenue,Pickleball 18+ - recreational play,Other,Other,Yes,https://ottawa.ca/en/recreation-and-parks/facilities/place-listing/richelieu-vanier-community-centre,https://reservation.frontdesksuite.ca/rcfs/richelieuvanier/Home/Index?Culture=en&PageId=70307559-f94f-483d-aedb-8e4145307f01,East - Vanier,Racquet Sport,Adult,AM,FALSE
3,Wednesday,11:30 - 12:30,Richelieu Vanier Community Centre,300 Des Pères-Blancs Avenue,Pickleball 18+ - recreational play,Other,Other,Yes,https://ottawa.ca/en/recreation-and-parks/facilities/place-listing/richelieu-vanier-community-centre,https://reservation.frontdesksuite.ca/rcfs/richelieuvanier/Home/Index?Culture=en&PageId=70307559-f94f-483d-aedb-8e4145307f01,East - Vanier,Racquet Sport,Adult,"AM, PM",FALSE
3,Wednesday,12:30 - 13:30,Richelieu Vanier Community Centre,300 Des Pères-Blancs Avenue,Pickleball 18+ - recreational play,Other,Other,Yes,https://ottawa.ca/en/recreation-and-parks/facilities/place-listing/richelieu-vanier-community-centre,https://reservation.frontdesksuite.ca/rcfs/richelieuvanier/Home/Index?Culture=en&PageId=70307559-f94f-483d-aedb-8e4145307f01,East - Vanier,Racquet Sport,Adult,PM,FALSE
3,Wednesday,13:30 - 14:30,Richelieu Vanier Community Centre,300 Des Pères-Blancs Avenue,Pickleball 18+ - recreational play,Other,Other,Yes,https://ottawa.ca/en/recreation-and-parks/facilities/place-listing/richelieu-vanier-community-centre,https://reservation.frontdesksuite.ca/rcfs/richelieuvanier/Home/Index?Culture=en&PageId=70307559-f94f-483d-aedb-8e4145307f01,East - Vanier,Racquet Sport,Adult,PM,FALSE
3,Wednesday,14:30 - 15:30,Richelieu Vanier Community Centre,300 Des Pères-Blancs Avenue,Pickleball 18+ - recreational play,Other,Other,Yes,https://ottawa.ca/en/recreation-and-parks/facilities/place-listing/richelieu-vanier-community-centre,https://reservation.frontdesksuite.ca/rcfs/richelieuvanier/Home/Index?Culture=en&PageId=70307559-f94f-483d-aedb-8e4145307f01,East - Vanier,Racquet Sport,Adult,PM,FALSE
3,Wednesday,15:30 - 16:30,Richelieu Vanier Community Centre,300 Des Pères-Blancs Avenue,Pickleball 18+ - recreational play,Other,Other,Yes,https://ottawa.ca/en/recreation-and-parks/facilities/place-listing/richelieu-vanier-community-centre,https://reservation.frontdesksuite.ca/rcfs/richelieuvanier/Home/Index?Culture=en&PageId=70307559-f94f-483d-aedb-8e4145307f01,East - Vanier,Racquet Sport,Adult,PM,FALSE
3,Wednesday,16:30 - 17:30,Richelieu Vanier Community Centre,300 Des Pères-Blancs Avenue,Pickleball 18+ - recreational play,Other,Other,Yes,https://ottawa.ca/en/recreation-and-parks/facilities/place-listing/richelieu-vanier-community-centre,https://reservation.frontdesksuite.ca/rcfs/richelieuvanier/Home/Index?Culture=en&PageId=70307559-f94f-483d-aedb-8e4145307f01,East - Vanier,Racquet Sport,Adult,"PM, Evening",FALSE
5,Friday,17:30 - 18:30,Richelieu Vanier Community Centre,300 Des Pères-Blancs Avenue,Pickleball 18+ - recreational play,Other,Other,Yes,https://ottawa.ca/en/recreation-and-parks/facilities/place-listing/richelieu-vanier-community-centre,https://reservation.frontdesksuite.ca/rcfs/richelieuvanier/Home/Index?Culture=en&PageId=70307559-f94f-483d-aedb-8e4145307f01,East - Vanier,Racquet Sport,Adult,Evening,FALSE
5,Friday,18:30 - 19:30,Richelieu Vanier Community Centre,300 Des Pères-Blancs Avenue,Pickleball 18+ - recreational play,Other,Other,Yes,https://ottawa.ca/en/recreation-and-parks/facilities/place-listing/richelieu-vanier-community-centre,https://reservation.frontdesksuite.ca/rcfs/richelieuvanier/Home/Index?Culture=en&PageId=70307559-f94f-483d-aedb-8e4145307f01,East - Vanier,Racquet Sport,Adult,Evening,FALSE
5,Friday,19:30 - 20:30,Richelieu Vanier Community Centre,300 Des Pères-Blancs Avenue,Pickleball 18+ - recreational play,Other,Other,Yes,https://ottawa.ca/en/recreation-and-parks/facilities/place-listing/richelieu-vanier-community-centre,https://reservation.frontdesksuite.ca/rcfs/richelieuvanier/Home/Index?Culture=en&PageId=70307559-f94f-483d-aedb-8e4145307f01,East - Vanier,Racquet Sport,Adult,Evening,FALSE
5,Friday,20:30 - 21:30,Richelieu Vanier Community Centre,300 Des Pères-Blancs Avenue,Pickleball 18+ - recreational play,Other,Other,Yes,https://ottawa.ca/en/recreation-and-parks/facilities/place-listing/richelieu-vanier-community-centre,https://reservation.frontdesksuite.ca/rcfs/richelieuvanier/Home/Index?Culture=en&PageId=70307559-f94f-483d-aedb-8e4145307f01,East - Vanier,Racquet Sport,Adult,Evening,FALSE
2,Tuesday,18:00 - 19:30,Rideauview Community Centre,4310 Shoreline Drive,Basketball - adult,Other,Other,Yes,https://ottawa.ca/en/recreation-and-parks/facilities/place-listing/rideauview-community-centre,https://reservation.frontdesksuite.ca/rcfs/rideauviewcc/Home/Index?Culture=en&PageId=39d8f7e0-4911-4b0d-ab4f-27bbcae5380c,West - Barrhaven,Gym Sport,Adult,Evening,FALSE
2,Tuesday,19:30 - 21:00,Rideauview Community Centre,4310 Shoreline Drive,Basketball - adult,Other,Other,Yes,https://ottawa.ca/en/recreation-and-parks/facilities/place-listing/rideauview-community-centre,https://reservation.frontdesksuite.ca/rcfs/rideauviewcc/Home/Index?Culture=en&PageId=39d8f7e0-4911-4b0d-ab4f-27bbcae5380c,West - Barrhaven,Gym Sport,Adult,Evening,FALSE
4,Thursday,18:00 - 19:30,Rideauview Community Centre,4310 Shoreline Drive,Basketball - adult,Other,Other,Yes,https://ottawa.ca/en/recreation-and-parks/facilities/place-listing/rideauview-community-centre,https://reservation.frontdesksuite.ca/rcfs/rideauviewcc/Home/Index?Culture=en&PageId=39d8f7e0-4911-4b0d-ab4f-27bbcae5380c,West - Barrhaven,Gym Sport,Adult,Evening,FALSE
5,Friday,18:00 - 19:00,Rideauview Community Centre,4310 Shoreline Drive,Basketball - child,Other,Other,Yes,https://ottawa.ca/en/recreation-and-parks/facilities/place-listing/rideauview-community-centre,https://reservation.frontdesksuite.ca/rcfs/rideauviewcc/Home/Index?Culture=en&PageId=39d8f7e0-4911-4b0d-ab4f-27bbcae5380c,West - Barrhaven,Gym Sport,Children,Evening,FALSE
5,Friday,19:00 - 20:00,Rideauview Community Centre,4310 Shoreline Drive,Basketball - child,Other,Other,Yes,https://ottawa.ca/en/recreation-and-parks/facilities/place-listing/rideauview-community-centre,https://reservation.frontdesksuite.ca/rcfs/rideauviewcc/Home/Index?Culture=en&PageId=39d8f7e0-4911-4b0d-ab4f-27bbcae5380c,West - Barrhaven,Gym Sport,Children,Evening,FALSE
5,Friday,20:00 - 21:00,Rideauview Community Centre,4310 Shoreline Drive,Basketball - youth,Other,Other,Yes,https://ottawa.ca/en/recreation-and-parks/facilities/place-listing/rideauview-community-centre,https://reservation.frontdesksuite.ca/rcfs/rideauviewcc/Home/Index?Culture=en&PageId=39d8f7e0-4911-4b0d-ab4f-27bbcae5380c,West - Barrhaven,Gym Sport,Youth,Evening,FALSE
3,Wednesday,13:30 - 14:30,Rideauview Community Centre,4310 Shoreline Drive,Kinderplay,Other,Other,Yes,https://ottawa.ca/en/recreation-and-parks/facilities/place-listing/rideauview-community-centre,https://reservation.frontdesksuite.ca/rcfs/rideauviewcc/Home/Index?Culture=en&PageId=39d8f7e0-4911-4b0d-ab4f-27bbcae5380c,West - Barrhaven,Gym Sport,Preschool,PM,FALSE
2,Tuesday,09:15 - 10:15,Rideauview Community Centre,4310 Shoreline Drive,Pickleball - adult,Other,Other,Yes,https://ottawa.ca/en/recreation-and-parks/facilities/place-listing/rideauview-community-centre,https://reservation.frontdesksuite.ca/rcfs/rideauviewcc/Home/Index?Culture=en&PageId=39d8f7e0-4911-4b0d-ab4f-27bbcae5380c,West - Barrhaven,Racquet Sport,Adult,AM,FALSE
2,Tuesday,10:15 - 11:15,Rideauview Community Centre,4310 Shoreline Drive,Pickleball - adult,Other,Other,Yes,https://ottawa.ca/en/recreation-and-parks/facilities/place-listing/rideauview-community-centre,https://reservation.frontdesksuite.ca/rcfs/rideauviewcc/Home/Index?Culture=en&PageId=39d8f7e0-4911-4b0d-ab4f-27bbcae5380c,West - Barrhaven,Racquet Sport,Adult,AM,FALSE
2,Tuesday,11:15 - 12:15,Rideauview Community Centre,4310 Shoreline Drive,Pickleball - adult,Other,Other,Yes,https://ottawa.ca/en/recreation-and-parks/facilities/place-listing/rideauview-community-centre,https://reservation.frontdesksuite.ca/rcfs/rideauviewcc/Home/Index?Culture=en&PageId=39d8f7e0-4911-4b0d-ab4f-27bbcae5380c,West - Barrhaven,Racquet Sport,Adult,"AM, PM",FALSE
2,Tuesday,12:15 - 13:15,Rideauview Community Centre,4310 Shoreline Drive,Pickleball - adult,Other,Other,Yes,https://ottawa.ca/en/recreation-and-parks/facilities/place-listing/rideauview-community-centre,https://reservation.frontdesksuite.ca/rcfs/rideauviewcc/Home/Index?Culture=en&PageId=39d8f7e0-4911-4b0d-ab4f-27bbcae5380c,West - Barrhaven,Racquet Sport,Adult,PM,FALSE
2,Tuesday,13:15 - 14:15,Rideauview Community Centre,4310 Shoreline Drive,Pickleball - adult,Other,Other,Yes,https://ottawa.ca/en/recreation-and-parks/facilities/place-listing/rideauview-community-centre,https://reservation.frontdesksuite.ca/rcfs/rideauviewcc/Home/Index?Culture=en&PageId=39d8f7e0-4911-4b0d-ab4f-27bbcae5380c,West - Barrhaven,Racquet Sport,Adult,PM,FALSE
3,Wednesday,09:15 - 10:15,Rideauview Community Centre,4310 Shoreline Drive,Pickleball - adult,Other,Other,Yes,https://ottawa.ca/en/recreation-and-parks/facilities/place-listing/rideauview-community-centre,https://reservation.frontdesksuite.ca/rcfs/rideauviewcc/Home/Index?Culture=en&PageId=39d8f7e0-4911-4b0d-ab4f-27bbcae5380c,West - Barrhaven,Racquet Sport,Adult,AM,FALSE
3,Wednesday,10:15 - 11:15,Rideauview Community Centre,4310 Shoreline Drive,Pickleball - adult,Other,Other,Yes,https://ottawa.ca/en/recreation-and-parks/facilities/place-listing/rideauview-community-centre,https://reservation.frontdesksuite.ca/rcfs/rideauviewcc/Home/Index?Culture=en&PageId=39d8f7e0-4911-4b0d-ab4f-27bbcae5380c,West - Barrhaven,Racquet Sport,Adult,AM,FALSE
3,Wednesday,11:15 - 12:15,Rideauview Community Centre,4310 Shoreline Drive,Pickleball - adult,Other,Other,Yes,https://ottawa.ca/en/recreation-and-parks/facilities/place-listing/rideauview-community-centre,https://reservation.frontdesksuite.ca/rcfs/rideauviewcc/Home/Index?Culture=en&PageId=39d8f7e0-4911-4b0d-ab4f-27bbcae5380c,West - Barrhaven,Racquet Sport,Adult,"AM, PM",FALSE
3,Wednesday,12:15 - 13:15,Rideauview Community Centre,4310 Shoreline Drive,Pickleball - adult,Other,Other,Yes,https://ottawa.ca/en/recreation-and-parks/facilities/place-listing/rideauview-community-centre,https://reservation.frontdesksuite.ca/rcfs/rideauviewcc/Home/Index?Culture=en&PageId=39d8f7e0-4911-4b0d-ab4f-27bbcae5380c,West - Barrhaven,Racquet Sport,Adult,PM,FALSE
4,Thursday,09:15 - 10:15,Rideauview Community Centre,4310 Shoreline Drive,Pickleball - adult,Other,Other,Yes,https://ottawa.ca/en/recreation-and-parks/facilities/place-listing/rideauview-community-centre,https://reservation.frontdesksuite.ca/rcfs/rideauviewcc/Home/Index?Culture=en&PageId=39d8f7e0-4911-4b0d-ab4f-27bbcae5380c,West - Barrhaven,Racquet Sport,Adult,AM,FALSE
4,Thursday,10:15 - 11:15,Rideauview Community Centre,4310 Shoreline Drive,Pickleball - adult,Other,Other,Yes,https://ottawa.ca/en/recreation-and-parks/facilities/place-listing/rideauview-community-centre,https://reservation.frontdesksuite.ca/rcfs/rideauviewcc/Home/Index?Culture=en&PageId=39d8f7e0-4911-4b0d-ab4f-27bbcae5380c,West - Barrhaven,Racquet Sport,Adult,AM,FALSE
4,Thursday,11:15 - 12:15,Rideauview Community Centre,4310 Shoreline Drive,Pickleball - adult,Other,Other,Yes,https://ottawa.ca/en/recreation-and-parks/facilities/place-listing/rideauview-community-centre,https://reservation.frontdesksuite.ca/rcfs/rideauviewcc/Home/Index?Culture=en&PageId=39d8f7e0-4911-4b0d-ab4f-27bbcae5380c,West - Barrhaven,Racquet Sport,Adult,"AM, PM",FALSE
4,Thursday,12:15 - 13:15,Rideauview Community Centre,4310 Shoreline Drive,Pickleball - adult,Other,Other,Yes,https://ottawa.ca/en/recreation-and-parks/facilities/place-listing/rideauview-community-centre,https://reservation.frontdesksuite.ca/rcfs/rideauviewcc/Home/Index?Culture=en&PageId=39d8f7e0-4911-4b0d-ab4f-27bbcae5380c,West - Barrhaven,Racquet Sport,Adult,PM,FALSE
4,Thursday,13:15 - 14:15,Rideauview Community Centre,4310 Shoreline Drive,Pickleball - adult,Other,Other,Yes,https://ottawa.ca/en/recreation-and-parks/facilities/place-listing/rideauview-community-centre,https://reservation.frontdesksuite.ca/rcfs/rideauviewcc/Home/Index?Culture=en&PageId=39d8f7e0-4911-4b0d-ab4f-27bbcae5380c,West - Barrhaven,Racquet Sport,Adult,PM,FALSE
5,Friday,12:00 - 13:00,Rideauview Community Centre,4310 Shoreline Drive,Pickleball - adult,Other,Other,Yes,https://ottawa.ca/en/recreation-and-parks/facilities/place-listing/rideauview-community-centre,https://reservation.frontdesksuite.ca/rcfs/rideauviewcc/Home/Index?Culture=en&PageId=39d8f7e0-4911-4b0d-ab4f-27bbcae5380c,West - Barrhaven,Racquet Sport,Adult,PM,FALSE
5,Friday,13:00 - 14:00,Rideauview Community Centre,4310 Shoreline Drive,Pickleball - adult,Other,Other,Yes,https://ottawa.ca/en/recreation-and-parks/facilities/place-listing/rideauview-community-centre,https://reservation.frontdesksuite.ca/rcfs/rideauviewcc/Home/Index?Culture=en&PageId=39d8f7e0-4911-4b0d-ab4f-27bbcae5380c,West - Barrhaven,Racquet Sport,Adult,PM,FALSE
4,Thursday,20:00 - 21:00,Rideauview Community Centre,4310 Shoreline Drive,Volleyball - adult,Other,Other,Yes,https://ottawa.ca/en/recreation-and-parks/facilities/place-listing/rideauview-community-centre,https://reservation.frontdesksuite.ca/rcfs/rideauviewcc/Home/Index?Culture=en&PageId=39d8f7e0-4911-4b0d-ab4f-27bbcae5380c,West - Barrhaven,Gym Sport,Adult,Evening,FALSE
3,Wednesday,18:00 - 19:00,Routhier Community Centre,172 Guigues Avenue,Badminton - adult,Other,Other,Yes,https://ottawa.ca/en/recreation-and-parks/facilities/place-listing/routhier-community-centre,https://reservation.frontdesksuite.ca/rcfs/routhiercc/Home/Index?Culture=en&PageId=5bc09d10-5c32-4d5b-a750-0d2e,Central,Racquet Sport,Adult,Evening,FALSE
3,Wednesday,19:00 - 20:00,Routhier Community Centre,172 Guigues Avenue,Badminton - adult,Other,Other,Yes,https://ottawa.ca/en/recreation-and-parks/facilities/place-listing/routhier-community-centre,https://reservation.frontdesksuite.ca/rcfs/routhiercc/Home/Index?Culture=en&PageId=5bc09d10-5c32-4d5b-a750-0d2e,Central,Racquet Sport,Adult,Evening,FALSE
3,Wednesday,20:00 - 21:00,Routhier Community Centre,172 Guigues Avenue,Badminton - adult,Other,Other,Yes,https://ottawa.ca/en/recreation-and-parks/facilities/place-listing/routhier-community-centre,https://reservation.frontdesksuite.ca/rcfs/routhiercc/Home/Index?Culture=en&PageId=5bc09d10-5c32-4d5b-a750-0d2e,Central,Racquet Sport,Adult,Evening,FALSE
3,Wednesday,21:00 - 22:00,Routhier Community Centre,172 Guigues Avenue,Badminton - adult,Other,Other,Yes,https://ottawa.ca/en/recreation-and-parks/facilities/place-listing/routhier-community-centre,https://reservation.frontdesksuite.ca/rcfs/routhiercc/Home/Index?Culture=en&PageId=5bc09d10-5c32-4d5b-a750-0d2e,Central,Racquet Sport,Adult,Evening,FALSE
4,Thursday,16:00 - 17:00,Routhier Community Centre,172 Guigues Avenue,Badminton - adult,Other,Other,Yes,https://ottawa.ca/en/recreation-and-parks/facilities/place-listing/routhier-community-centre,https://reservation.frontdesksuite.ca/rcfs/routhiercc/Home/Index?Culture=en&PageId=5bc09d10-5c32-4d5b-a750-0d2e,Central,Racquet Sport,Adult,PM,FALSE
4,Thursday,17:00 - 18:00,Routhier Community Centre,172 Guigues Avenue,Badminton - adult,Other,Other,Yes,https://ottawa.ca/en/recreation-and-parks/facilities/place-listing/routhier-community-centre,https://reservation.frontdesksuite.ca/rcfs/routhiercc/Home/Index?Culture=en&PageId=5bc09d10-5c32-4d5b-a750-0d2e,Central,Racquet Sport,Adult,Evening,FALSE
4,Thursday,18:00 - 19:00,Routhier Community Centre,172 Guigues Avenue,Badminton - adult,Other,Other,Yes,https://ottawa.ca/en/recreation-and-parks/facilities/place-listing/routhier-community-centre,https://reservation.frontdesksuite.ca/rcfs/routhiercc/Home/Index?Culture=en&PageId=5bc09d10-5c32-4d5b-a750-0d2e,Central,Racquet Sport,Adult,Evening,FALSE
4,Thursday,19:00 - 20:00,Routhier Community Centre,172 Guigues Avenue,Badminton - adult,Other,Other,Yes,https://ottawa.ca/en/recreation-and-parks/facilities/place-listing/routhier-community-centre,https://reservation.frontdesksuite.ca/rcfs/routhiercc/Home/Index?Culture=en&PageId=5bc09d10-5c32-4d5b-a750-0d2e,Central,Racquet Sport,Adult,Evening,FALSE
4,Thursday,20:00 - 21:00,Routhier Community Centre,172 Guigues Avenue,Badminton - adult,Other,Other,Yes,https://ottawa.ca/en/recreation-and-parks/facilities/place-listing/routhier-community-centre,https://reservation.frontdesksuite.ca/rcfs/routhiercc/Home/Index?Culture=en&PageId=5bc09d10-5c32-4d5b-a750-0d2e,Central,Racquet Sport,Adult,Evening,FALSE
4,Thursday,21:00 - 22:00,Routhier Community Centre,172 Guigues Avenue,Badminton - adult,Other,Other,Yes,https://ottawa.ca/en/recreation-and-parks/facilities/place-listing/routhier-community-centre,https://reservation.frontdesksuite.ca/rcfs/routhiercc/Home/Index?Culture=en&PageId=5bc09d10-5c32-4d5b-a750-0d2e,Central,Racquet Sport,Adult,Evening,FALSE
7,Sunday,16:30 - 17:30,Routhier Community Centre,172 Guigues Avenue,Badminton - adult,Other,Other,Yes,https://ottawa.ca/en/recreation-and-parks/facilities/place-listing/routhier-community-centre,https://reservation.frontdesksuite.ca/rcfs/routhiercc/Home/Index?Culture=en&PageId=5bc09d10-5c32-4d5b-a750-0d2e,Central,Racquet Sport,Adult,"PM, Evening",FALSE
7,Sunday,17:30 - 18:30,Routhier Community Centre,172 Guigues Avenue,Badminton - adult,Other,Other,Yes,https://ottawa.ca/en/recreation-and-parks/facilities/place-listing/routhier-community-centre,https://reservation.frontdesksuite.ca/rcfs/routhiercc/Home/Index?Culture=en&PageId=5bc09d10-5c32-4d5b-a750-0d2e,Central,Racquet Sport,Adult,Evening,FALSE
7,Sunday,14:30 - 15:30,Routhier Community Centre,172 Guigues Avenue,Badminton - family,Other,Other,Yes,https://ottawa.ca/en/recreation-and-parks/facilities/place-listing/routhier-community-centre,https://reservation.frontdesksuite.ca/rcfs/routhiercc/Home/Index?Culture=en&PageId=5bc09d10-5c32-4d5b-a750-0d2e,Central,Racquet Sport,"Preschool, Children, Youth, Adult",PM,FALSE
7,Sunday,15:30 - 16:30,Routhier Community Centre,172 Guigues Avenue,Badminton - family,Other,Other,Yes,https://ottawa.ca/en/recreation-and-parks/facilities/place-listing/routhier-community-centre,https://reservation.frontdesksuite.ca/rcfs/routhiercc/Home/Index?Culture=en&PageId=5bc09d10-5c32-4d5b-a750-0d2e,Central,Racquet Sport,"Preschool, Children, Youth, Adult",PM,FALSE
7,Sunday,12:00 - 13:00,Routhier Community Centre,172 Guigues Avenue,Basketball - adult,Other,Other,Yes,https://ottawa.ca/en/recreation-and-parks/facilities/place-listing/routhier-community-centre,https://reservation.frontdesksuite.ca/rcfs/routhiercc/Home/Index?Culture=en&PageId=5bc09d10-5c32-4d5b-a750-0d2e,Central,Gym Sport,Adult,PM,FALSE
7,Sunday,13:00 - 14:00,Routhier Community Centre,172 Guigues Avenue,Basketball - adult,Other,Other,Yes,https://ottawa.ca/en/recreation-and-parks/facilities/place-listing/routhier-community-centre,https://reservation.frontdesksuite.ca/rcfs/routhiercc/Home/Index?Culture=en&PageId=5bc09d10-5c32-4d5b-a750-0d2e,Central,Gym Sport,Adult,PM,FALSE
2,Tuesday,09:30 - 10:30,Routhier Community Centre,172 Guigues Avenue,Pickleball - adult,Other,Other,Yes,https://ottawa.ca/en/recreation-and-parks/facilities/place-listing/routhier-community-centre,https://reservation.frontdesksuite.ca/rcfs/routhiercc/Home/Index?Culture=en&PageId=5bc09d10-5c32-4d5b-a750-0d2e,Central,Racquet Sport,Adult,AM,FALSE
2,Tuesday,10:30 - 11:30,Routhier Community Centre,172 Guigues Avenue,Pickleball - adult,Other,Other,Yes,https://ottawa.ca/en/recreation-and-parks/facilities/place-listing/routhier-community-centre,https://reservation.frontdesksuite.ca/rcfs/routhiercc/Home/Index?Culture=en&PageId=5bc09d10-5c32-4d5b-a750-0d2e,Central,Racquet Sport,Adult,AM,FALSE
1,Monday,17:45 - 18:45,Routhier Community Centre,172 Guigues Avenue,Volleyball - 16+,Other,Other,Yes,https://ottawa.ca/en/recreation-and-parks/facilities/place-listing/routhier-community-centre,https://reservation.frontdesksuite.ca/rcfs/routhiercc/Home/Index?Culture=en&PageId=5bc09d10-5c32-4d5b-a750-0d2e,Central,Gym Sport,Adult,Evening,FALSE
1,Monday,18:45 - 19:45,Routhier Community Centre,172 Guigues Avenue,Volleyball - 16+,Other,Other,Yes,https://ottawa.ca/en/recreation-and-parks/facilities/place-listing/routhier-community-centre,https://reservation.frontdesksuite.ca/rcfs/routhiercc/Home/Index?Culture=en&PageId=5bc09d10-5c32-4d5b-a750-0d2e,Central,Gym Sport,Adult,Evening,FALSE
1,Monday,19:45 - 20:45,Routhier Community Centre,172 Guigues Avenue,Volleyball - 16+,Other,Other,Yes,https://ottawa.ca/en/recreation-and-parks/facilities/place-listing/routhier-community-centre,https://reservation.frontdesksuite.ca/rcfs/routhiercc/Home/Index?Culture=en&PageId=5bc09d10-5c32-4d5b-a750-0d2e,Central,Gym Sport,Adult,Evening,FALSE
1,Monday,20:45 - 21:45,Routhier Community Centre,172 Guigues Avenue,Volleyball - 16+,Other,Other,Yes,https://ottawa.ca/en/recreation-and-parks/facilities/place-listing/routhier-community-centre,https://reservation.frontdesksuite.ca/rcfs/routhiercc/Home/Index?Culture=en&PageId=5bc09d10-5c32-4d5b-a750-0d2e,Central,Gym Sport,Adult,Evening,FALSE
2,Tuesday,17:45 - 18:45,Routhier Community Centre,172 Guigues Avenue,Volleyball - 16+,Other,Other,Yes,https://ottawa.ca/en/recreation-and-parks/facilities/place-listing/routhier-community-centre,https://reservation.frontdesksuite.ca/rcfs/routhiercc/Home/Index?Culture=en&PageId=5bc09d10-5c32-4d5b-a750-0d2e,Central,Gym Sport,Adult,Evening,FALSE
2,Tuesday,18:45 - 19:45,Routhier Community Centre,172 Guigues Avenue,Volleyball - 16+,Other,Other,Yes,https://ottawa.ca/en/recreation-and-parks/facilities/place-listing/routhier-community-centre,https://reservation.frontdesksuite.ca/rcfs/routhiercc/Home/Index?Culture=en&PageId=5bc09d10-5c32-4d5b-a750-0d2e,Central,Gym Sport,Adult,Evening,FALSE
2,Tuesday,19:45 - 20:45,Routhier Community Centre,172 Guigues Avenue,Volleyball - 16+,Other,Other,Yes,https://ottawa.ca/en/recreation-and-parks/facilities/place-listing/routhier-community-centre,https://reservation.frontdesksuite.ca/rcfs/routhiercc/Home/Index?Culture=en&PageId=5bc09d10-5c32-4d5b-a750-0d2e,Central,Gym Sport,Adult,Evening,FALSE
2,Tuesday,20:45 - 21:45,Routhier Community Centre,172 Guigues Avenue,Volleyball - 16+,Other,Other,Yes,https://ottawa.ca/en/recreation-and-parks/facilities/place-listing/routhier-community-centre,https://reservation.frontdesksuite.ca/rcfs/routhiercc/Home/Index?Culture=en&PageId=5bc09d10-5c32-4d5b-a750-0d2e,Central,Gym Sport,Adult,Evening,FALSE
6,Saturday,14:00 - 15:00,Routhier Community Centre,172 Guigues Avenue,Volleyball - 16+,Other,Other,Yes,https://ottawa.ca/en/recreation-and-parks/facilities/place-listing/routhier-community-centre,https://reservation.frontdesksuite.ca/rcfs/routhiercc/Home/Index?Culture=en&PageId=5bc09d10-5c32-4d5b-a750-0d2e,Central,Gym Sport,Adult,PM,TRUE
6,Saturday,15:00 - 16:00,Routhier Community Centre,172 Guigues Avenue,Volleyball - 16+,Other,Other,Yes,https://ottawa.ca/en/recreation-and-parks/facilities/place-listing/routhier-community-centre,https://reservation.frontdesksuite.ca/rcfs/routhiercc/Home/Index?Culture=en&PageId=5bc09d10-5c32-4d5b-a750-0d2e,Central,Gym Sport,Adult,PM,TRUE
6,Saturday,16:00 - 17:00,Routhier Community Centre,172 Guigues Avenue,Volleyball - 16+,Other,Other,Yes,https://ottawa.ca/en/recreation-and-parks/facilities/place-listing/routhier-community-centre,https://reservation.frontdesksuite.ca/rcfs/routhiercc/Home/Index?Culture=en&PageId=5bc09d10-5c32-4d5b-a750-0d2e,Central,Gym Sport,Adult,PM,TRUE
6,Saturday,17:00 - 18:00,Routhier Community Centre,172 Guigues Avenue,Volleyball - 16+,Other,Other,Yes,https://ottawa.ca/en/recreation-and-parks/facilities/place-listing/routhier-community-centre,https://reservation.frontdesksuite.ca/rcfs/routhiercc/Home/Index?Culture=en&PageId=5bc09d10-5c32-4d5b-a750-0d2e,Central,Gym Sport,Adult,Evening,TRUE
2,Tuesday,17:00 - 17:50,Sandy Hill Arena,60 Mann Avenue,Public skating,Other,Other,No,https://ottawa.ca/en/recreation-and-parks/facilities/place-listing/sandy-hill-arena,#,Central,Skating,"Preschool, Children, Youth, Adult",Evening,FALSE
6,Saturday,21:00 - 21:50,Sandy Hill Arena,60 Mann Avenue,Public skating,Other,Other,No,https://ottawa.ca/en/recreation-and-parks/facilities/place-listing/sandy-hill-arena,#,Central,Skating,"Preschool, Children, Youth, Adult",Evening,TRUE
7,Sunday,16:00 - 16:50,Sandy Hill Arena,60 Mann Avenue,Public skating,Other,Other,No,https://ottawa.ca/en/recreation-and-parks/facilities/place-listing/sandy-hill-arena,#,Central,Skating,"Preschool, Children, Youth, Adult",PM,FALSE
2,Tuesday,16:00 - 16:50,Sandy Hill Arena,60 Mann Avenue,Family skating,Other,Other,No,https://ottawa.ca/en/recreation-and-parks/facilities/place-listing/sandy-hill-arena,#,Central,Skating,"Preschool, Children, Youth, Adult",PM,FALSE
6,Saturday,20:00 - 20:50,Sandy Hill Arena,60 Mann Avenue,Family skating,Other,Other,No,https://ottawa.ca/en/recreation-and-parks/facilities/place-listing/sandy-hill-arena,#,Central,Skating,"Preschool, Children, Youth, Adult",Evening,TRUE
7,Sunday,15:00 - 15:50,Sandy Hill Arena,60 Mann Avenue,Family skating,Other,Other,No,https://ottawa.ca/en/recreation-and-parks/facilities/place-listing/sandy-hill-arena,#,Central,Skating,"Preschool, Children, Youth, Adult",PM,FALSE
6,Saturday,15:00 - 15:50,Sandy Hill Arena,60 Mann Avenue,Hockey - youth (13 to 17 years),Other,Other,Yes,https://ottawa.ca/en/recreation-and-parks/facilities/place-listing/sandy-hill-arena,https://reservation.frontdesksuite.ca/rcfs/SandyHillArena/Home/Index?Culture=en&PageId=aea58844-1959-4812-8756-5888bf0d1a59,Central,Skating,Youth,PM,FALSE
6,Saturday,22:00 - 22:50,Sandy Hill Arena,60 Mann Avenue,Figure skating (6+),Other,Other,Yes,https://ottawa.ca/en/recreation-and-parks/facilities/place-listing/sandy-hill-arena,https://reservation.frontdesksuite.ca/rcfs/SandyHillArena/Home/Index?Culture=en&PageId=aea58844-1959-4812-8756-5888bf0d1a59,Central,Skating,Adult,Evening,FALSE
6,Saturday,16:00 - 16:50,Sandy Hill Arena,60 Mann Avenue,Speed skating (6+),Other,Other,Yes,https://ottawa.ca/en/recreation-and-parks/facilities/place-listing/sandy-hill-arena,https://reservation.frontdesksuite.ca/rcfs/SandyHillArena/Home/Index?Culture=en&PageId=aea58844-1959-4812-8756-5888bf0d1a59,Central,Skating,Adult,PM,FALSE
1,Monday,11:00 - 14:00,Sawmill Creek Community Centre and Pool,3380 D’Aoust Avenue,Lane swim,Lane Swim,Indoors,No,https://ottawa.ca/en/recreation-and-parks/facilities/place-listing/sawmill-creek-community-centre-and-pool,#,South,Swimming,Adult,"AM, PM",FALSE
1,Monday,20:30 - 21:30,Sawmill Creek Community Centre and Pool,3380 D’Aoust Avenue,Lane swim,Lane Swim,Indoors,No,https://ottawa.ca/en/recreation-and-parks/facilities/place-listing/sawmill-creek-community-centre-and-pool,#,South,Swimming,Adult,Evening,FALSE
2,Tuesday,07:00 - 08:30,Sawmill Creek Community Centre and Pool,3380 D’Aoust Avenue,Lane swim,Lane Swim,Indoors,No,https://ottawa.ca/en/recreation-and-parks/facilities/place-listing/sawmill-creek-community-centre-and-pool,#,South,Swimming,Adult,AM,FALSE
2,Tuesday,12:00 - 13:00,Sawmill Creek Community Centre and Pool,3380 D’Aoust Avenue,Lane swim,Lane Swim,Indoors,No,https://ottawa.ca/en/recreation-and-parks/facilities/place-listing/sawmill-creek-community-centre-and-pool,#,South,Swimming,Adult,PM,FALSE
2,Tuesday,20:30 - 21:30,Sawmill Creek Community Centre and Pool,3380 D’Aoust Avenue,Lane swim,Lane Swim,Indoors,No,https://ottawa.ca/en/recreation-and-parks/facilities/place-listing/sawmill-creek-community-centre-and-pool,#,South,Swimming,Adult,Evening,FALSE
3,Wednesday,11:00 - 14:00,Sawmill Creek Community Centre and Pool,3380 D’Aoust Avenue,Lane swim,Lane Swim,Indoors,No,https://ottawa.ca/en/recreation-and-parks/facilities/place-listing/sawmill-creek-community-centre-and-pool,#,South,Swimming,Adult,"AM, PM",FALSE
3,Wednesday,20:30 - 21:30,Sawmill Creek Community Centre and Pool,3380 D’Aoust Avenue,Lane swim,Lane Swim,Indoors,No,https://ottawa.ca/en/recreation-and-parks/facilities/place-listing/sawmill-creek-community-centre-and-pool,#,South,Swimming,Adult,Evening,FALSE
4,Thursday,07:00 - 11:00,Sawmill Creek Community Centre and Pool,3380 D’Aoust Avenue,Lane swim,Lane Swim,Indoors,No,https://ottawa.ca/en/recreation-and-parks/facilities/place-listing/sawmill-creek-community-centre-and-pool,#,South,Swimming,Adult,AM,FALSE
4,Thursday,12:00 - 13:00,Sawmill Creek Community Centre and Pool,3380 D’Aoust Avenue,Lane swim,Lane Swim,Indoors,No,https://ottawa.ca/en/recreation-and-parks/facilities/place-listing/sawmill-creek-community-centre-and-pool,#,South,Swimming,Adult,PM,FALSE
4,Thursday,20:30 - 21:30,Sawmill Creek Community Centre and Pool,3380 D’Aoust Avenue,Lane swim,Lane Swim,Indoors,No,https://ottawa.ca/en/recreation-and-parks/facilities/place-listing/sawmill-creek-community-centre-and-pool,#,South,Swimming,Adult,Evening,FALSE
5,Friday,11:00 - 14:00,Sawmill Creek Community Centre and Pool,3380 D’Aoust Avenue,Lane swim,Lane Swim,Indoors,No,https://ottawa.ca/en/recreation-and-parks/facilities/place-listing/sawmill-creek-community-centre-and-pool,#,South,Swimming,Adult,"AM, PM",FALSE
6,Saturday,12:00 - 13:00,Sawmill Creek Community Centre and Pool,3380 D’Aoust Avenue,Lane swim,Lane Swim,Indoors,No,https://ottawa.ca/en/recreation-and-parks/facilities/place-listing/sawmill-creek-community-centre-and-pool,#,South,Swimming,Adult,PM,FALSE
6,Saturday,18:30 - 19:30,Sawmill Creek Community Centre and Pool,3380 D’Aoust Avenue,Lane swim,Lane Swim,Indoors,No,https://ottawa.ca/en/recreation-and-parks/facilities/place-listing/sawmill-creek-community-centre-and-pool,#,South,Swimming,Adult,Evening,FALSE
7,Sunday,12:00 - 13:00,Sawmill Creek Community Centre and Pool,3380 D’Aoust Avenue,Lane swim,Lane Swim,Indoors,No,https://ottawa.ca/en/recreation-and-parks/facilities/place-listing/sawmill-creek-community-centre-and-pool,#,South,Swimming,Adult,PM,FALSE
7,Sunday,19:00 - 20:00,Sawmill Creek Community Centre and Pool,3380 D’Aoust Avenue,Lane swim,Lane Swim,Indoors,No,https://ottawa.ca/en/recreation-and-parks/facilities/place-listing/sawmill-creek-community-centre-and-pool,#,South,Swimming,Adult,Evening,FALSE
2,Tuesday,08:30 - 11:00,Sawmill Creek Community Centre and Pool,3380 D’Aoust Avenue,Lane swim - shared pool,Lane Swim,Indoors,No,https://ottawa.ca/en/recreation-and-parks/facilities/place-listing/sawmill-creek-community-centre-and-pool,#,South,Swimming,Adult,AM,FALSE
6,Saturday,13:00 - 15:00,Sawmill Creek Community Centre and Pool,3380 D’Aoust Avenue,Public swim,Public Swim,Indoors,No,https://ottawa.ca/en/recreation-and-parks/facilities/place-listing/sawmill-creek-community-centre-and-pool,#,South,Swimming,"Preschool, Children, Youth, Adult",PM,TRUE
7,Sunday,13:00 - 15:00,Sawmill Creek Community Centre and Pool,3380 D’Aoust Avenue,Public swim,Public Swim,Indoors,No,https://ottawa.ca/en/recreation-and-parks/facilities/place-listing/sawmill-creek-community-centre-and-pool,#,South,Swimming,"Preschool, Children, Youth, Adult",PM,FALSE
2,Tuesday,10:00 - 11:00,Sawmill Creek Community Centre and Pool,3380 D’Aoust Avenue,Preschool swim,Other,Indoors,No,https://ottawa.ca/en/recreation-and-parks/facilities/place-listing/sawmill-creek-community-centre-and-pool,#,South,Swimming,Preschool,AM,FALSE
5,Friday,20:30 - 21:30,Sawmill Creek Community Centre and Pool,3380 D’Aoust Avenue,Women’s only swim,Other,Indoors,No,https://ottawa.ca/en/recreation-and-parks/facilities/place-listing/sawmill-creek-community-centre-and-pool,#,South,Swimming,Adult,Evening,FALSE
1,Monday,08:00 - 09:00,Sawmill Creek Community Centre and Pool,3380 D’Aoust Avenue,Aquafit,Aquafit,Indoors,No,https://ottawa.ca/en/recreation-and-parks/facilities/place-listing/sawmill-creek-community-centre-and-pool,#,South,Swimming,Adult,AM,FALSE
1,Monday,09:00 - 10:00,Sawmill Creek Community Centre and Pool,3380 D’Aoust Avenue,Aquafit,Aquafit,Indoors,No,https://ottawa.ca/en/recreation-and-parks/facilities/place-listing/sawmill-creek-community-centre-and-pool,#,South,Swimming,Adult,AM,FALSE
1,Monday,10:00 - 11:00,Sawmill Creek Community Centre and Pool,3380 D’Aoust Avenue,Aquafit,Aquafit,Indoors,No,https://ottawa.ca/en/recreation-and-parks/facilities/place-listing/sawmill-creek-community-centre-and-pool,#,South,Swimming,Adult,AM,FALSE
2,Tuesday,19:30 - 20:30,Sawmill Creek Community Centre and Pool,3380 D’Aoust Avenue,Aquafit,Aquafit,Indoors,No,https://ottawa.ca/en/recreation-and-parks/facilities/place-listing/sawmill-creek-community-centre-and-pool,#,South,Swimming,Adult,Evening,FALSE
3,Wednesday,08:00 - 09:00,Sawmill Creek Community Centre and Pool,3380 D’Aoust Avenue,Aquafit,Aquafit,Indoors,No,https://ottawa.ca/en/recreation-and-parks/facilities/place-listing/sawmill-creek-community-centre-and-pool,#,South,Swimming,Adult,AM,FALSE
3,Wednesday,09:00 - 10:00,Sawmill Creek Community Centre and Pool,3380 D’Aoust Avenue,Aquafit,Aquafit,Indoors,No,https://ottawa.ca/en/recreation-and-parks/facilities/place-listing/sawmill-creek-community-centre-and-pool,#,South,Swimming,Adult,AM,FALSE
3,Wednesday,10:00 - 11:00,Sawmill Creek Community Centre and Pool,3380 D’Aoust Avenue,Aquafit,Aquafit,Indoors,No,https://ottawa.ca/en/recreation-and-parks/facilities/place-listing/sawmill-creek-community-centre-and-pool,#,South,Swimming,Adult,AM,FALSE
5,Friday,08:00 - 09:00,Sawmill Creek Community Centre and Pool,3380 D’Aoust Avenue,Aquafit,Aquafit,Indoors,No,https://ottawa.ca/en/recreation-and-parks/facilities/place-listing/sawmill-creek-community-centre-and-pool,#,South,Swimming,Adult,AM,FALSE
5,Friday,09:00 - 10:00,Sawmill Creek Community Centre and Pool,3380 D’Aoust Avenue,Aquafit,Aquafit,Indoors,No,https://ottawa.ca/en/recreation-and-parks/facilities/place-listing/sawmill-creek-community-centre-and-pool,#,South,Swimming,Adult,AM,FALSE
5,Friday,10:00 - 11:00,Sawmill Creek Community Centre and Pool,3380 D’Aoust Avenue,Aquafit,Aquafit,Indoors,No,https://ottawa.ca/en/recreation-and-parks/facilities/place-listing/sawmill-creek-community-centre-and-pool,#,South,Swimming,Adult,AM,FALSE
3,Wednesday,11:30 - 12:30,Sawmill Creek Community Centre and Pool,3380 D’Aoust Avenue,Strength and balance - older adult,Other,Indoors,No,https://ottawa.ca/en/recreation-and-parks/facilities/place-listing/sawmill-creek-community-centre-and-pool,#,South,Group Fitness,50+,"AM, PM",FALSE
5,Friday,11:30 - 12:30,Sawmill Creek Community Centre and Pool,3380 D’Aoust Avenue,Strength and balance - older adult,Other,Indoors,No,https://ottawa.ca/en/recreation-and-parks/facilities/place-listing/sawmill-creek-community-centre-and-pool,#,South,Group Fitness,50+,"AM, PM",FALSE
2,Tuesday,12:30 - 13:30,Sawmill Creek Community Centre and Pool,3380 D’Aoust Avenue,20-20-20 (Outdoor - weather dependent),Other,Indoors,No,https://ottawa.ca/en/recreation-and-parks/facilities/place-listing/sawmill-creek-community-centre-and-pool,#,South,Group Fitness,Adult,PM,FALSE
4,Thursday,18:00 - 19:00,South Fallingbrook Community Centre,998 Valin Street,Pickleball - adult,Other,Other,Yes,https://ottawa.ca/en/recreation-and-parks/facilities/place-listing/south-fallingbrook-community-centre,https://reservation.frontdesksuite.ca/rcfs/southfallingbrook/Home/Index?Culture=en&PageId=3afee5f2-7829-4bb7-a604-5ffcc7e4abf3,East - Orleans,Racquet Sport,Adult,Evening,FALSE
4,Thursday,19:00 - 20:00,South Fallingbrook Community Centre,998 Valin Street,Pickleball - adult,Other,Other,Yes,https://ottawa.ca/en/recreation-and-parks/facilities/place-listing/south-fallingbrook-community-centre,https://reservation.frontdesksuite.ca/rcfs/southfallingbrook/Home/Index?Culture=en&PageId=3afee5f2-7829-4bb7-a604-5ffcc7e4abf3,East - Orleans,Racquet Sport,Adult,Evening,FALSE
4,Thursday,20:15 - 21:15,South Fallingbrook Community Centre,998 Valin Street,Pickleball - adult,Other,Other,Yes,https://ottawa.ca/en/recreation-and-parks/facilities/place-listing/south-fallingbrook-community-centre,https://reservation.frontdesksuite.ca/rcfs/southfallingbrook/Home/Index?Culture=en&PageId=3afee5f2-7829-4bb7-a604-5ffcc7e4abf3,East - Orleans,Racquet Sport,Adult,Evening,FALSE
6,Saturday,16:30 - 17:30,South Fallingbrook Community Centre,998 Valin Street,Pickleball - adult,Other,Other,Yes,https://ottawa.ca/en/recreation-and-parks/facilities/place-listing/south-fallingbrook-community-centre,https://reservation.frontdesksuite.ca/rcfs/southfallingbrook/Home/Index?Culture=en&PageId=3afee5f2-7829-4bb7-a604-5ffcc7e4abf3,East - Orleans,Racquet Sport,Adult,"PM, Evening",FALSE
6,Saturday,17:30 - 18:30,South Fallingbrook Community Centre,998 Valin Street,Pickleball - adult,Other,Other,Yes,https://ottawa.ca/en/recreation-and-parks/facilities/place-listing/south-fallingbrook-community-centre,https://reservation.frontdesksuite.ca/rcfs/southfallingbrook/Home/Index?Culture=en&PageId=3afee5f2-7829-4bb7-a604-5ffcc7e4abf3,East - Orleans,Racquet Sport,Adult,Evening,FALSE
7,Sunday,14:00 - 15:00,South Fallingbrook Community Centre,998 Valin Street,Pickleball - adult,Other,Other,Yes,https://ottawa.ca/en/recreation-and-parks/facilities/place-listing/south-fallingbrook-community-centre,https://reservation.frontdesksuite.ca/rcfs/southfallingbrook/Home/Index?Culture=en&PageId=3afee5f2-7829-4bb7-a604-5ffcc7e4abf3,East - Orleans,Racquet Sport,Adult,PM,FALSE
7,Sunday,15:00 - 16:00,South Fallingbrook Community Centre,998 Valin Street,Pickleball - adult,Other,Other,Yes,https://ottawa.ca/en/recreation-and-parks/facilities/place-listing/south-fallingbrook-community-centre,https://reservation.frontdesksuite.ca/rcfs/southfallingbrook/Home/Index?Culture=en&PageId=3afee5f2-7829-4bb7-a604-5ffcc7e4abf3,East - Orleans,Racquet Sport,Adult,PM,FALSE
7,Sunday,16:00 - 17:00,South Fallingbrook Community Centre,998 Valin Street,Pickleball - adult,Other,Other,Yes,https://ottawa.ca/en/recreation-and-parks/facilities/place-listing/south-fallingbrook-community-centre,https://reservation.frontdesksuite.ca/rcfs/southfallingbrook/Home/Index?Culture=en&PageId=3afee5f2-7829-4bb7-a604-5ffcc7e4abf3,East - Orleans,Racquet Sport,Adult,PM,FALSE
7,Sunday,17:00 - 18:00,South Fallingbrook Community Centre,998 Valin Street,Pickleball - adult,Other,Other,Yes,https://ottawa.ca/en/recreation-and-parks/facilities/place-listing/south-fallingbrook-community-centre,https://reservation.frontdesksuite.ca/rcfs/southfallingbrook/Home/Index?Culture=en&PageId=3afee5f2-7829-4bb7-a604-5ffcc7e4abf3,East - Orleans,Racquet Sport,Adult,Evening,FALSE
6,Saturday,15:00 - 16:00,South Fallingbrook Community Centre,998 Valin Street,Basketball - youth,Other,Other,Yes,https://ottawa.ca/en/recreation-and-parks/facilities/place-listing/south-fallingbrook-community-centre,https://reservation.frontdesksuite.ca/rcfs/southfallingbrook/Home/Index?Culture=en&PageId=3afee5f2-7829-4bb7-a604-5ffcc7e4abf3,East - Orleans,Gym Sport,Youth,PM,TRUE
5,Friday,20:15 - 21:15,South Fallingbrook Community Centre,998 Valin Street,Badminton - adult,Other,Other,Yes,https://ottawa.ca/en/recreation-and-parks/facilities/place-listing/south-fallingbrook-community-centre,https://reservation.frontdesksuite.ca/rcfs/southfallingbrook/Home/Index?Culture=en&PageId=3afee5f2-7829-4bb7-a604-5ffcc7e4abf3,East - Orleans,Racquet Sport,Adult,Evening,FALSE
3,Wednesday,10:00 - 11:00,South Fallingbrook Community Centre,998 Valin Street,Kinderplay,Other,Other,Yes,https://ottawa.ca/en/recreation-and-parks/facilities/place-listing/south-fallingbrook-community-centre,https://reservation.frontdesksuite.ca/rcfs/southfallingbrook/Home/Index?Culture=en&PageId=3afee5f2-7829-4bb7-a604-5ffcc7e4abf3,East - Orleans,Gym Sport,Preschool,AM,FALSE
3,Wednesday,11:00 - 12:00,South Fallingbrook Community Centre,998 Valin Street,Kinderplay,Other,Other,Yes,https://ottawa.ca/en/recreation-and-parks/facilities/place-listing/south-fallingbrook-community-centre,https://reservation.frontdesksuite.ca/rcfs/southfallingbrook/Home/Index?Culture=en&PageId=3afee5f2-7829-4bb7-a604-5ffcc7e4abf3,East - Orleans,Gym Sport,Preschool,AM,FALSE
3,Wednesday,12:00 - 13:00,South Fallingbrook Community Centre,998 Valin Street,Kinderplay,Other,Other,Yes,https://ottawa.ca/en/recreation-and-parks/facilities/place-listing/south-fallingbrook-community-centre,https://reservation.frontdesksuite.ca/rcfs/southfallingbrook/Home/Index?Culture=en&PageId=3afee5f2-7829-4bb7-a604-5ffcc7e4abf3,East - Orleans,Gym Sport,Preschool,PM,FALSE
3,Wednesday,13:00 - 14:00,South Fallingbrook Community Centre,998 Valin Street,Kinderplay,Other,Other,Yes,https://ottawa.ca/en/recreation-and-parks/facilities/place-listing/south-fallingbrook-community-centre,https://reservation.frontdesksuite.ca/rcfs/southfallingbrook/Home/Index?Culture=en&PageId=3afee5f2-7829-4bb7-a604-5ffcc7e4abf3,East - Orleans,Gym Sport,Preschool,PM,FALSE
6,Saturday,12:30 - 13:30,South Fallingbrook Community Centre,998 Valin Street,Kinderplay,Other,Other,Yes,https://ottawa.ca/en/recreation-and-parks/facilities/place-listing/south-fallingbrook-community-centre,https://reservation.frontdesksuite.ca/rcfs/southfallingbrook/Home/Index?Culture=en&PageId=3afee5f2-7829-4bb7-a604-5ffcc7e4abf3,East - Orleans,Gym Sport,Preschool,PM,TRUE
6,Saturday,13:30 - 14:30,South Fallingbrook Community Centre,998 Valin Street,Kinderplay,Other,Other,Yes,https://ottawa.ca/en/recreation-and-parks/facilities/place-listing/south-fallingbrook-community-centre,https://reservation.frontdesksuite.ca/rcfs/southfallingbrook/Home/Index?Culture=en&PageId=3afee5f2-7829-4bb7-a604-5ffcc7e4abf3,East - Orleans,Gym Sport,Preschool,PM,TRUE
6,Saturday,14:30 - 15:30,South Fallingbrook Community Centre,998 Valin Street,Kinderplay,Other,Other,Yes,https://ottawa.ca/en/recreation-and-parks/facilities/place-listing/south-fallingbrook-community-centre,https://reservation.frontdesksuite.ca/rcfs/southfallingbrook/Home/Index?Culture=en&PageId=3afee5f2-7829-4bb7-a604-5ffcc7e4abf3,East - Orleans,Gym Sport,Preschool,PM,TRUE
6,Saturday,15:30 - 16:30,South Fallingbrook Community Centre,998 Valin Street,Kinderplay,Other,Other,Yes,https://ottawa.ca/en/recreation-and-parks/facilities/place-listing/south-fallingbrook-community-centre,https://reservation.frontdesksuite.ca/rcfs/southfallingbrook/Home/Index?Culture=en&PageId=3afee5f2-7829-4bb7-a604-5ffcc7e4abf3,East - Orleans,Gym Sport,Preschool,PM,TRUE
1,Monday,07:00 - 10:00,St. Laurent Complex,525 Côté Street,Lane Swim,Lane Swim,Indoors,Yes,https://ottawa.ca/en/recreation-and-parks/facilities/place-listing/st-laurent-complex,https://reservation.frontdesksuite.ca/rcfs/slc/Home/Index?Culture=en&PageId=3f19fc30-401a-4741-96ea-0d78955388c7,East - Vanier,Swimming,Adult,AM,FALSE
1,Monday,12:00 - 14:00,St. Laurent Complex,525 Côté Street,Lane Swim,Lane Swim,Indoors,Yes,https://ottawa.ca/en/recreation-and-parks/facilities/place-listing/st-laurent-complex,https://reservation.frontdesksuite.ca/rcfs/slc/Home/Index?Culture=en&PageId=3f19fc30-401a-4741-96ea-0d78955388c7,East - Vanier,Swimming,Adult,PM,FALSE
1,Monday,20:45 - 21:45,St. Laurent Complex,525 Côté Street,Lane Swim,Lane Swim,Indoors,Yes,https://ottawa.ca/en/recreation-and-parks/facilities/place-listing/st-laurent-complex,https://reservation.frontdesksuite.ca/rcfs/slc/Home/Index?Culture=en&PageId=3f19fc30-401a-4741-96ea-0d78955388c7,East - Vanier,Swimming,Adult,Evening,FALSE
2,Tuesday,07:00 - 13:00,St. Laurent Complex,525 Côté Street,Lane Swim,Lane Swim,Indoors,Yes,https://ottawa.ca/en/recreation-and-parks/facilities/place-listing/st-laurent-complex,https://reservation.frontdesksuite.ca/rcfs/slc/Home/Index?Culture=en&PageId=3f19fc30-401a-4741-96ea-0d78955388c7,East - Vanier,Swimming,Adult,"AM, PM",FALSE
2,Tuesday,20:30 - 21:30,St. Laurent Complex,525 Côté Street,Lane Swim,Lane Swim,Indoors,Yes,https://ottawa.ca/en/recreation-and-parks/facilities/place-listing/st-laurent-complex,https://reservation.frontdesksuite.ca/rcfs/slc/Home/Index?Culture=en&PageId=3f19fc30-401a-4741-96ea-0d78955388c7,East - Vanier,Swimming,Adult,Evening,FALSE
3,Wednesday,07:00 - 10:00,St. Laurent Complex,525 Côté Street,Lane Swim,Lane Swim,Indoors,Yes,https://ottawa.ca/en/recreation-and-parks/facilities/place-listing/st-laurent-complex,https://reservation.frontdesksuite.ca/rcfs/slc/Home/Index?Culture=en&PageId=3f19fc30-401a-4741-96ea-0d78955388c7,East - Vanier,Swimming,Adult,AM,FALSE
3,Wednesday,12:00 - 14:00,St. Laurent Complex,525 Côté Street,Lane Swim,Lane Swim,Indoors,Yes,https://ottawa.ca/en/recreation-and-parks/facilities/place-listing/st-laurent-complex,https://reservation.frontdesksuite.ca/rcfs/slc/Home/Index?Culture=en&PageId=3f19fc30-401a-4741-96ea-0d78955388c7,East - Vanier,Swimming,Adult,PM,FALSE
3,Wednesday,21:00 - 22:00,St. Laurent Complex,525 Côté Street,Lane Swim,Lane Swim,Indoors,Yes,https://ottawa.ca/en/recreation-and-parks/facilities/place-listing/st-laurent-complex,https://reservation.frontdesksuite.ca/rcfs/slc/Home/Index?Culture=en&PageId=3f19fc30-401a-4741-96ea-0d78955388c7,East - Vanier,Swimming,Adult,Evening,FALSE
4,Thursday,07:00 - 09:00,St. Laurent Complex,525 Côté Street,Lane Swim,Lane Swim,Indoors,Yes,https://ottawa.ca/en/recreation-and-parks/facilities/place-listing/st-laurent-complex,https://reservation.frontdesksuite.ca/rcfs/slc/Home/Index?Culture=en&PageId=3f19fc30-401a-4741-96ea-0d78955388c7,East - Vanier,Swimming,Adult,AM,FALSE
4,Thursday,11:00 - 13:30,St. Laurent Complex,525 Côté Street,Lane Swim,Lane Swim,Indoors,Yes,https://ottawa.ca/en/recreation-and-parks/facilities/place-listing/st-laurent-complex,https://reservation.frontdesksuite.ca/rcfs/slc/Home/Index?Culture=en&PageId=3f19fc30-401a-4741-96ea-0d78955388c7,East - Vanier,Swimming,Adult,"AM, PM",FALSE
4,Thursday,20:30 - 21:30,St. Laurent Complex,525 Côté Street,Lane Swim,Lane Swim,Indoors,Yes,https://ottawa.ca/en/recreation-and-parks/facilities/place-listing/st-laurent-complex,https://reservation.frontdesksuite.ca/rcfs/slc/Home/Index?Culture=en&PageId=3f19fc30-401a-4741-96ea-0d78955388c7,East - Vanier,Swimming,Adult,Evening,FALSE
5,Friday,07:00 - 09:15,St. Laurent Complex,525 Côté Street,Lane Swim,Lane Swim,Indoors,Yes,https://ottawa.ca/en/recreation-and-parks/facilities/place-listing/st-laurent-complex,https://reservation.frontdesksuite.ca/rcfs/slc/Home/Index?Culture=en&PageId=3f19fc30-401a-4741-96ea-0d78955388c7,East - Vanier,Swimming,Adult,AM,FALSE
5,Friday,11:15 - 13:00,St. Laurent Complex,525 Côté Street,Lane Swim,Lane Swim,Indoors,Yes,https://ottawa.ca/en/recreation-and-parks/facilities/place-listing/st-laurent-complex,https://reservation.frontdesksuite.ca/rcfs/slc/Home/Index?Culture=en&PageId=3f19fc30-401a-4741-96ea-0d78955388c7,East - Vanier,Swimming,Adult,"AM, PM",FALSE
5,Friday,20:30 - 21:30,St. Laurent Complex,525 Côté Street,Lane Swim,Lane Swim,Indoors,Yes,https://ottawa.ca/en/recreation-and-parks/facilities/place-listing/st-laurent-complex,https://reservation.frontdesksuite.ca/rcfs/slc/Home/Index?Culture=en&PageId=3f19fc30-401a-4741-96ea-0d78955388c7,East - Vanier,Swimming,Adult,Evening,FALSE
6,Saturday,08:00 - 09:00,St. Laurent Complex,525 Côté Street,Lane Swim,Lane Swim,Indoors,Yes,https://ottawa.ca/en/recreation-and-parks/facilities/place-listing/st-laurent-complex,https://reservation.frontdesksuite.ca/rcfs/slc/Home/Index?Culture=en&PageId=3f19fc30-401a-4741-96ea-0d78955388c7,East - Vanier,Swimming,Adult,AM,TRUE
6,Saturday,19:00 - 20:00,St. Laurent Complex,525 Côté Street,Lane Swim,Lane Swim,Indoors,Yes,https://ottawa.ca/en/recreation-and-parks/facilities/place-listing/st-laurent-complex,https://reservation.frontdesksuite.ca/rcfs/slc/Home/Index?Culture=en&PageId=3f19fc30-401a-4741-96ea-0d78955388c7,East - Vanier,Swimming,Adult,Evening,TRUE
7,Sunday,08:00 - 09:00,St. Laurent Complex,525 Côté Street,Lane Swim,Lane Swim,Indoors,Yes,https://ottawa.ca/en/recreation-and-parks/facilities/place-listing/st-laurent-complex,https://reservation.frontdesksuite.ca/rcfs/slc/Home/Index?Culture=en&PageId=3f19fc30-401a-4741-96ea-0d78955388c7,East - Vanier,Swimming,Adult,AM,FALSE
7,Sunday,13:00 - 14:00,St. Laurent Complex,525 Côté Street,Lane Swim,Lane Swim,Indoors,Yes,https://ottawa.ca/en/recreation-and-parks/facilities/place-listing/st-laurent-complex,https://reservation.frontdesksuite.ca/rcfs/slc/Home/Index?Culture=en&PageId=3f19fc30-401a-4741-96ea-0d78955388c7,East - Vanier,Swimming,Adult,PM,FALSE
7,Sunday,19:00 - 20:00,St. Laurent Complex,525 Côté Street,Lane Swim,Lane Swim,Indoors,Yes,https://ottawa.ca/en/recreation-and-parks/facilities/place-listing/st-laurent-complex,https://reservation.frontdesksuite.ca/rcfs/slc/Home/Index?Culture=en&PageId=3f19fc30-401a-4741-96ea-0d78955388c7,East - Vanier,Swimming,Adult,Evening,FALSE
5,Friday,19:00 - 20:30,St. Laurent Complex,525 Côté Street,Public swim,Public Swim,Indoors,No,https://ottawa.ca/en/recreation-and-parks/facilities/place-listing/st-laurent-complex,#,East - Vanier,Swimming,"Preschool, Children, Youth, Adult",Evening,FALSE
6,Saturday,13:00 - 16:00,St. Laurent Complex,525 Côté Street,Public swim,Public Swim,Indoors,No,https://ottawa.ca/en/recreation-and-parks/facilities/place-listing/st-laurent-complex,#,East - Vanier,Swimming,"Preschool, Children, Youth, Adult",PM,TRUE
7,Sunday,17:00 - 19:00,St. Laurent Complex,525 Côté Street,Public swim,Public Swim,Indoors,No,https://ottawa.ca/en/recreation-and-parks/facilities/place-listing/st-laurent-complex,#,East - Vanier,Swimming,"Preschool, Children, Youth, Adult",Evening,FALSE
1,Monday,10:00 - 11:00,St. Laurent Complex,525 Côté Street,Aquafit - general deep,Aquafit,Indoors,Yes,https://ottawa.ca/en/recreation-and-parks/facilities/place-listing/st-laurent-complex,https://reservation.frontdesksuite.ca/rcfs/slc/Home/Index?Culture=en&PageId=3f19fc30-401a-4741-96ea-0d78955388c7,East - Vanier,Swimming,Adult,AM,FALSE
1,Monday,11:00 - 12:00,St. Laurent Complex,525 Côté Street,Aquafit - general deep,Aquafit,Indoors,Yes,https://ottawa.ca/en/recreation-and-parks/facilities/place-listing/st-laurent-complex,https://reservation.frontdesksuite.ca/rcfs/slc/Home/Index?Culture=en&PageId=3f19fc30-401a-4741-96ea-0d78955388c7,East - Vanier,Swimming,Adult,AM,FALSE
3,Wednesday,10:00 - 11:00,St. Laurent Complex,525 Côté Street,Aquafit - general deep,Aquafit,Indoors,Yes,https://ottawa.ca/en/recreation-and-parks/facilities/place-listing/st-laurent-complex,https://reservation.frontdesksuite.ca/rcfs/slc/Home/Index?Culture=en&PageId=3f19fc30-401a-4741-96ea-0d78955388c7,East - Vanier,Swimming,Adult,AM,FALSE
3,Wednesday,11:00 - 12:00,St. Laurent Complex,525 Côté Street,Aquafit - general deep,Aquafit,Indoors,Yes,https://ottawa.ca/en/recreation-and-parks/facilities/place-listing/st-laurent-complex,https://reservation.frontdesksuite.ca/rcfs/slc/Home/Index?Culture=en&PageId=3f19fc30-401a-4741-96ea-0d78955388c7,East - Vanier,Swimming,Adult,AM,FALSE
3,Wednesday,18:30 - 19:30,St. Laurent Complex,525 Côté Street,Aquafit - general deep,Aquafit,Indoors,Yes,https://ottawa.ca/en/recreation-and-parks/facilities/place-listing/st-laurent-complex,https://reservation.frontdesksuite.ca/rcfs/slc/Home/Index?Culture=en&PageId=3f19fc30-401a-4741-96ea-0d78955388c7,East - Vanier,Swimming,Adult,Evening,FALSE
4,Thursday,09:00 - 10:00,St. Laurent Complex,525 Côté Street,Aquafit - general deep,Aquafit,Indoors,Yes,https://ottawa.ca/en/recreation-and-parks/facilities/place-listing/st-laurent-complex,https://reservation.frontdesksuite.ca/rcfs/slc/Home/Index?Culture=en&PageId=3f19fc30-401a-4741-96ea-0d78955388c7,East - Vanier,Swimming,Adult,AM,FALSE
4,Thursday,10:00 - 11:00,St. Laurent Complex,525 Côté Street,Aquafit - general deep,Aquafit,Indoors,Yes,https://ottawa.ca/en/recreation-and-parks/facilities/place-listing/st-laurent-complex,https://reservation.frontdesksuite.ca/rcfs/slc/Home/Index?Culture=en&PageId=3f19fc30-401a-4741-96ea-0d78955388c7,East - Vanier,Swimming,Adult,AM,FALSE
5,Friday,09:15 - 10:15,St. Laurent Complex,525 Côté Street,Aquafit - general deep,Aquafit,Indoors,Yes,https://ottawa.ca/en/recreation-and-parks/facilities/place-listing/st-laurent-complex,https://reservation.frontdesksuite.ca/rcfs/slc/Home/Index?Culture=en&PageId=3f19fc30-401a-4741-96ea-0d78955388c7,East - Vanier,Swimming,Adult,AM,FALSE
1,Monday,10:00 - 11:00,St. Laurent Complex,525 Côté Street,Aquafit - general shallow,Aquafit,Indoors,Yes,https://ottawa.ca/en/recreation-and-parks/facilities/place-listing/st-laurent-complex,https://reservation.frontdesksuite.ca/rcfs/slc/Home/Index?Culture=en&PageId=3f19fc30-401a-4741-96ea-0d78955388c7,East - Vanier,Swimming,Adult,AM,FALSE
1,Monday,11:00 - 12:00,St. Laurent Complex,525 Côté Street,Aquafit - general shallow,Aquafit,Indoors,Yes,https://ottawa.ca/en/recreation-and-parks/facilities/place-listing/st-laurent-complex,https://reservation.frontdesksuite.ca/rcfs/slc/Home/Index?Culture=en&PageId=3f19fc30-401a-4741-96ea-0d78955388c7,East - Vanier,Swimming,Adult,AM,FALSE
3,Wednesday,10:00 - 11:00,St. Laurent Complex,525 Côté Street,Aquafit - general shallow,Aquafit,Indoors,Yes,https://ottawa.ca/en/recreation-and-parks/facilities/place-listing/st-laurent-complex,https://reservation.frontdesksuite.ca/rcfs/slc/Home/Index?Culture=en&PageId=3f19fc30-401a-4741-96ea-0d78955388c7,East - Vanier,Swimming,Adult,AM,FALSE
3,Wednesday,11:00 - 12:00,St. Laurent Complex,525 Côté Street,Aquafit - general shallow,Aquafit,Indoors,Yes,https://ottawa.ca/en/recreation-and-parks/facilities/place-listing/st-laurent-complex,https://reservation.frontdesksuite.ca/rcfs/slc/Home/Index?Culture=en&PageId=3f19fc30-401a-4741-96ea-0d78955388c7,East - Vanier,Swimming,Adult,AM,FALSE
3,Wednesday,18:30 - 19:30,St. Laurent Complex,525 Côté Street,Aquafit - general shallow,Aquafit,Indoors,Yes,https://ottawa.ca/en/recreation-and-parks/facilities/place-listing/st-laurent-complex,https://reservation.frontdesksuite.ca/rcfs/slc/Home/Index?Culture=en&PageId=3f19fc30-401a-4741-96ea-0d78955388c7,East - Vanier,Swimming,Adult,Evening,FALSE
4,Thursday,09:00 - 10:00,St. Laurent Complex,525 Côté Street,Aquafit - general shallow,Aquafit,Indoors,Yes,https://ottawa.ca/en/recreation-and-parks/facilities/place-listing/st-laurent-complex,https://reservation.frontdesksuite.ca/rcfs/slc/Home/Index?Culture=en&PageId=3f19fc30-401a-4741-96ea-0d78955388c7,East - Vanier,Swimming,Adult,AM,FALSE
4,Thursday,10:00 - 11:00,St. Laurent Complex,525 Côté Street,Aquafit - general shallow,Aquafit,Indoors,Yes,https://ottawa.ca/en/recreation-and-parks/facilities/place-listing/st-laurent-complex,https://reservation.frontdesksuite.ca/rcfs/slc/Home/Index?Culture=en&PageId=3f19fc30-401a-4741-96ea-0d78955388c7,East - Vanier,Swimming,Adult,AM,FALSE
5,Friday,09:15 - 10:15,St. Laurent Complex,525 Côté Street,Aquafit - general shallow,Aquafit,Indoors,Yes,https://ottawa.ca/en/recreation-and-parks/facilities/place-listing/st-laurent-complex,https://reservation.frontdesksuite.ca/rcfs/slc/Home/Index?Culture=en&PageId=3f19fc30-401a-4741-96ea-0d78955388c7,East - Vanier,Swimming,Adult,AM,FALSE
1,Monday,07:00 - 14:00,St. Laurent Complex,525 Côté Street,Sauna,Other,Indoors,Yes,https://ottawa.ca/en/recreation-and-parks/facilities/place-listing/st-laurent-complex,https://reservation.frontdesksuite.ca/rcfs/slc/Home/Index?Culture=en&PageId=3f19fc30-401a-4741-96ea-0d78955388c7,East - Vanier,Swimming,Adult,"AM, PM",FALSE
1,Monday,20:45 - 21:45,St. Laurent Complex,525 Côté Street,Sauna,Other,Indoors,Yes,https://ottawa.ca/en/recreation-and-parks/facilities/place-listing/st-laurent-complex,https://reservation.frontdesksuite.ca/rcfs/slc/Home/Index?Culture=en&PageId=3f19fc30-401a-4741-96ea-0d78955388c7,East - Vanier,Swimming,Adult,Evening,FALSE
2,Tuesday,07:00 - 13:00,St. Laurent Complex,525 Côté Street,Sauna,Other,Indoors,Yes,https://ottawa.ca/en/recreation-and-parks/facilities/place-listing/st-laurent-complex,https://reservation.frontdesksuite.ca/rcfs/slc/Home/Index?Culture=en&PageId=3f19fc30-401a-4741-96ea-0d78955388c7,East - Vanier,Swimming,Adult,"AM, PM",FALSE
2,Tuesday,20:30 - 21:30,St. Laurent Complex,525 Côté Street,Sauna,Other,Indoors,Yes,https://ottawa.ca/en/recreation-and-parks/facilities/place-listing/st-laurent-complex,https://reservation.frontdesksuite.ca/rcfs/slc/Home/Index?Culture=en&PageId=3f19fc30-401a-4741-96ea-0d78955388c7,East - Vanier,Swimming,Adult,Evening,FALSE
3,Wednesday,07:00 - 14:00,St. Laurent Complex,525 Côté Street,Sauna,Other,Indoors,Yes,https://ottawa.ca/en/recreation-and-parks/facilities/place-listing/st-laurent-complex,https://reservation.frontdesksuite.ca/rcfs/slc/Home/Index?Culture=en&PageId=3f19fc30-401a-4741-96ea-0d78955388c7,East - Vanier,Swimming,Adult,"AM, PM",FALSE
3,Wednesday,21:00 - 22:00,St. Laurent Complex,525 Côté Street,Sauna,Other,Indoors,Yes,https://ottawa.ca/en/recreation-and-parks/facilities/place-listing/st-laurent-complex,https://reservation.frontdesksuite.ca/rcfs/slc/Home/Index?Culture=en&PageId=3f19fc30-401a-4741-96ea-0d78955388c7,East - Vanier,Swimming,Adult,Evening,FALSE
4,Thursday,07:00 - 13:30,St. Laurent Complex,525 Côté Street,Sauna,Other,Indoors,Yes,https://ottawa.ca/en/recreation-and-parks/facilities/place-listing/st-laurent-complex,https://reservation.frontdesksuite.ca/rcfs/slc/Home/Index?Culture=en&PageId=3f19fc30-401a-4741-96ea-0d78955388c7,East - Vanier,Swimming,Adult,"AM, PM",FALSE
4,Thursday,20:30 - 21:30,St. Laurent Complex,525 Côté Street,Sauna,Other,Indoors,Yes,https://ottawa.ca/en/recreation-and-parks/facilities/place-listing/st-laurent-complex,https://reservation.frontdesksuite.ca/rcfs/slc/Home/Index?Culture=en&PageId=3f19fc30-401a-4741-96ea-0d78955388c7,East - Vanier,Swimming,Adult,Evening,FALSE
5,Friday,07:00 - 10:15,St. Laurent Complex,525 Côté Street,Sauna,Other,Indoors,Yes,https://ottawa.ca/en/recreation-and-parks/facilities/place-listing/st-laurent-complex,https://reservation.frontdesksuite.ca/rcfs/slc/Home/Index?Culture=en&PageId=3f19fc30-401a-4741-96ea-0d78955388c7,East - Vanier,Swimming,Adult,AM,FALSE
5,Friday,11:15 - 13:00,St. Laurent Complex,525 Côté Street,Sauna,Other,Indoors,Yes,https://ottawa.ca/en/recreation-and-parks/facilities/place-listing/st-laurent-complex,https://reservation.frontdesksuite.ca/rcfs/slc/Home/Index?Culture=en&PageId=3f19fc30-401a-4741-96ea-0d78955388c7,East - Vanier,Swimming,Adult,"AM, PM",FALSE
5,Friday,19:00 - 21:30,St. Laurent Complex,525 Côté Street,Sauna,Other,Indoors,Yes,https://ottawa.ca/en/recreation-and-parks/facilities/place-listing/st-laurent-complex,https://reservation.frontdesksuite.ca/rcfs/slc/Home/Index?Culture=en&PageId=3f19fc30-401a-4741-96ea-0d78955388c7,East - Vanier,Swimming,Adult,Evening,FALSE
6,Saturday,08:00 - 09:00,St. Laurent Complex,525 Côté Street,Sauna,Other,Indoors,Yes,https://ottawa.ca/en/recreation-and-parks/facilities/place-listing/st-laurent-complex,https://reservation.frontdesksuite.ca/rcfs/slc/Home/Index?Culture=en&PageId=3f19fc30-401a-4741-96ea-0d78955388c7,East - Vanier,Swimming,Adult,AM,FALSE
6,Saturday,13:00 - 16:00,St. Laurent Complex,525 Côté Street,Sauna,Other,Indoors,Yes,https://ottawa.ca/en/recreation-and-parks/facilities/place-listing/st-laurent-complex,https://reservation.frontdesksuite.ca/rcfs/slc/Home/Index?Culture=en&PageId=3f19fc30-401a-4741-96ea-0d78955388c7,East - Vanier,Swimming,Adult,PM,FALSE
6,Saturday,19:00 - 20:00,St. Laurent Complex,525 Côté Street,Sauna,Other,Indoors,Yes,https://ottawa.ca/en/recreation-and-parks/facilities/place-listing/st-laurent-complex,https://reservation.frontdesksuite.ca/rcfs/slc/Home/Index?Culture=en&PageId=3f19fc30-401a-4741-96ea-0d78955388c7,East - Vanier,Swimming,Adult,Evening,FALSE
7,Sunday,08:00 - 09:00,St. Laurent Complex,525 Côté Street,Sauna,Other,Indoors,Yes,https://ottawa.ca/en/recreation-and-parks/facilities/place-listing/st-laurent-complex,https://reservation.frontdesksuite.ca/rcfs/slc/Home/Index?Culture=en&PageId=3f19fc30-401a-4741-96ea-0d78955388c7,East - Vanier,Swimming,Adult,AM,FALSE
7,Sunday,13:00 - 14:00,St. Laurent Complex,525 Côté Street,Sauna,Other,Indoors,Yes,https://ottawa.ca/en/recreation-and-parks/facilities/place-listing/st-laurent-complex,https://reservation.frontdesksuite.ca/rcfs/slc/Home/Index?Culture=en&PageId=3f19fc30-401a-4741-96ea-0d78955388c7,East - Vanier,Swimming,Adult,PM,FALSE
7,Sunday,17:00 - 19:00,St. Laurent Complex,525 Côté Street,Sauna,Other,Indoors,Yes,https://ottawa.ca/en/recreation-and-parks/facilities/place-listing/st-laurent-complex,https://reservation.frontdesksuite.ca/rcfs/slc/Home/Index?Culture=en&PageId=3f19fc30-401a-4741-96ea-0d78955388c7,East - Vanier,Swimming,Adult,Evening,FALSE
7,Sunday,19:00 - 20:00,St. Laurent Complex,525 Côté Street,Sauna,Other,Indoors,Yes,https://ottawa.ca/en/recreation-and-parks/facilities/place-listing/st-laurent-complex,https://reservation.frontdesksuite.ca/rcfs/slc/Home/Index?Culture=en&PageId=3f19fc30-401a-4741-96ea-0d78955388c7,East - Vanier,Swimming,Adult,Evening,FALSE
1,Monday,07:00 - 22:00,St. Laurent Complex,525 Côté Street,Weight and cardio room,Other,Indoors,No,https://ottawa.ca/en/recreation-and-parks/facilities/place-listing/st-laurent-complex,#,East - Vanier,Fitness,Adult,"AM, PM, Evening",FALSE
2,Tuesday,07:00 - 22:00,St. Laurent Complex,525 Côté Street,Weight and cardio room,Other,Indoors,No,https://ottawa.ca/en/recreation-and-parks/facilities/place-listing/st-laurent-complex,#,East - Vanier,Fitness,Adult,"AM, PM, Evening",FALSE
3,Wednesday,07:00 - 22:00,St. Laurent Complex,525 Côté Street,Weight and cardio room,Other,Indoors,No,https://ottawa.ca/en/recreation-and-parks/facilities/place-listing/st-laurent-complex,#,East - Vanier,Fitness,Adult,"AM, PM, Evening",FALSE
4,Thursday,07:00 - 22:00,St. Laurent Complex,525 Côté Street,Weight and cardio room,Other,Indoors,No,https://ottawa.ca/en/recreation-and-parks/facilities/place-listing/st-laurent-complex,#,East - Vanier,Fitness,Adult,"AM, PM, Evening",FALSE
5,Friday,07:00 - 22:00,St. Laurent Complex,525 Côté Street,Weight and cardio room,Other,Indoors,No,https://ottawa.ca/en/recreation-and-parks/facilities/place-listing/st-laurent-complex,#,East - Vanier,Fitness,Adult,"AM, PM, Evening",FALSE
6,Saturday,08:00 - 18:00,St. Laurent Complex,525 Côté Street,Weight and cardio room,Other,Indoors,No,https://ottawa.ca/en/recreation-and-parks/facilities/place-listing/st-laurent-complex,#,East - Vanier,Fitness,Adult,"AM, PM, Evening",FALSE
7,Sunday,08:00 - 18:00,St. Laurent Complex,525 Côté Street,Weight and cardio room,Other,Indoors,No,https://ottawa.ca/en/recreation-and-parks/facilities/place-listing/st-laurent-complex,#,East - Vanier,Fitness,Adult,"AM, PM, Evening",FALSE
2,Tuesday,09:00 - 09:55,St. Laurent Complex,525 Côté Street,Cardio and stretch 50+,Other,Indoors,No,https://ottawa.ca/en/recreation-and-parks/facilities/place-listing/st-laurent-complex,#,East - Vanier,Group Fitness,50+,AM,FALSE
4,Thursday,09:00 - 09:55,St. Laurent Complex,525 Côté Street,Cardio and stretch 50+,Other,Indoors,No,https://ottawa.ca/en/recreation-and-parks/facilities/place-listing/st-laurent-complex,#,East - Vanier,Group Fitness,50+,AM,FALSE
6,Saturday,08:30 - 09:25,St. Laurent Complex,525 Côté Street,Cardio and stretch 50+,Other,Indoors,No,https://ottawa.ca/en/recreation-and-parks/facilities/place-listing/st-laurent-complex,#,East - Vanier,Group Fitness,50+,AM,FALSE
7,Sunday,08:30 - 09:25,St. Laurent Complex,525 Côté Street,Cardio and stretch 50+,Other,Indoors,No,https://ottawa.ca/en/recreation-and-parks/facilities/place-listing/st-laurent-complex,#,East - Vanier,Group Fitness,50+,AM,FALSE
1,Monday,09:00 - 09:55,St. Laurent Complex,525 Côté Street,Cardio and strength 50+,Other,Indoors,No,https://ottawa.ca/en/recreation-and-parks/facilities/place-listing/st-laurent-complex,#,East - Vanier,Group Fitness,50+,AM,FALSE
3,Wednesday,08:30 - 09:25,St. Laurent Complex,525 Côté Street,Cardio and strength 50+,Other,Indoors,No,https://ottawa.ca/en/recreation-and-parks/facilities/place-listing/st-laurent-complex,#,East - Vanier,Group Fitness,50+,AM,FALSE
5,Friday,09:00 - 09:55,St. Laurent Complex,525 Côté Street,Cardio and strength 50+,Other,Indoors,No,https://ottawa.ca/en/recreation-and-parks/facilities/place-listing/st-laurent-complex,#,East - Vanier,Group Fitness,50+,AM,FALSE
1,Monday,19:30 - 20:30,St. Laurent Complex,525 Côté Street,Yoga,Other,Indoors,No,https://ottawa.ca/en/recreation-and-parks/facilities/place-listing/st-laurent-complex,#,East - Vanier,Group Fitness,Adult,Evening,FALSE
2,Tuesday,18:00 - 19:00,St. Laurent Complex,525 Côté Street,Yoga,Other,Indoors,No,https://ottawa.ca/en/recreation-and-parks/facilities/place-listing/st-laurent-complex,#,East - Vanier,Group Fitness,Adult,Evening,FALSE
3,Wednesday,19:15 - 20:15,St. Laurent Complex,525 Côté Street,Yoga,Other,Indoors,No,https://ottawa.ca/en/recreation-and-parks/facilities/place-listing/st-laurent-complex,#,East - Vanier,Group Fitness,Adult,Evening,FALSE
1,Monday,18:00 - 19:00,St. Laurent Complex,525 Côté Street,Zumba,Other,Indoors,No,https://ottawa.ca/en/recreation-and-parks/facilities/place-listing/st-laurent-complex,#,East - Vanier,Group Fitness,Adult,Evening,FALSE
3,Wednesday,18:00 - 19:00,St. Laurent Complex,525 Côté Street,Zumba,Other,Indoors,No,https://ottawa.ca/en/recreation-and-parks/facilities/place-listing/st-laurent-complex,#,East - Vanier,Group Fitness,Adult,Evening,FALSE
5,Friday,18:00 - 19:00,St. Laurent Complex,525 Côté Street,Zumba,Other,Indoors,No,https://ottawa.ca/en/recreation-and-parks/facilities/place-listing/st-laurent-complex,#,East - Vanier,Group Fitness,Adult,Evening,FALSE
6,Saturday,10:00 - 10:55,St. Laurent Complex,525 Côté Street,Zumba,Other,Indoors,No,https://ottawa.ca/en/recreation-and-parks/facilities/place-listing/st-laurent-complex,#,East - Vanier,Group Fitness,Adult,AM,FALSE
2,Tuesday,17:00 - 17:55,St. Laurent Complex,525 Côté Street,HIIT,Other,Indoors,No,https://ottawa.ca/en/recreation-and-parks/facilities/place-listing/st-laurent-complex,#,East - Vanier,Group Fitness,Adult,Evening,FALSE
4,Thursday,17:00 - 17:55,St. Laurent Complex,525 Côté Street,HIIT,Other,Indoors,No,https://ottawa.ca/en/recreation-and-parks/facilities/place-listing/st-laurent-complex,#,East - Vanier,Group Fitness,Adult,Evening,FALSE
1,Monday,19:30 - 21:30,St. Laurent Complex,525 Côté Street,Basketball - adult,Other,Indoors,Yes,https://ottawa.ca/en/recreation-and-parks/facilities/place-listing/st-laurent-complex,https://reservation.frontdesksuite.ca/rcfs/slc/Home/Index?Culture=en&PageId=3f19fc30-401a-4741-96ea-0d78955388c7,East - Vanier,Gym Sport,Adult,Evening,FALSE
5,Friday,19:30 - 21:30,St. Laurent Complex,525 Côté Street,Basketball - adult,Other,Indoors,Yes,https://ottawa.ca/en/recreation-and-parks/facilities/place-listing/st-laurent-complex,https://reservation.frontdesksuite.ca/rcfs/slc/Home/Index?Culture=en&PageId=3f19fc30-401a-4741-96ea-0d78955388c7,East - Vanier,Gym Sport,Adult,Evening,FALSE
5,Friday,18:15 - 19:15,St. Laurent Complex,525 Côté Street,Basketball - youth,Other,Indoors,Yes,https://ottawa.ca/en/recreation-and-parks/facilities/place-listing/st-laurent-complex,https://reservation.frontdesksuite.ca/rcfs/slc/Home/Index?Culture=en&PageId=3f19fc30-401a-4741-96ea-0d78955388c7,East - Vanier,Gym Sport,Youth,Evening,FALSE
1,Monday,09:00 - 10:00,St. Laurent Complex,525 Côté Street,Open gym,Other,Indoors,No,https://ottawa.ca/en/recreation-and-parks/facilities/place-listing/st-laurent-complex,#,East - Vanier,Gym Sport,"Youth, Adult",AM,FALSE
1,Monday,10:00 - 11:00,St. Laurent Complex,525 Côté Street,Open gym,Other,Indoors,No,https://ottawa.ca/en/recreation-and-parks/facilities/place-listing/st-laurent-complex,#,East - Vanier,Gym Sport,"Youth, Adult",AM,FALSE
1,Monday,11:00 - 12:00,St. Laurent Complex,525 Côté Street,Open gym,Other,Indoors,No,https://ottawa.ca/en/recreation-and-parks/facilities/place-listing/st-laurent-complex,#,East - Vanier,Gym Sport,"Youth, Adult",AM,FALSE
1,Monday,12:00 - 13:00,St. Laurent Complex,525 Côté Street,Open gym,Other,Indoors,No,https://ottawa.ca/en/recreation-and-parks/facilities/place-listing/st-laurent-complex,#,East - Vanier,Gym Sport,"Youth, Adult",PM,FALSE
1,Monday,13:00 - 14:00,St. Laurent Complex,525 Côté Street,Open gym,Other,Indoors,No,https://ottawa.ca/en/recreation-and-parks/facilities/place-listing/st-laurent-complex,#,East - Vanier,Gym Sport,"Youth, Adult",PM,FALSE
2,Tuesday,09:00 - 10:00,St. Laurent Complex,525 Côté Street,Open gym,Other,Indoors,No,https://ottawa.ca/en/recreation-and-parks/facilities/place-listing/st-laurent-complex,#,East - Vanier,Gym Sport,"Youth, Adult",AM,FALSE
2,Tuesday,10:00 - 11:00,St. Laurent Complex,525 Côté Street,Open gym,Other,Indoors,No,https://ottawa.ca/en/recreation-and-parks/facilities/place-listing/st-laurent-complex,#,East - Vanier,Gym Sport,"Youth, Adult",AM,FALSE
2,Tuesday,11:00 - 12:00,St. Laurent Complex,525 Côté Street,Open gym,Other,Indoors,No,https://ottawa.ca/en/recreation-and-parks/facilities/place-listing/st-laurent-complex,#,East - Vanier,Gym Sport,"Youth, Adult",AM,FALSE
2,Tuesday,12:00 - 13:00,St. Laurent Complex,525 Côté Street,Open gym,Other,Indoors,No,https://ottawa.ca/en/recreation-and-parks/facilities/place-listing/st-laurent-complex,#,East - Vanier,Gym Sport,"Youth, Adult",PM,FALSE
2,Tuesday,13:00 - 14:00,St. Laurent Complex,525 Côté Street,Open gym,Other,Indoors,No,https://ottawa.ca/en/recreation-and-parks/facilities/place-listing/st-laurent-complex,#,East - Vanier,Gym Sport,"Youth, Adult",PM,FALSE
3,Wednesday,09:00 - 10:00,St. Laurent Complex,525 Côté Street,Open gym,Other,Indoors,No,https://ottawa.ca/en/recreation-and-parks/facilities/place-listing/st-laurent-complex,#,East - Vanier,Gym Sport,"Youth, Adult",AM,FALSE
3,Wednesday,10:00 - 11:00,St. Laurent Complex,525 Côté Street,Open gym,Other,Indoors,No,https://ottawa.ca/en/recreation-and-parks/facilities/place-listing/st-laurent-complex,#,East - Vanier,Gym Sport,"Youth, Adult",AM,FALSE
3,Wednesday,11:00 - 12:00,St. Laurent Complex,525 Côté Street,Open gym,Other,Indoors,No,https://ottawa.ca/en/recreation-and-parks/facilities/place-listing/st-laurent-complex,#,East - Vanier,Gym Sport,"Youth, Adult",AM,FALSE
3,Wednesday,12:00 - 13:00,St. Laurent Complex,525 Côté Street,Open gym,Other,Indoors,No,https://ottawa.ca/en/recreation-and-parks/facilities/place-listing/st-laurent-complex,#,East - Vanier,Gym Sport,"Youth, Adult",PM,FALSE
3,Wednesday,13:00 - 14:00,St. Laurent Complex,525 Côté Street,Open gym,Other,Indoors,No,https://ottawa.ca/en/recreation-and-parks/facilities/place-listing/st-laurent-complex,#,East - Vanier,Gym Sport,"Youth, Adult",PM,FALSE
4,Thursday,09:00 - 10:00,St. Laurent Complex,525 Côté Street,Open gym,Other,Indoors,No,https://ottawa.ca/en/recreation-and-parks/facilities/place-listing/st-laurent-complex,#,East - Vanier,Gym Sport,"Youth, Adult",AM,FALSE
4,Thursday,10:00 - 11:00,St. Laurent Complex,525 Côté Street,Open gym,Other,Indoors,No,https://ottawa.ca/en/recreation-and-parks/facilities/place-listing/st-laurent-complex,#,East - Vanier,Gym Sport,"Youth, Adult",AM,FALSE
4,Thursday,11:00 - 12:00,St. Laurent Complex,525 Côté Street,Open gym,Other,Indoors,No,https://ottawa.ca/en/recreation-and-parks/facilities/place-listing/st-laurent-complex,#,East - Vanier,Gym Sport,"Youth, Adult",AM,FALSE
4,Thursday,12:00 - 13:00,St. Laurent Complex,525 Côté Street,Open gym,Other,Indoors,No,https://ottawa.ca/en/recreation-and-parks/facilities/place-listing/st-laurent-complex,#,East - Vanier,Gym Sport,"Youth, Adult",PM,FALSE
4,Thursday,13:00 - 14:00,St. Laurent Complex,525 Côté Street,Open gym,Other,Indoors,No,https://ottawa.ca/en/recreation-and-parks/facilities/place-listing/st-laurent-complex,#,East - Vanier,Gym Sport,"Youth, Adult",PM,FALSE
5,Friday,09:00 - 10:00,St. Laurent Complex,525 Côté Street,Open gym,Other,Indoors,No,https://ottawa.ca/en/recreation-and-parks/facilities/place-listing/st-laurent-complex,#,East - Vanier,Gym Sport,"Youth, Adult",AM,FALSE
5,Friday,10:00 - 11:00,St. Laurent Complex,525 Côté Street,Open gym,Other,Indoors,No,https://ottawa.ca/en/recreation-and-parks/facilities/place-listing/st-laurent-complex,#,East - Vanier,Gym Sport,"Youth, Adult",AM,FALSE
5,Friday,11:00 - 12:00,St. Laurent Complex,525 Côté Street,Open gym,Other,Indoors,No,https://ottawa.ca/en/recreation-and-parks/facilities/place-listing/st-laurent-complex,#,East - Vanier,Gym Sport,"Youth, Adult",AM,FALSE
5,Friday,12:00 - 13:00,St. Laurent Complex,525 Côté Street,Open gym,Other,Indoors,No,https://ottawa.ca/en/recreation-and-parks/facilities/place-listing/st-laurent-complex,#,East - Vanier,Gym Sport,"Youth, Adult",PM,FALSE
5,Friday,13:00 - 14:00,St. Laurent Complex,525 Côté Street,Open gym,Other,Indoors,No,https://ottawa.ca/en/recreation-and-parks/facilities/place-listing/st-laurent-complex,#,East - Vanier,Gym Sport,"Youth, Adult",PM,FALSE
3,Wednesday,19:00 - 21:00,St. Laurent Complex,525 Côté Street,Badminton - adult,Other,Indoors,Yes,https://ottawa.ca/en/recreation-and-parks/facilities/place-listing/st-laurent-complex,https://reservation.frontdesksuite.ca/rcfs/slc/Home/Index?Culture=en&PageId=3f19fc30-401a-4741-96ea-0d78955388c7,East - Vanier,Racquet Sport,Adult,Evening,FALSE
7,Sunday,17:00 - 19:00,St. Laurent Complex,525 Côté Street,Badminton - adult,Other,Indoors,Yes,https://ottawa.ca/en/recreation-and-parks/facilities/place-listing/st-laurent-complex,https://reservation.frontdesksuite.ca/rcfs/slc/Home/Index?Culture=en&PageId=3f19fc30-401a-4741-96ea-0d78955388c7,East - Vanier,Racquet Sport,Adult,Evening,FALSE
3,Wednesday,18:00 - 19:00,St. Laurent Complex,525 Côté Street,Badminton - parent with child,Other,Indoors,Yes,https://ottawa.ca/en/recreation-and-parks/facilities/place-listing/st-laurent-complex,https://reservation.frontdesksuite.ca/rcfs/slc/Home/Index?Culture=en&PageId=3f19fc30-401a-4741-96ea-0d78955388c7,East - Vanier,Racquet Sport,Children,Evening,FALSE
7,Sunday,16:00 - 17:00,St. Laurent Complex,525 Côté Street,Badminton - parent with child,Other,Indoors,Yes,https://ottawa.ca/en/recreation-and-parks/facilities/place-listing/st-laurent-complex,https://reservation.frontdesksuite.ca/rcfs/slc/Home/Index?Culture=en&PageId=3f19fc30-401a-4741-96ea-0d78955388c7,East - Vanier,Racquet Sport,Children,PM,FALSE
7,Sunday,15:00 - 17:00,St. Laurent Complex,525 Côté Street,Table tennis - adult,Other,Indoors,Yes,https://ottawa.ca/en/recreation-and-parks/facilities/place-listing/st-laurent-complex,https://reservation.frontdesksuite.ca/rcfs/slc/Home/Index?Culture=en&PageId=3f19fc30-401a-4741-96ea-0d78955388c7,East - Vanier,Racquet Sport,Adult,PM,FALSE
1,Monday,13:00 - 13:50,St. Laurent Complex,525 Côté Street,Public skating,Other,Indoors,No,https://ottawa.ca/en/recreation-and-parks/facilities/place-listing/st-laurent-complex,#,East - Vanier,Skating,"Preschool, Children, Youth, Adult",PM,FALSE
4,Thursday,16:00 - 16:50,St. Laurent Complex,525 Côté Street,Public skating,Other,Indoors,No,https://ottawa.ca/en/recreation-and-parks/facilities/place-listing/st-laurent-complex,#,East - Vanier,Skating,"Preschool, Children, Youth, Adult",PM,FALSE
7,Sunday,15:00 - 15:50,St. Laurent Complex,525 Côté Street,Public skating,Other,Indoors,No,https://ottawa.ca/en/recreation-and-parks/facilities/place-listing/st-laurent-complex,#,East - Vanier,Skating,"Preschool, Children, Youth, Adult",PM,TRUE
1,Monday,12:00 - 12:50,St. Laurent Complex,525 Côté Street,Adult skating,Other,Indoors,No,https://ottawa.ca/en/recreation-and-parks/facilities/place-listing/st-laurent-complex,#,East - Vanier,Skating,Adult,PM,FALSE
3,Wednesday,12:00 - 12:50,St. Laurent Complex,525 Côté Street,Adult skating,Other,Indoors,No,https://ottawa.ca/en/recreation-and-parks/facilities/place-listing/st-laurent-complex,#,East - Vanier,Skating,Adult,PM,FALSE
4,Thursday,12:00 - 12:50,St. Laurent Complex,525 Côté Street,Adult skating,Other,Indoors,No,https://ottawa.ca/en/recreation-and-parks/facilities/place-listing/st-laurent-complex,#,East - Vanier,Skating,Adult,PM,FALSE
5,Friday,12:00 - 12:50,St. Laurent Complex,525 Côté Street,Adult skating,Other,Indoors,No,https://ottawa.ca/en/recreation-and-parks/facilities/place-listing/st-laurent-complex,#,East - Vanier,Skating,Adult,PM,FALSE
7,Sunday,14:00 - 14:50,St. Laurent Complex,525 Côté Street,Family skating,Other,Indoors,No,https://ottawa.ca/en/recreation-and-parks/facilities/place-listing/st-laurent-complex,#,East - Vanier,Skating,"Preschool, Children, Youth, Adult",PM,TRUE
4,Thursday,14:00 - 14:50,St. Laurent Complex,525 Côté Street,18+ Pick- up hockey,Other,Indoors,No,https://ottawa.ca/en/recreation-and-parks/facilities/place-listing/st-laurent-complex,#,East - Vanier,Skating,Adult,PM,FALSE
4,Thursday,15:00 - 15:50,St. Laurent Complex,525 Côté Street,18+ Pick- up hockey,Other,Indoors,No,https://ottawa.ca/en/recreation-and-parks/facilities/place-listing/st-laurent-complex,#,East - Vanier,Skating,Adult,PM,FALSE
4,Thursday,11:00 - 11:50,Tom Brown Arena,141 Bayview Station Road,Hockey 18+,Other,Other,Yes,https://ottawa.ca/en/recreation-and-parks/facilities/place-listing/tom-brown-arena,https://reservation.frontdesksuite.ca/rcfs/arenatombrown/Home/Index?Culture=en&PageId=8c4fff6b-70e7-4eff-902e-a61b57a4d617,Central,Skating,Adult,AM,FALSE
3,Wednesday,20:00 - 20:50,Tom Brown Arena,141 Bayview Station Road,Figure skating (6+),Other,Other,Yes,https://ottawa.ca/en/recreation-and-parks/facilities/place-listing/tom-brown-arena,https://reservation.frontdesksuite.ca/rcfs/arenatombrown/Home/Index?Culture=en&PageId=8c4fff6b-70e7-4eff-902e-a61b57a4d617,Central,Skating,Adult,Evening,FALSE
4,Thursday,10:00 - 10:50,Tom Brown Arena,141 Bayview Station Road,Public skating,Other,Other,No,https://ottawa.ca/en/recreation-and-parks/facilities/place-listing/tom-brown-arena,#,Central,Skating,"Preschool, Children, Youth, Adult",AM,FALSE
6,Saturday,15:00 - 15:50,Tom Brown Arena,141 Bayview Station Road,Public skating,Other,Other,No,https://ottawa.ca/en/recreation-and-parks/facilities/place-listing/tom-brown-arena,#,Central,Skating,"Preschool, Children, Youth, Adult",PM,TRUE
6,Saturday,14:00 - 14:50,Tom Brown Arena,141 Bayview Station Road,Family skating,Other,Other,No,https://ottawa.ca/en/recreation-and-parks/facilities/place-listing/tom-brown-arena,#,Central,Skating,"Preschool, Children, Youth, Adult",PM,TRUE
3,Wednesday,21:00 - 21:50,Tom Brown Arena,141 Bayview Station Road,Adult skating (18+),Other,Other,No,https://ottawa.ca/en/recreation-and-parks/facilities/place-listing/tom-brown-arena,#,Central,Skating,Adult,Evening,FALSE
1,Monday,09:30 - 10:45,Walter Baker Sports Centre,100 Malvern Drive,Lane Swim,Lane Swim,Other,No,https://ottawa.ca/en/recreation-and-parks/facilities/place-listing/walter-baker-sports-centre,https://reservation.frontdesksuite.ca/rcfs/walterbaker/Home/Index?Culture=en&PageId=0c5c451b-cbab-42ac-8298-69a4817c5bcc,West - Barrhaven,Swimming,Adult,AM,FALSE
1,Monday,11:45 - 13:00,Walter Baker Sports Centre,100 Malvern Drive,Lane Swim,Lane Swim,Other,No,https://ottawa.ca/en/recreation-and-parks/facilities/place-listing/walter-baker-sports-centre,https://reservation.frontdesksuite.ca/rcfs/walterbaker/Home/Index?Culture=en&PageId=0c5c451b-cbab-42ac-8298-69a4817c5bcc,West - Barrhaven,Swimming,Adult,"AM, PM",FALSE
1,Monday,20:00 - 21:00,Walter Baker Sports Centre,100 Malvern Drive,Lane Swim,Lane Swim,Other,No,https://ottawa.ca/en/recreation-and-parks/facilities/place-listing/walter-baker-sports-centre,https://reservation.frontdesksuite.ca/rcfs/walterbaker/Home/Index?Culture=en&PageId=0c5c451b-cbab-42ac-8298-69a4817c5bcc,West - Barrhaven,Swimming,Adult,Evening,FALSE
2,Tuesday,07:30 - 09:30,Walter Baker Sports Centre,100 Malvern Drive,Lane Swim,Lane Swim,Other,No,https://ottawa.ca/en/recreation-and-parks/facilities/place-listing/walter-baker-sports-centre,https://reservation.frontdesksuite.ca/rcfs/walterbaker/Home/Index?Culture=en&PageId=0c5c451b-cbab-42ac-8298-69a4817c5bcc,West - Barrhaven,Swimming,Adult,AM,FALSE
2,Tuesday,11:30 - 13:00,Walter Baker Sports Centre,100 Malvern Drive,Lane Swim,Lane Swim,Other,No,https://ottawa.ca/en/recreation-and-parks/facilities/place-listing/walter-baker-sports-centre,https://reservation.frontdesksuite.ca/rcfs/walterbaker/Home/Index?Culture=en&PageId=0c5c451b-cbab-42ac-8298-69a4817c5bcc,West - Barrhaven,Swimming,Adult,"AM, PM",FALSE
2,Tuesday,20:00 - 21:00,Walter Baker Sports Centre,100 Malvern Drive,Lane Swim,Lane Swim,Other,No,https://ottawa.ca/en/recreation-and-parks/facilities/place-listing/walter-baker-sports-centre,https://reservation.frontdesksuite.ca/rcfs/walterbaker/Home/Index?Culture=en&PageId=0c5c451b-cbab-42ac-8298-69a4817c5bcc,West - Barrhaven,Swimming,Adult,Evening,FALSE
3,Wednesday,09:30 - 10:45,Walter Baker Sports Centre,100 Malvern Drive,Lane Swim,Lane Swim,Other,No,https://ottawa.ca/en/recreation-and-parks/facilities/place-listing/walter-baker-sports-centre,https://reservation.frontdesksuite.ca/rcfs/walterbaker/Home/Index?Culture=en&PageId=0c5c451b-cbab-42ac-8298-69a4817c5bcc,West - Barrhaven,Swimming,Adult,AM,FALSE
3,Wednesday,11:45 - 13:00,Walter Baker Sports Centre,100 Malvern Drive,Lane Swim,Lane Swim,Other,No,https://ottawa.ca/en/recreation-and-parks/facilities/place-listing/walter-baker-sports-centre,https://reservation.frontdesksuite.ca/rcfs/walterbaker/Home/Index?Culture=en&PageId=0c5c451b-cbab-42ac-8298-69a4817c5bcc,West - Barrhaven,Swimming,Adult,"AM, PM",FALSE
4,Thursday,07:30 - 09:30,Walter Baker Sports Centre,100 Malvern Drive,Lane Swim,Lane Swim,Other,No,https://ottawa.ca/en/recreation-and-parks/facilities/place-listing/walter-baker-sports-centre,https://reservation.frontdesksuite.ca/rcfs/walterbaker/Home/Index?Culture=en&PageId=0c5c451b-cbab-42ac-8298-69a4817c5bcc,West - Barrhaven,Swimming,Adult,AM,FALSE
4,Thursday,11:30 - 13:00,Walter Baker Sports Centre,100 Malvern Drive,Lane Swim,Lane Swim,Other,No,https://ottawa.ca/en/recreation-and-parks/facilities/place-listing/walter-baker-sports-centre,https://reservation.frontdesksuite.ca/rcfs/walterbaker/Home/Index?Culture=en&PageId=0c5c451b-cbab-42ac-8298-69a4817c5bcc,West - Barrhaven,Swimming,Adult,"AM, PM",FALSE
4,Thursday,20:00 - 21:00,Walter Baker Sports Centre,100 Malvern Drive,Lane Swim,Lane Swim,Other,No,https://ottawa.ca/en/recreation-and-parks/facilities/place-listing/walter-baker-sports-centre,https://reservation.frontdesksuite.ca/rcfs/walterbaker/Home/Index?Culture=en&PageId=0c5c451b-cbab-42ac-8298-69a4817c5bcc,West - Barrhaven,Swimming,Adult,Evening,FALSE
5,Friday,09:30 - 10:45,Walter Baker Sports Centre,100 Malvern Drive,Lane Swim,Lane Swim,Other,No,https://ottawa.ca/en/recreation-and-parks/facilities/place-listing/walter-baker-sports-centre,https://reservation.frontdesksuite.ca/rcfs/walterbaker/Home/Index?Culture=en&PageId=0c5c451b-cbab-42ac-8298-69a4817c5bcc,West - Barrhaven,Swimming,Adult,AM,FALSE
5,Friday,11:45 - 13:00,Walter Baker Sports Centre,100 Malvern Drive,Lane Swim,Lane Swim,Other,No,https://ottawa.ca/en/recreation-and-parks/facilities/place-listing/walter-baker-sports-centre,https://reservation.frontdesksuite.ca/rcfs/walterbaker/Home/Index?Culture=en&PageId=0c5c451b-cbab-42ac-8298-69a4817c5bcc,West - Barrhaven,Swimming,Adult,"AM, PM",FALSE
5,Friday,19:30 - 21:00,Walter Baker Sports Centre,100 Malvern Drive,Lane Swim,Lane Swim,Other,No,https://ottawa.ca/en/recreation-and-parks/facilities/place-listing/walter-baker-sports-centre,https://reservation.frontdesksuite.ca/rcfs/walterbaker/Home/Index?Culture=en&PageId=0c5c451b-cbab-42ac-8298-69a4817c5bcc,West - Barrhaven,Swimming,Adult,Evening,FALSE
6,Saturday,12:00 - 13:00,Walter Baker Sports Centre,100 Malvern Drive,Lane Swim,Lane Swim,Other,No,https://ottawa.ca/en/recreation-and-parks/facilities/place-listing/walter-baker-sports-centre,https://reservation.frontdesksuite.ca/rcfs/walterbaker/Home/Index?Culture=en&PageId=0c5c451b-cbab-42ac-8298-69a4817c5bcc,West - Barrhaven,Swimming,Adult,PM,FALSE
7,Sunday,12:00 - 13:00,Walter Baker Sports Centre,100 Malvern Drive,Lane Swim,Lane Swim,Other,No,https://ottawa.ca/en/recreation-and-parks/facilities/place-listing/walter-baker-sports-centre,https://reservation.frontdesksuite.ca/rcfs/walterbaker/Home/Index?Culture=en&PageId=0c5c451b-cbab-42ac-8298-69a4817c5bcc,West - Barrhaven,Swimming,Adult,PM,FALSE
1,Monday,07:30 - 09:30,Walter Baker Sports Centre,100 Malvern Drive,Half Lane Swim,Lane Swim,Other,No,https://ottawa.ca/en/recreation-and-parks/facilities/place-listing/walter-baker-sports-centre,https://reservation.frontdesksuite.ca/rcfs/walterbaker/Home/Index?Culture=en&PageId=0c5c451b-cbab-42ac-8298-69a4817c5bcc,West - Barrhaven,Swimming,Adult,AM,FALSE
1,Monday,10:45 - 11:45,Walter Baker Sports Centre,100 Malvern Drive,Half Lane Swim,Lane Swim,Other,No,https://ottawa.ca/en/recreation-and-parks/facilities/place-listing/walter-baker-sports-centre,https://reservation.frontdesksuite.ca/rcfs/walterbaker/Home/Index?Culture=en&PageId=0c5c451b-cbab-42ac-8298-69a4817c5bcc,West - Barrhaven,Swimming,Adult,AM,FALSE
2,Tuesday,09:30 - 11:30,Walter Baker Sports Centre,100 Malvern Drive,Half Lane Swim,Lane Swim,Other,No,https://ottawa.ca/en/recreation-and-parks/facilities/place-listing/walter-baker-sports-centre,https://reservation.frontdesksuite.ca/rcfs/walterbaker/Home/Index?Culture=en&PageId=0c5c451b-cbab-42ac-8298-69a4817c5bcc,West - Barrhaven,Swimming,Adult,AM,FALSE
3,Wednesday,07:30 - 09:30,Walter Baker Sports Centre,100 Malvern Drive,Half Lane Swim,Lane Swim,Other,No,https://ottawa.ca/en/recreation-and-parks/facilities/place-listing/walter-baker-sports-centre,https://reservation.frontdesksuite.ca/rcfs/walterbaker/Home/Index?Culture=en&PageId=0c5c451b-cbab-42ac-8298-69a4817c5bcc,West - Barrhaven,Swimming,Adult,AM,FALSE
3,Wednesday,10:45 - 11:45,Walter Baker Sports Centre,100 Malvern Drive,Half Lane Swim,Lane Swim,Other,No,https://ottawa.ca/en/recreation-and-parks/facilities/place-listing/walter-baker-sports-centre,https://reservation.frontdesksuite.ca/rcfs/walterbaker/Home/Index?Culture=en&PageId=0c5c451b-cbab-42ac-8298-69a4817c5bcc,West - Barrhaven,Swimming,Adult,AM,FALSE
3,Wednesday,19:30 - 21:00,Walter Baker Sports Centre,100 Malvern Drive,Half Lane Swim,Lane Swim,Other,No,https://ottawa.ca/en/recreation-and-parks/facilities/place-listing/walter-baker-sports-centre,https://reservation.frontdesksuite.ca/rcfs/walterbaker/Home/Index?Culture=en&PageId=0c5c451b-cbab-42ac-8298-69a4817c5bcc,West - Barrhaven,Swimming,Adult,Evening,FALSE
4,Thursday,09:30 - 11:30,Walter Baker Sports Centre,100 Malvern Drive,Half Lane Swim,Lane Swim,Other,No,https://ottawa.ca/en/recreation-and-parks/facilities/place-listing/walter-baker-sports-centre,https://reservation.frontdesksuite.ca/rcfs/walterbaker/Home/Index?Culture=en&PageId=0c5c451b-cbab-42ac-8298-69a4817c5bcc,West - Barrhaven,Swimming,Adult,AM,FALSE
5,Friday,07:30 - 09:30,Walter Baker Sports Centre,100 Malvern Drive,Half Lane Swim,Lane Swim,Other,No,https://ottawa.ca/en/recreation-and-parks/facilities/place-listing/walter-baker-sports-centre,https://reservation.frontdesksuite.ca/rcfs/walterbaker/Home/Index?Culture=en&PageId=0c5c451b-cbab-42ac-8298-69a4817c5bcc,West - Barrhaven,Swimming,Adult,AM,FALSE
5,Friday,10:45 - 11:45,Walter Baker Sports Centre,100 Malvern Drive,Half Lane Swim,Lane Swim,Other,No,https://ottawa.ca/en/recreation-and-parks/facilities/place-listing/walter-baker-sports-centre,https://reservation.frontdesksuite.ca/rcfs/walterbaker/Home/Index?Culture=en&PageId=0c5c451b-cbab-42ac-8298-69a4817c5bcc,West - Barrhaven,Swimming,Adult,AM,FALSE
3,Wednesday,18:00 - 19:30,Walter Baker Sports Centre,100 Malvern Drive,Public Swim,Public Swim,Other,No,https://ottawa.ca/en/recreation-and-parks/facilities/place-listing/walter-baker-sports-centre,https://reservation.frontdesksuite.ca/rcfs/walterbaker/Home/Index?Culture=en&PageId=0c5c451b-cbab-42ac-8298-69a4817c5bcc,West - Barrhaven,Swimming,"Preschool, Children, Youth, Adult",Evening,FALSE
5,Friday,18:00 - 19:30,Walter Baker Sports Centre,100 Malvern Drive,Public Swim,Public Swim,Other,No,https://ottawa.ca/en/recreation-and-parks/facilities/place-listing/walter-baker-sports-centre,https://reservation.frontdesksuite.ca/rcfs/walterbaker/Home/Index?Culture=en&PageId=0c5c451b-cbab-42ac-8298-69a4817c5bcc,West - Barrhaven,Swimming,"Preschool, Children, Youth, Adult",Evening,FALSE
6,Saturday,13:00 - 16:00,Walter Baker Sports Centre,100 Malvern Drive,Public Swim,Public Swim,Other,No,https://ottawa.ca/en/recreation-and-parks/facilities/place-listing/walter-baker-sports-centre,https://reservation.frontdesksuite.ca/rcfs/walterbaker/Home/Index?Culture=en&PageId=0c5c451b-cbab-42ac-8298-69a4817c5bcc,West - Barrhaven,Swimming,"Preschool, Children, Youth, Adult",PM,TRUE
7,Sunday,13:00 - 16:00,Walter Baker Sports Centre,100 Malvern Drive,Public Swim,Public Swim,Other,No,https://ottawa.ca/en/recreation-and-parks/facilities/place-listing/walter-baker-sports-centre,https://reservation.frontdesksuite.ca/rcfs/walterbaker/Home/Index?Culture=en&PageId=0c5c451b-cbab-42ac-8298-69a4817c5bcc,West - Barrhaven,Swimming,"Preschool, Children, Youth, Adult",PM,FALSE
1,Monday,08:30 - 10:00,Walter Baker Sports Centre,100 Malvern Drive,Preschool Swim,Other,Other,No,https://ottawa.ca/en/recreation-and-parks/facilities/place-listing/walter-baker-sports-centre,https://reservation.frontdesksuite.ca/rcfs/walterbaker/Home/Index?Culture=en&PageId=0c5c451b-cbab-42ac-8298-69a4817c5bcc,West - Barrhaven,Swimming,Preschool,AM,FALSE
3,Wednesday,08:30 - 10:00,Walter Baker Sports Centre,100 Malvern Drive,Preschool Swim,Other,Other,No,https://ottawa.ca/en/recreation-and-parks/facilities/place-listing/walter-baker-sports-centre,https://reservation.frontdesksuite.ca/rcfs/walterbaker/Home/Index?Culture=en&PageId=0c5c451b-cbab-42ac-8298-69a4817c5bcc,West - Barrhaven,Swimming,Preschool,AM,FALSE
5,Friday,08:30 - 10:00,Walter Baker Sports Centre,100 Malvern Drive,Preschool Swim,Other,Other,No,https://ottawa.ca/en/recreation-and-parks/facilities/place-listing/walter-baker-sports-centre,https://reservation.frontdesksuite.ca/rcfs/walterbaker/Home/Index?Culture=en&PageId=0c5c451b-cbab-42ac-8298-69a4817c5bcc,West - Barrhaven,Swimming,Preschool,AM,FALSE
6,Saturday,12:00 - 13:00,Walter Baker Sports Centre,100 Malvern Drive,Preschool Swim,Other,Other,No,https://ottawa.ca/en/recreation-and-parks/facilities/place-listing/walter-baker-sports-centre,https://reservation.frontdesksuite.ca/rcfs/walterbaker/Home/Index?Culture=en&PageId=0c5c451b-cbab-42ac-8298-69a4817c5bcc,West - Barrhaven,Swimming,Preschool,PM,TRUE
7,Sunday,12:00 - 13:00,Walter Baker Sports Centre,100 Malvern Drive,Preschool Swim,Other,Other,No,https://ottawa.ca/en/recreation-and-parks/facilities/place-listing/walter-baker-sports-centre,https://reservation.frontdesksuite.ca/rcfs/walterbaker/Home/Index?Culture=en&PageId=0c5c451b-cbab-42ac-8298-69a4817c5bcc,West - Barrhaven,Swimming,Preschool,PM,FALSE
1,Monday,09:30 - 10:30,Walter Baker Sports Centre,100 Malvern Drive,Aquafit general - Deep,Aquafit,Other,Yes,https://ottawa.ca/en/recreation-and-parks/facilities/place-listing/walter-baker-sports-centre,https://reservation.frontdesksuite.ca/rcfs/walterbaker/Home/Index?Culture=en&PageId=0c5c451b-cbab-42ac-8298-69a4817c5bcc,West - Barrhaven,Swimming,Adult,AM,FALSE
2,Tuesday,08:30 - 09:30,Walter Baker Sports Centre,100 Malvern Drive,Aquafit general - Deep,Aquafit,Other,Yes,https://ottawa.ca/en/recreation-and-parks/facilities/place-listing/walter-baker-sports-centre,https://reservation.frontdesksuite.ca/rcfs/walterbaker/Home/Index?Culture=en&PageId=0c5c451b-cbab-42ac-8298-69a4817c5bcc,West - Barrhaven,Swimming,Adult,AM,FALSE
3,Wednesday,09:30 - 10:30,Walter Baker Sports Centre,100 Malvern Drive,Aquafit general - Deep,Aquafit,Other,Yes,https://ottawa.ca/en/recreation-and-parks/facilities/place-listing/walter-baker-sports-centre,https://reservation.frontdesksuite.ca/rcfs/walterbaker/Home/Index?Culture=en&PageId=0c5c451b-cbab-42ac-8298-69a4817c5bcc,West - Barrhaven,Swimming,Adult,AM,FALSE
4,Thursday,08:30 - 09:30,Walter Baker Sports Centre,100 Malvern Drive,Aquafit general - Deep,Aquafit,Other,Yes,https://ottawa.ca/en/recreation-and-parks/facilities/place-listing/walter-baker-sports-centre,https://reservation.frontdesksuite.ca/rcfs/walterbaker/Home/Index?Culture=en&PageId=0c5c451b-cbab-42ac-8298-69a4817c5bcc,West - Barrhaven,Swimming,Adult,AM,FALSE
5,Friday,09:30 - 10:30,Walter Baker Sports Centre,100 Malvern Drive,Aquafit general - Deep,Aquafit,Other,Yes,https://ottawa.ca/en/recreation-and-parks/facilities/place-listing/walter-baker-sports-centre,https://reservation.frontdesksuite.ca/rcfs/walterbaker/Home/Index?Culture=en&PageId=0c5c451b-cbab-42ac-8298-69a4817c5bcc,West - Barrhaven,Swimming,Adult,AM,FALSE
1,Monday,07:30 - 08:30,Walter Baker Sports Centre,100 Malvern Drive,Aquafit general - Shallow,Aquafit,Other,Yes,https://ottawa.ca/en/recreation-and-parks/facilities/place-listing/walter-baker-sports-centre,https://reservation.frontdesksuite.ca/rcfs/walterbaker/Home/Index?Culture=en&PageId=0c5c451b-cbab-42ac-8298-69a4817c5bcc,West - Barrhaven,Swimming,Adult,AM,FALSE
1,Monday,08:30 - 09:30,Walter Baker Sports Centre,100 Malvern Drive,Aquafit general - Shallow,Aquafit,Other,Yes,https://ottawa.ca/en/recreation-and-parks/facilities/place-listing/walter-baker-sports-centre,https://reservation.frontdesksuite.ca/rcfs/walterbaker/Home/Index?Culture=en&PageId=0c5c451b-cbab-42ac-8298-69a4817c5bcc,West - Barrhaven,Swimming,Adult,AM,FALSE
2,Tuesday,13:00 - 14:00,Walter Baker Sports Centre,100 Malvern Drive,Aquafit general - Shallow,Aquafit,Other,Yes,https://ottawa.ca/en/recreation-and-parks/facilities/place-listing/walter-baker-sports-centre,https://reservation.frontdesksuite.ca/rcfs/walterbaker/Home/Index?Culture=en&PageId=0c5c451b-cbab-42ac-8298-69a4817c5bcc,West - Barrhaven,Swimming,Adult,PM,FALSE
3,Wednesday,07:30 - 08:30,Walter Baker Sports Centre,100 Malvern Drive,Aquafit general - Shallow,Aquafit,Other,Yes,https://ottawa.ca/en/recreation-and-parks/facilities/place-listing/walter-baker-sports-centre,https://reservation.frontdesksuite.ca/rcfs/walterbaker/Home/Index?Culture=en&PageId=0c5c451b-cbab-42ac-8298-69a4817c5bcc,West - Barrhaven,Swimming,Adult,AM,FALSE
3,Wednesday,08:30 - 09:30,Walter Baker Sports Centre,100 Malvern Drive,Aquafit general - Shallow,Aquafit,Other,Yes,https://ottawa.ca/en/recreation-and-parks/facilities/place-listing/walter-baker-sports-centre,https://reservation.frontdesksuite.ca/rcfs/walterbaker/Home/Index?Culture=en&PageId=0c5c451b-cbab-42ac-8298-69a4817c5bcc,West - Barrhaven,Swimming,Adult,AM,FALSE
4,Thursday,13:00 - 14:00,Walter Baker Sports Centre,100 Malvern Drive,Aquafit general - Shallow,Aquafit,Other,Yes,https://ottawa.ca/en/recreation-and-parks/facilities/place-listing/walter-baker-sports-centre,https://reservation.frontdesksuite.ca/rcfs/walterbaker/Home/Index?Culture=en&PageId=0c5c451b-cbab-42ac-8298-69a4817c5bcc,West - Barrhaven,Swimming,Adult,PM,FALSE
5,Friday,07:30 - 08:30,Walter Baker Sports Centre,100 Malvern Drive,Aquafit general - Shallow,Aquafit,Other,Yes,https://ottawa.ca/en/recreation-and-parks/facilities/place-listing/walter-baker-sports-centre,https://reservation.frontdesksuite.ca/rcfs/walterbaker/Home/Index?Culture=en&PageId=0c5c451b-cbab-42ac-8298-69a4817c5bcc,West - Barrhaven,Swimming,Adult,AM,FALSE
5,Friday,08:30 - 09:30,Walter Baker Sports Centre,100 Malvern Drive,Aquafit general - Shallow,Aquafit,Other,Yes,https://ottawa.ca/en/recreation-and-parks/facilities/place-listing/walter-baker-sports-centre,https://reservation.frontdesksuite.ca/rcfs/walterbaker/Home/Index?Culture=en&PageId=0c5c451b-cbab-42ac-8298-69a4817c5bcc,West - Barrhaven,Swimming,Adult,AM,FALSE
1,Monday,10:45 - 11:45,Walter Baker Sports Centre,100 Malvern Drive,Aquafit Lite,Aquafit,Other,Yes,https://ottawa.ca/en/recreation-and-parks/facilities/place-listing/walter-baker-sports-centre,https://reservation.frontdesksuite.ca/rcfs/walterbaker/Home/Index?Culture=en&PageId=0c5c451b-cbab-42ac-8298-69a4817c5bcc,West - Barrhaven,Swimming,Adult,AM,FALSE
1,Monday,13:00 - 14:00,Walter Baker Sports Centre,100 Malvern Drive,Aquafit Lite,Aquafit,Other,Yes,https://ottawa.ca/en/recreation-and-parks/facilities/place-listing/walter-baker-sports-centre,https://reservation.frontdesksuite.ca/rcfs/walterbaker/Home/Index?Culture=en&PageId=0c5c451b-cbab-42ac-8298-69a4817c5bcc,West - Barrhaven,Swimming,Adult,PM,FALSE
2,Tuesday,09:30 - 10:30,Walter Baker Sports Centre,100 Malvern Drive,Aquafit Lite,Aquafit,Other,Yes,https://ottawa.ca/en/recreation-and-parks/facilities/place-listing/walter-baker-sports-centre,https://reservation.frontdesksuite.ca/rcfs/walterbaker/Home/Index?Culture=en&PageId=0c5c451b-cbab-42ac-8298-69a4817c5bcc,West - Barrhaven,Swimming,Adult,AM,FALSE
3,Wednesday,10:45 - 11:45,Walter Baker Sports Centre,100 Malvern Drive,Aquafit Lite,Aquafit,Other,Yes,https://ottawa.ca/en/recreation-and-parks/facilities/place-listing/walter-baker-sports-centre,https://reservation.frontdesksuite.ca/rcfs/walterbaker/Home/Index?Culture=en&PageId=0c5c451b-cbab-42ac-8298-69a4817c5bcc,West - Barrhaven,Swimming,Adult,AM,FALSE
3,Wednesday,13:00 - 14:00,Walter Baker Sports Centre,100 Malvern Drive,Aquafit Lite,Aquafit,Other,Yes,https://ottawa.ca/en/recreation-and-parks/facilities/place-listing/walter-baker-sports-centre,https://reservation.frontdesksuite.ca/rcfs/walterbaker/Home/Index?Culture=en&PageId=0c5c451b-cbab-42ac-8298-69a4817c5bcc,West - Barrhaven,Swimming,Adult,PM,FALSE
4,Thursday,09:30 - 10:30,Walter Baker Sports Centre,100 Malvern Drive,Aquafit Lite,Aquafit,Other,Yes,https://ottawa.ca/en/recreation-and-parks/facilities/place-listing/walter-baker-sports-centre,https://reservation.frontdesksuite.ca/rcfs/walterbaker/Home/Index?Culture=en&PageId=0c5c451b-cbab-42ac-8298-69a4817c5bcc,West - Barrhaven,Swimming,Adult,AM,FALSE
5,Friday,10:45 - 11:45,Walter Baker Sports Centre,100 Malvern Drive,Aquafit Lite,Aquafit,Other,Yes,https://ottawa.ca/en/recreation-and-parks/facilities/place-listing/walter-baker-sports-centre,https://reservation.frontdesksuite.ca/rcfs/walterbaker/Home/Index?Culture=en&PageId=0c5c451b-cbab-42ac-8298-69a4817c5bcc,West - Barrhaven,Swimming,Adult,AM,FALSE
5,Friday,13:00 - 14:00,Walter Baker Sports Centre,100 Malvern Drive,Aquafit Lite,Aquafit,Other,Yes,https://ottawa.ca/en/recreation-and-parks/facilities/place-listing/walter-baker-sports-centre,https://reservation.frontdesksuite.ca/rcfs/walterbaker/Home/Index?Culture=en&PageId=0c5c451b-cbab-42ac-8298-69a4817c5bcc,West - Barrhaven,Swimming,Adult,PM,FALSE
1,Monday,07:30 - 14:00,Walter Baker Sports Centre,100 Malvern Drive,Hot tub and Steam Room,Other,Other,No,https://ottawa.ca/en/recreation-and-parks/facilities/place-listing/walter-baker-sports-centre,https://reservation.frontdesksuite.ca/rcfs/walterbaker/Home/Index?Culture=en&PageId=0c5c451b-cbab-42ac-8298-69a4817c5bcc,West - Barrhaven,Swimming,Adult,"AM, PM",FALSE
1,Monday,20:00 - 21:00,Walter Baker Sports Centre,100 Malvern Drive,Hot tub and Steam Room,Other,Other,No,https://ottawa.ca/en/recreation-and-parks/facilities/place-listing/walter-baker-sports-centre,https://reservation.frontdesksuite.ca/rcfs/walterbaker/Home/Index?Culture=en&PageId=0c5c451b-cbab-42ac-8298-69a4817c5bcc,West - Barrhaven,Swimming,Adult,Evening,FALSE
2,Tuesday,07:30 - 14:00,Walter Baker Sports Centre,100 Malvern Drive,Hot tub and Steam Room,Other,Other,No,https://ottawa.ca/en/recreation-and-parks/facilities/place-listing/walter-baker-sports-centre,https://reservation.frontdesksuite.ca/rcfs/walterbaker/Home/Index?Culture=en&PageId=0c5c451b-cbab-42ac-8298-69a4817c5bcc,West - Barrhaven,Swimming,Adult,"AM, PM",FALSE
2,Tuesday,20:00 - 21:00,Walter Baker Sports Centre,100 Malvern Drive,Hot tub and Steam Room,Other,Other,No,https://ottawa.ca/en/recreation-and-parks/facilities/place-listing/walter-baker-sports-centre,https://reservation.frontdesksuite.ca/rcfs/walterbaker/Home/Index?Culture=en&PageId=0c5c451b-cbab-42ac-8298-69a4817c5bcc,West - Barrhaven,Swimming,Adult,Evening,FALSE
3,Wednesday,07:30 - 14:00,Walter Baker Sports Centre,100 Malvern Drive,Hot tub and Steam Room,Other,Other,No,https://ottawa.ca/en/recreation-and-parks/facilities/place-listing/walter-baker-sports-centre,https://reservation.frontdesksuite.ca/rcfs/walterbaker/Home/Index?Culture=en&PageId=0c5c451b-cbab-42ac-8298-69a4817c5bcc,West - Barrhaven,Swimming,Adult,"AM, PM",FALSE
3,Wednesday,18:00 - 21:00,Walter Baker Sports Centre,100 Malvern Drive,Hot tub and Steam Room,Other,Other,No,https://ottawa.ca/en/recreation-and-parks/facilities/place-listing/walter-baker-sports-centre,https://reservation.frontdesksuite.ca/rcfs/walterbaker/Home/Index?Culture=en&PageId=0c5c451b-cbab-42ac-8298-69a4817c5bcc,West - Barrhaven,Swimming,Adult,Evening,FALSE
4,Thursday,07:30 - 14:00,Walter Baker Sports Centre,100 Malvern Drive,Hot tub and Steam Room,Other,Other,No,https://ottawa.ca/en/recreation-and-parks/facilities/place-listing/walter-baker-sports-centre,https://reservation.frontdesksuite.ca/rcfs/walterbaker/Home/Index?Culture=en&PageId=0c5c451b-cbab-42ac-8298-69a4817c5bcc,West - Barrhaven,Swimming,Adult,"AM, PM",FALSE
4,Thursday,20:00 - 21:00,Walter Baker Sports Centre,100 Malvern Drive,Hot tub and Steam Room,Other,Other,No,https://ottawa.ca/en/recreation-and-parks/facilities/place-listing/walter-baker-sports-centre,https://reservation.frontdesksuite.ca/rcfs/walterbaker/Home/Index?Culture=en&PageId=0c5c451b-cbab-42ac-8298-69a4817c5bcc,West - Barrhaven,Swimming,Adult,Evening,FALSE
5,Friday,07:30 - 14:00,Walter Baker Sports Centre,100 Malvern Drive,Hot tub and Steam Room,Other,Other,No,https://ottawa.ca/en/recreation-and-parks/facilities/place-listing/walter-baker-sports-centre,https://reservation.frontdesksuite.ca/rcfs/walterbaker/Home/Index?Culture=en&PageId=0c5c451b-cbab-42ac-8298-69a4817c5bcc,West - Barrhaven,Swimming,Adult,"AM, PM",FALSE
5,Friday,18:00 - 21:00,Walter Baker Sports Centre,100 Malvern Drive,Hot tub and Steam Room,Other,Other,No,https://ottawa.ca/en/recreation-and-parks/facilities/place-listing/walter-baker-sports-centre,https://reservation.frontdesksuite.ca/rcfs/walterbaker/Home/Index?Culture=en&PageId=0c5c451b-cbab-42ac-8298-69a4817c5bcc,West - Barrhaven,Swimming,Adult,Evening,FALSE
6,Saturday,12:00 - 16:00,Walter Baker Sports Centre,100 Malvern Drive,Hot tub and Steam Room,Other,Other,No,https://ottawa.ca/en/recreation-and-parks/facilities/place-listing/walter-baker-sports-centre,https://reservation.frontdesksuite.ca/rcfs/walterbaker/Home/Index?Culture=en&PageId=0c5c451b-cbab-42ac-8298-69a4817c5bcc,West - Barrhaven,Swimming,Adult,PM,FALSE
7,Sunday,12:00 - 16:00,Walter Baker Sports Centre,100 Malvern Drive,Hot tub and Steam Room,Other,Other,No,https://ottawa.ca/en/recreation-and-parks/facilities/place-listing/walter-baker-sports-centre,https://reservation.frontdesksuite.ca/rcfs/walterbaker/Home/Index?Culture=en&PageId=0c5c451b-cbab-42ac-8298-69a4817c5bcc,West - Barrhaven,Swimming,Adult,PM,FALSE
1,Monday,06:30 - 21:00,Walter Baker Sports Centre,100 Malvern Drive,Weight and cardio room,Other,Other,No,https://ottawa.ca/en/recreation-and-parks/facilities/place-listing/walter-baker-sports-centre,#,West - Barrhaven,Fitness,Adult,"AM, PM, Evening",FALSE
2,Tuesday,06:30 - 21:00,Walter Baker Sports Centre,100 Malvern Drive,Weight and cardio room,Other,Other,No,https://ottawa.ca/en/recreation-and-parks/facilities/place-listing/walter-baker-sports-centre,#,West - Barrhaven,Fitness,Adult,"AM, PM, Evening",FALSE
3,Wednesday,06:30 - 21:00,Walter Baker Sports Centre,100 Malvern Drive,Weight and cardio room,Other,Other,No,https://ottawa.ca/en/recreation-and-parks/facilities/place-listing/walter-baker-sports-centre,#,West - Barrhaven,Fitness,Adult,"AM, PM, Evening",FALSE
4,Thursday,06:30 - 21:00,Walter Baker Sports Centre,100 Malvern Drive,Weight and cardio room,Other,Other,No,https://ottawa.ca/en/recreation-and-parks/facilities/place-listing/walter-baker-sports-centre,#,West - Barrhaven,Fitness,Adult,"AM, PM, Evening",FALSE
5,Friday,06:30 - 21:00,Walter Baker Sports Centre,100 Malvern Drive,Weight and cardio room,Other,Other,No,https://ottawa.ca/en/recreation-and-parks/facilities/place-listing/walter-baker-sports-centre,#,West - Barrhaven,Fitness,Adult,"AM, PM, Evening",FALSE
6,Saturday,08:00 - 20:00,Walter Baker Sports Centre,100 Malvern Drive,Weight and cardio room,Other,Other,No,https://ottawa.ca/en/recreation-and-parks/facilities/place-listing/walter-baker-sports-centre,#,West - Barrhaven,Fitness,Adult,"AM, PM, Evening",FALSE
7,Sunday,08:00 - 20:00,Walter Baker Sports Centre,100 Malvern Drive,Weight and cardio room,Other,Other,No,https://ottawa.ca/en/recreation-and-parks/facilities/place-listing/walter-baker-sports-centre,#,West - Barrhaven,Fitness,Adult,"AM, PM, Evening",FALSE
1,Monday,09:15 - 10:15,Walter Baker Sports Centre,100 Malvern Drive,Cardio and strength - older adult,Other,Other,Yes,https://ottawa.ca/en/recreation-and-parks/facilities/place-listing/walter-baker-sports-centre,https://reservation.frontdesksuite.ca/rcfs/walterbaker/Home/Index?Culture=en&PageId=0c5c451b-cbab-42ac-8298-69a4817c5bcc,West - Barrhaven,Group Fitness,50+,AM,FALSE
3,Wednesday,09:15 - 10:15,Walter Baker Sports Centre,100 Malvern Drive,Cardio and strength - older adult,Other,Other,Yes,https://ottawa.ca/en/recreation-and-parks/facilities/place-listing/walter-baker-sports-centre,https://reservation.frontdesksuite.ca/rcfs/walterbaker/Home/Index?Culture=en&PageId=0c5c451b-cbab-42ac-8298-69a4817c5bcc,West - Barrhaven,Group Fitness,50+,AM,FALSE
1,Monday,09:30 - 10:30,Walter Baker Sports Centre,100 Malvern Drive,Cardio and strength - older adult lite,Other,Other,Yes,https://ottawa.ca/en/recreation-and-parks/facilities/place-listing/walter-baker-sports-centre,https://reservation.frontdesksuite.ca/rcfs/walterbaker/Home/Index?Culture=en&PageId=0c5c451b-cbab-42ac-8298-69a4817c5bcc,West - Barrhaven,Group Fitness,50+,AM,FALSE
3,Wednesday,09:30 - 10:30,Walter Baker Sports Centre,100 Malvern Drive,Cardio and strength - older adult lite,Other,Other,Yes,https://ottawa.ca/en/recreation-and-parks/facilities/place-listing/walter-baker-sports-centre,https://reservation.frontdesksuite.ca/rcfs/walterbaker/Home/Index?Culture=en&PageId=0c5c451b-cbab-42ac-8298-69a4817c5bcc,West - Barrhaven,Group Fitness,50+,AM,FALSE
4,Thursday,09:30 - 10:30,Walter Baker Sports Centre,100 Malvern Drive,Cardio and strength - older adult lite,Other,Other,Yes,https://ottawa.ca/en/recreation-and-parks/facilities/place-listing/walter-baker-sports-centre,https://reservation.frontdesksuite.ca/rcfs/walterbaker/Home/Index?Culture=en&PageId=0c5c451b-cbab-42ac-8298-69a4817c5bcc,West - Barrhaven,Group Fitness,50+,AM,FALSE
4,Thursday,09:15 - 10:15,Walter Baker Sports Centre,100 Malvern Drive,Core conditioning,Other,Other,Yes,https://ottawa.ca/en/recreation-and-parks/facilities/place-listing/walter-baker-sports-centre,https://reservation.frontdesksuite.ca/rcfs/walterbaker/Home/Index?Culture=en&PageId=0c5c451b-cbab-42ac-8298-69a4817c5bcc,West - Barrhaven,Group Fitness,Adult,AM,FALSE
1,Monday,10:20 - 11:20,Walter Baker Sports Centre,100 Malvern Drive,Strength TMC - older adult,Other,Other,Yes,https://ottawa.ca/en/recreation-and-parks/facilities/place-listing/walter-baker-sports-centre,https://reservation.frontdesksuite.ca/rcfs/walterbaker/Home/Index?Culture=en&PageId=0c5c451b-cbab-42ac-8298-69a4817c5bcc,West - Barrhaven,Group Fitness,50+,AM,FALSE
3,Wednesday,10:20 - 11:20,Walter Baker Sports Centre,100 Malvern Drive,Strength Circuit - older adult,Other,Other,Yes,https://ottawa.ca/en/recreation-and-parks/facilities/place-listing/walter-baker-sports-centre,https://reservation.frontdesksuite.ca/rcfs/walterbaker/Home/Index?Culture=en&PageId=0c5c451b-cbab-42ac-8298-69a4817c5bcc,West - Barrhaven,Group Fitness,50+,AM,FALSE
2,Tuesday,09:30 - 10:30,Walter Baker Sports Centre,100 Malvern Drive,Strength and Balance - older adult,Other,Other,Yes,https://ottawa.ca/en/recreation-and-parks/facilities/place-listing/walter-baker-sports-centre,https://reservation.frontdesksuite.ca/rcfs/walterbaker/Home/Index?Culture=en&PageId=0c5c451b-cbab-42ac-8298-69a4817c5bcc,West - Barrhaven,Group Fitness,50+,AM,FALSE
1,Monday,10:35 - 11:35,Walter Baker Sports Centre,100 Malvern Drive,Yoga,Other,Other,Yes,https://ottawa.ca/en/recreation-and-parks/facilities/place-listing/walter-baker-sports-centre,https://reservation.frontdesksuite.ca/rcfs/walterbaker/Home/Index?Culture=en&PageId=0c5c451b-cbab-42ac-8298-69a4817c5bcc,West - Barrhaven,Group Fitness,Adult,AM,FALSE
2,Tuesday,10:20 - 11:20,Walter Baker Sports Centre,100 Malvern Drive,Yoga,Other,Other,Yes,https://ottawa.ca/en/recreation-and-parks/facilities/place-listing/walter-baker-sports-centre,https://reservation.frontdesksuite.ca/rcfs/walterbaker/Home/Index?Culture=en&PageId=0c5c451b-cbab-42ac-8298-69a4817c5bcc,West - Barrhaven,Group Fitness,Adult,AM,FALSE
3,Wednesday,11:50 - 12:50,Walter Baker Sports Centre,100 Malvern Drive,Yoga,Other,Other,Yes,https://ottawa.ca/en/recreation-and-parks/facilities/place-listing/walter-baker-sports-centre,https://reservation.frontdesksuite.ca/rcfs/walterbaker/Home/Index?Culture=en&PageId=0c5c451b-cbab-42ac-8298-69a4817c5bcc,West - Barrhaven,Group Fitness,Adult,"AM, PM",FALSE
4,Thursday,10:20 - 11:20,Walter Baker Sports Centre,100 Malvern Drive,Yoga,Other,Other,Yes,https://ottawa.ca/en/recreation-and-parks/facilities/place-listing/walter-baker-sports-centre,https://reservation.frontdesksuite.ca/rcfs/walterbaker/Home/Index?Culture=en&PageId=0c5c451b-cbab-42ac-8298-69a4817c5bcc,West - Barrhaven,Group Fitness,Adult,AM,FALSE
5,Friday,11:50 - 12:50,Walter Baker Sports Centre,100 Malvern Drive,Yoga,Other,Other,Yes,https://ottawa.ca/en/recreation-and-parks/facilities/place-listing/walter-baker-sports-centre,https://reservation.frontdesksuite.ca/rcfs/walterbaker/Home/Index?Culture=en&PageId=0c5c451b-cbab-42ac-8298-69a4817c5bcc,West - Barrhaven,Group Fitness,Adult,"AM, PM",FALSE
2,Tuesday,09:15 - 10:15,Walter Baker Sports Centre,100 Malvern Drive,Zumba®,Other,Other,Yes,https://ottawa.ca/en/recreation-and-parks/facilities/place-listing/walter-baker-sports-centre,https://reservation.frontdesksuite.ca/rcfs/walterbaker/Home/Index?Culture=en&PageId=0c5c451b-cbab-42ac-8298-69a4817c5bcc,West - Barrhaven,Group Fitness,Adult,AM,FALSE
5,Friday,10:00 - 11:30,Walter Baker Sports Centre,100 Malvern Drive,Kinderplay,Other,Other,Yes,https://ottawa.ca/en/recreation-and-parks/facilities/place-listing/walter-baker-sports-centre,https://reservation.frontdesksuite.ca/rcfs/walterbaker/Home/Index?Culture=en&PageId=0c5c451b-cbab-42ac-8298-69a4817c5bcc,West - Barrhaven,Gym Sport,Preschool,AM,FALSE
1,Monday,06:30 - 20:30,Walter Baker Sports Centre,100 Malvern Drive,"Squash Courts 2, 3, 4, and 5",Other,Other,Yes,https://ottawa.ca/en/recreation-and-parks/facilities/place-listing/walter-baker-sports-centre,https://reservation.frontdesksuite.ca/rcfs/walterbaker/Home/Index?Culture=en&PageId=0c5c451b-cbab-42ac-8298-69a4817c5bcc,West - Barrhaven,Racquet Sport,Adult,"AM, PM, Evening",FALSE
2,Tuesday,06:30 - 20:30,Walter Baker Sports Centre,100 Malvern Drive,"Squash Courts 2, 3, 4, and 5",Other,Other,Yes,https://ottawa.ca/en/recreation-and-parks/facilities/place-listing/walter-baker-sports-centre,https://reservation.frontdesksuite.ca/rcfs/walterbaker/Home/Index?Culture=en&PageId=0c5c451b-cbab-42ac-8298-69a4817c5bcc,West - Barrhaven,Racquet Sport,Adult,"AM, PM, Evening",FALSE
3,Wednesday,06:30 - 20:30,Walter Baker Sports Centre,100 Malvern Drive,"Squash Courts 2, 3, 4, and 5",Other,Other,Yes,https://ottawa.ca/en/recreation-and-parks/facilities/place-listing/walter-baker-sports-centre,https://reservation.frontdesksuite.ca/rcfs/walterbaker/Home/Index?Culture=en&PageId=0c5c451b-cbab-42ac-8298-69a4817c5bcc,West - Barrhaven,Racquet Sport,Adult,"AM, PM, Evening",FALSE
4,Thursday,06:30 - 20:30,Walter Baker Sports Centre,100 Malvern Drive,"Squash Courts 2, 3, 4, and 5",Other,Other,Yes,https://ottawa.ca/en/recreation-and-parks/facilities/place-listing/walter-baker-sports-centre,https://reservation.frontdesksuite.ca/rcfs/walterbaker/Home/Index?Culture=en&PageId=0c5c451b-cbab-42ac-8298-69a4817c5bcc,West - Barrhaven,Racquet Sport,Adult,"AM, PM, Evening",FALSE
5,Friday,06:30 - 20:30,Walter Baker Sports Centre,100 Malvern Drive,"Squash Courts 2, 3, 4, and 5",Other,Other,Yes,https://ottawa.ca/en/recreation-and-parks/facilities/place-listing/walter-baker-sports-centre,https://reservation.frontdesksuite.ca/rcfs/walterbaker/Home/Index?Culture=en&PageId=0c5c451b-cbab-42ac-8298-69a4817c5bcc,West - Barrhaven,Racquet Sport,Adult,"AM, PM, Evening",FALSE
6,Saturday,08:30 - 19:30,Walter Baker Sports Centre,100 Malvern Drive,"Squash Courts 2, 3, 4, and 5",Other,Other,Yes,https://ottawa.ca/en/recreation-and-parks/facilities/place-listing/walter-baker-sports-centre,https://reservation.frontdesksuite.ca/rcfs/walterbaker/Home/Index?Culture=en&PageId=0c5c451b-cbab-42ac-8298-69a4817c5bcc,West - Barrhaven,Racquet Sport,Adult,"AM, PM, Evening",FALSE
7,Sunday,08:30 - 19:30,Walter Baker Sports Centre,100 Malvern Drive,"Squash Courts 2, 3, 4, and 5",Other,Other,Yes,https://ottawa.ca/en/recreation-and-parks/facilities/place-listing/walter-baker-sports-centre,https://reservation.frontdesksuite.ca/rcfs/walterbaker/Home/Index?Culture=en&PageId=0c5c451b-cbab-42ac-8298-69a4817c5bcc,West - Barrhaven,Racquet Sport,Adult,"AM, PM, Evening",FALSE
5,Friday,19:15 - 20:05,Walter Baker Sports Centre,100 Malvern Drive,Public skating,Other,Other,No,https://ottawa.ca/en/recreation-and-parks/facilities/place-listing/walter-baker-sports-centre,#,West - Barrhaven,Skating,"Preschool, Children, Youth, Adult",Evening,FALSE
6,Saturday,12:15 - 13:05,Walter Baker Sports Centre,100 Malvern Drive,Public skating,Other,Other,No,https://ottawa.ca/en/recreation-and-parks/facilities/place-listing/walter-baker-sports-centre,#,West - Barrhaven,Skating,"Preschool, Children, Youth, Adult",PM,TRUE
6,Saturday,13:15 - 14:05,Walter Baker Sports Centre,100 Malvern Drive,Public skating,Other,Other,No,https://ottawa.ca/en/recreation-and-parks/facilities/place-listing/walter-baker-sports-centre,#,West - Barrhaven,Skating,"Preschool, Children, Youth, Adult",PM,TRUE
7,Sunday,12:15 - 13:05,Walter Baker Sports Centre,100 Malvern Drive,Public skating,Other,Other,No,https://ottawa.ca/en/recreation-and-parks/facilities/place-listing/walter-baker-sports-centre,#,West - Barrhaven,Skating,"Preschool, Children, Youth, Adult",PM,FALSE
7,Sunday,13:15 - 14:05,Walter Baker Sports Centre,100 Malvern Drive,Public skating,Other,Other,No,https://ottawa.ca/en/recreation-and-parks/facilities/place-listing/walter-baker-sports-centre,#,West - Barrhaven,Skating,"Preschool, Children, Youth, Adult",PM,FALSE
