Event URL,Program Name,Day of Week,Start Date,End Date,Time,Location,Address,Area,Language,Audience,Subjects
https://booking.biblioottawalibrary.ca/en/event/bilingual-babytime-stay-play-fridays-b%C3%A9b%C3%A9s-%C3%A0-la-biblio-et-jouons-%C3%A0-la-biblio-bilingue,Bilingual Babytime + Stay & Play (Fridays) | Bébés à la biblio et jouons à la biblio bilingue (Vendredis),Friday,25-Sep-26,11-Dec-26,11:15,Ruth E. Dickinson,100 Malvern,West - Barrhaven,Bilingual,Baby,"Babytime, Kids"
https://booking.biblioottawalibrary.ca/en/event/game-caf%C3%A9-adults,Game Café for Adults,Friday,25-Sep-26,18-Dec-26,13:30,Greenboro,363 Lorry Greenberg,South - Alta Vista,English,"Adult, Adults 50-plus, Newcomers",Hobbies and Interests
https://booking.biblioottawalibrary.ca/en/event/greely-cards-and-games-adults-55-2,Greely Cards and Games for Adults (55+),Friday,25-Sep-26,18-Dec-26,13:30,Greely,1448 Meadow Drive,South - Greely,English,Adults 50-plus,"Games and Gaming, Hobbies and Interests, Social Connections"
https://booking.biblioottawalibrary.ca/en/event/construis-ta-maisonnette-magique-lumineuse,Construis ta maisonnette magique lumineuse !,Friday,25-Sep-26,25-Sep-26,13:30,Main,120 Metcalfe,Central,Français,"Child, Family",Arts and Crafts
https://booking.biblioottawalibrary.ca/en/event/greenbelt-esl-classes-classes-als-greenbelt,Greenbelt ESL Classes,Friday,25-Sep-26,4-Dec-26,13:30,North Gloucester,2036 Ogilvie,East - Vanier,English,"Adult, Adults 50-plus, Newcomers",Language learning
https://booking.biblioottawalibrary.ca/en/event/fibre-fridays-vendredis-en-bouts-de-laine,Fibre Fridays | Vendredis en bouts de laine,Friday,25-Sep-26,18-Jun-27,14:00,Elmvale Acres,1910 St-Laurent,South - Alta Vista,English,Adult,Hobbies and Interests
https://booking.biblioottawalibrary.ca/en/event/sunnyside-adult-book-club-4,The Sunnyside Adult Book Club,Friday,25-Sep-26,25-Jun-27,14:00,Sunnyside,1049 Bank,South - Alta Vista,English,Adult,Book Clubs
https://booking.biblioottawalibrary.ca/en/event/movie-matin%C3%A9e-death-nile,Movie Matinée: Death on the Nile,Friday,25-Sep-26,25-Sep-26,14:30,Centennial,3870 Old Richmond,West - Nepean,English,"Adult, Adults 50-plus",Film and Movie Showing
https://booking.biblioottawalibrary.ca/en/event/english-conversation-group-24,English conversation group,Friday,25-Sep-26,18-Dec-26,15:00,Main,120 Metcalfe,Central,English,Adult,Language learning
https://booking.biblioottawalibrary.ca/en/event/1-1-western-ottawa-community-resource-centre-assistance-and-support-0,1 on 1 with the Western Ottawa Community Resource Centre: Assistance and Support,Friday,25-Sep-26,30-Oct-26,15:00,Constance Bay,262 Len Purcell,West - Constance Bay,English,"Adult, Adults 50-plus, Newcomers","Culture and Communities, Health and wellness, Social Connections"
https://booking.biblioottawalibrary.ca/en/event/saturday-family-storytime-sept-dec-heure-du-conte-du-samedi-sept-d%C3%A9c,Saturday Family Storytime (Sept-Dec),Saturday,26-Sep-26,12-Dec-26,10:00,Cumberland,1599 Tenth Line,East - Orleans,Bilingual,"Child, Family",Family storytime
https://booking.biblioottawalibrary.ca/en/event/lego-block-party-lego-en-f%C3%AAte-9,LEGO Block Party | LEGO en fête,Saturday,26-Sep-26,26-Sep-26,10:00,Ruth E. Dickinson,100 Malvern,West - Barrhaven,Bilingual,"Child, Family","Kids, STEM"
https://booking.biblioottawalibrary.ca/en/event/reading-buddies-compagnons-de-lecture,Reading Buddies,Saturday,26-Sep-26,24-Oct-26,10:00,Rosemount,18 Rosemount,West - Nepean,Bilingual,Child,"Kids, Language learning, Social Connections"
https://booking.biblioottawalibrary.ca/en/event/saturday-storytime-21,Saturday Storytime,Saturday,26-Sep-26,28-Nov-26,10:15,Sunnyside,1049 Bank,South - Alta Vista,English,Family,Family storytime
https://booking.biblioottawalibrary.ca/en/event/saturday-family-storytime-96,Saturday Family Storytime,Saturday,26-Sep-26,12-Dec-26,10:30,Centennial,3870 Old Richmond,West - Nepean,English,"Baby, Child, Family",Family storytime
https://booking.biblioottawalibrary.ca/en/event/steam-stiam-1,STEAM | STIAM,Saturday,26-Sep-26,21-Nov-26,10:30,Orléans,1705 Orléans,East - Orleans,Bilingual,"Child, Teen","Arts and Crafts, Computers and technology, Games and Gaming, Hobbies and Interests, Kids, Science and Discovery, STEM"
https://booking.biblioottawalibrary.ca/en/event/silly-saturday-storytime-9,Silly Saturday Storytime,Saturday,26-Sep-26,24-Oct-26,10:30,Beaverbrook,2500 Campeau,West - Kanata,English,"Child, Family","Family storytime, Storytime"
https://booking.biblioottawalibrary.ca/en/event/f%C3%AAte-champ%C3%AAtre-franco-ontarienne,Fête champêtre franco-ontarienne,Saturday,26-Sep-26,26-Sep-26,10:30,Ruth E. Dickinson,100 Malvern,West - Barrhaven,Français,"Adult, Child, Family",Culture and Communities
https://booking.biblioottawalibrary.ca/en/event/saturday-storytime-stay-and-play-6,Saturday Storytime with Stay and Play,Saturday,26-Sep-26,24-Oct-26,10:30,Stittsville,1637 Stittsville Main,West - Stittsville,English,Child,Storytime
https://booking.biblioottawalibrary.ca/en/event/write-us-6,Write With Us!,Saturday,26-Sep-26,19-Dec-26,10:30,Greenboro,363 Lorry Greenberg,South - Alta Vista,English,"Adult, Adults 50-plus",Writing and poetry
https://booking.biblioottawalibrary.ca/en/event/saturday-storytime-20,Saturday Storytime,Saturday,26-Sep-26,12-Dec-26,10:30,Richmond,6240 Perth Street,West - Richmond,English,"Child, Family","Kids, Storytime"
https://booking.biblioottawalibrary.ca/en/event/stem-library-6,STEM at the Library,Saturday,26-Sep-26,24-Oct-26,10:30,Alta Vista,2516 Alta Vista,South - Alta Vista,English,Child,STEM
https://booking.biblioottawalibrary.ca/en/event/spanish-english-storytime-hora-de-cuentos-ingl%C3%A9s-y-espa%C3%B1ol,Spanish-English Storytime,Saturday,26-Sep-26,21-Nov-26,10:30,Nepean Centrepointe,101 Centrepointe,West - Nepean,English,"Child, Family",Storytime
https://booking.biblioottawalibrary.ca/en/event/lego-party-39,LEGO Party,Saturday,26-Sep-26,12-Dec-26,11:00,Manotick,5499 South River,West - Manotick,English,"Child, Family",Kids
https://booking.biblioottawalibrary.ca/en/event/family-crafternoon-apr%C3%A8s-midi-de-bricolage-en-famille%E2%80%8B,Family Crafternoon | Après-midi de bricolage en famille​,Saturday,26-Sep-26,24-Oct-26,11:00,Metcalfe village,8243 Victoria St,South - Metcalfe,Bilingual,Family,"Arts and Crafts, Kids"
https://booking.biblioottawalibrary.ca/en/event/saturday-family-storytime-followed-stay-and-play-0,Saturday Family Storytime followed by a Stay and Play,Saturday,26-Sep-26,24-Oct-26,11:00,Emerald Plaza,1547 Merivale,West - Nepean,English,"Family, Preschool, Toddler","Kids, Storytime"
https://booking.biblioottawalibrary.ca/en/event/contes-en-famille-257,Contes en famille,Saturday,26-Sep-26,24-Oct-26,11:00,Main,120 Metcalfe,Central,Français,"Child, Family, Preschool",Family storytime
https://booking.biblioottawalibrary.ca/en/event/teen-sidewalk-chalk-art-art-de-rue,Teen Sidewalk Chalk Art,Saturday,26-Sep-26,26-Sep-26,11:30,Cumberland,1599 Tenth Line,East - Orleans,Bilingual,Teen,Arts and Crafts
https://booking.biblioottawalibrary.ca/en/event/english-conversation-group-21,English Conversation Group,Saturday,26-Sep-26,19-Dec-26,13:00,Orléans,1705 Orléans,East - Orleans,English,Adult,Language learning
https://booking.biblioottawalibrary.ca/en/event/french-conversation-group-15,French Conversation Group,Saturday,26-Sep-26,19-Dec-26,13:00,Elmvale Acres,1910 St-Laurent,South - Alta Vista,Français,Adult,Language learning
https://booking.biblioottawalibrary.ca/en/event/truth-film-series-national-day-truth-and-reconciliation-s%C3%A9ries-de-films-sur-la-v%C3%A9rit%C3%A9-la,Truth Film series: National Day for Truth and Reconciliation. Séries de films sur la vérité : La Journée nationale de la vérité et de la réconciliation,Saturday,26-Sep-26,26-Sep-26,13:00,Emerald Plaza,1547 Merivale,West - Nepean,Bilingual,Adult,Indigenous
https://booking.biblioottawalibrary.ca/en/event/dungeons-and-dragons-teens-trouble-dragonsbourne-3,Dungeons and Dragons for Teens: Trouble in Dragonsbourne,Saturday,26-Sep-26,26-Sep-26,13:30,Rosemount,18 Rosemount,West - Nepean,English,Teen,Games and Gaming
https://booking.biblioottawalibrary.ca/en/event/dungeons-dragons-26,Dungeons & Dragons,Saturday,26-Sep-26,19-Dec-26,13:30,Ruth E. Dickinson,100 Malvern,West - Barrhaven,English,Teen,"Games and Gaming, Hobbies and Interests"
https://booking.biblioottawalibrary.ca/en/event/chess-centrepointe-13,Chess @Centrepointe,Saturday,26-Sep-26,24-Oct-26,13:30,Nepean Centrepointe,101 Centrepointe,West - Nepean,English,Child,Games and Gaming
https://booking.biblioottawalibrary.ca/en/event/go-workshop-atelier-de-go-0,Go Workshop,Saturday,26-Sep-26,12-Dec-26,14:00,Rideau,377 Rideau,Central,Bilingual,"Adult, Adults 50-plus",Hobbies and Interests
https://booking.biblioottawalibrary.ca/en/event/workshops-conflict-resolution-what-china-has-taught-us-about-finding-peace,Workshops:  Conflict resolution: What China has taught us about finding peace,Saturday,26-Sep-26,26-Sep-26,14:00,Sunnyside,1049 Bank,South - Alta Vista,English,Adult,Lectures and discussions
https://booking.biblioottawalibrary.ca/en/event/reverse-colouring-fall-season,Reverse Colouring - Fall Season,Saturday,26-Sep-26,26-Sep-26,14:00,Hazeldean,50 Castlefrank,West - Kanata,English,"Adult, Adults 50-plus",Arts and Crafts
https://booking.biblioottawalibrary.ca/en/event/draw-davinci-andy-warhol-0,Draw Like DaVinci: Andy Warhol,Saturday,26-Sep-26,26-Sep-26,14:00,Ruth E. Dickinson,100 Malvern,West - Barrhaven,English,Child,"Arts and Crafts, Kids"
https://booking.biblioottawalibrary.ca/en/event/craft-chat-bavarder-bricoler,Craft & Chat - Bavarder & Bricoler,Saturday,26-Sep-26,19-Dec-26,14:00,Main,120 Metcalfe,Central,Bilingual,"Adult, Adults 50-plus",Arts and Crafts
https://booking.biblioottawalibrary.ca/en/event/franco-brico,Franco-Brico,Saturday,26-Sep-26,26-Sep-26,14:00,Ruth E. Dickinson,100 Malvern,West - Barrhaven,Français,"Child, Family","Arts and Crafts, Culture and Communities"
https://booking.biblioottawalibrary.ca/en/event/make-n%E2%80%99-take-pony-bead-keychain-ages-10-12,Make n’ Take: Pony Bead Keychain (ages 10-12),Saturday,26-Sep-26,26-Sep-26,14:00,Greenboro,363 Lorry Greenberg,South - Alta Vista,English,Child,Arts and Crafts
https://booking.biblioottawalibrary.ca/en/event/hello-fall,Hello Fall!,Saturday,26-Sep-26,26-Sep-26,14:00,Centennial,3870 Old Richmond,West - Nepean,English,Child,Kids
https://booking.biblioottawalibrary.ca/en/event/teen-and-tween-afternoon,Teen and Tween Afternoon,Saturday,26-Sep-26,12-Dec-26,14:30,Rosemount,18 Rosemount,West - Nepean,English,Teen,"Games and Gaming, Hobbies and Interests, Social Connections"
https://booking.biblioottawalibrary.ca/en/event/lego%C2%AE-block-party-f%C3%AAte-en-blocs-lego%C2%AE,Lego® Block Party | Fête en blocs Lego®,Saturday,26-Sep-26,19-Dec-26,14:30,Emerald Plaza,1547 Merivale,West - Nepean,English,"Child, Family, Preschool",Hobbies and Interests
https://booking.biblioottawalibrary.ca/en/event/adult-10-chess-club,Adult & 10+ Chess Club,Saturday,26-Sep-26,19-Dec-26,15:00,Alta Vista,2516 Alta Vista,South - Alta Vista,English,"Adult, Child, Teen",Games and Gaming
https://booking.biblioottawalibrary.ca/en/event/dungeons-dragons-youth-play-sessions,Dungeons & Dragons Youth Play Sessions,Saturday,26-Sep-26,19-Dec-26,15:00,Orléans,1705 Orléans,East - Orleans,English,Teen,"Games and Gaming, Hobbies and Interests"
https://booking.biblioottawalibrary.ca/en/event/saturday-stem-club,Saturday Stem Club,Saturday,26-Sep-26,24-Oct-26,15:00,Main,120 Metcalfe,Central,English,Child,STEM
https://booking.biblioottawalibrary.ca/en/event/family-storytime-sundays-1030,Family Storytime (Sundays @ 10:30),Sunday,27-Sep-26,25-Oct-26,10:30,Ruth E. Dickinson,100 Malvern,West - Barrhaven,English,Family,"Family storytime, Kids"
https://booking.biblioottawalibrary.ca/en/event/sunday-morning-family-storytime,Sunday Morning Family Storytime,Sunday,27-Sep-26,13-Dec-26,10:30,Nepean Centrepointe,101 Centrepointe,West - Nepean,English,"Child, Family",Storytime
https://booking.biblioottawalibrary.ca/en/event/sunday-bilingual-family-storytime-contes-en-famille-bilingue-du-dimanche,Sunday Bilingual Family storytime | Contes en famille bilingue du dimanche,Sunday,27-Sep-26,6-Dec-26,11:00,Orléans,1705 Orléans,East - Orleans,Bilingual,Family,"Family storytime, Storytime"
https://booking.biblioottawalibrary.ca/en/event/welcome-your-library-introduction-kanopy-hoopla,Welcome to Your Library : Introduction to Kanopy & Hoopla,Sunday,27-Sep-26,27-Sep-26,11:00,Beaverbrook,2500 Campeau,West - Kanata,English,Adult,"Computers and technology, Lectures and discussions"
https://booking.biblioottawalibrary.ca/en/event/family-storytime-761,Family Storytime,Sunday,27-Sep-26,18-Oct-26,11:00,Main,120 Metcalfe,Central,English,"Child, Family, Preschool","Family storytime, Storytime"
https://booking.biblioottawalibrary.ca/en/event/calligraphy-workshop-1,Calligraphy Workshop,Sunday,27-Sep-26,27-Sep-26,13:00,Ruth E. Dickinson,100 Malvern,West - Barrhaven,English,"Adult, Adults 50-plus",Arts and Crafts
https://booking.biblioottawalibrary.ca/en/event/sunday-greenbelt-esl-intermediate-conversation-group-groupe-de-conversation-interm%C3%A9diaire-0,Sunday Greenbelt ESL Intermediate Conversation Group,Sunday,27-Sep-26,6-Jun-27,13:00,North Gloucester,2036 Ogilvie,East - Vanier,English,"Adult, Adults 50-plus, Newcomers",Language learning
https://booking.biblioottawalibrary.ca/en/event/chess-sundays-les-dimanches-d%C3%A9checs,Chess on Sundays,Sunday,27-Sep-26,6-Dec-26,13:30,Cumberland,1599 Tenth Line,East - Orleans,Bilingual,"Adult, Adults 50-plus","Games and Gaming, Hobbies and Interests"
https://booking.biblioottawalibrary.ca/en/event/family-storytime-sundays-200,Family Storytime (Sundays @ 2:00),Sunday,27-Sep-26,25-Oct-26,14:00,Ruth E. Dickinson,100 Malvern,West - Barrhaven,English,Family,"Family storytime, Kids"
https://booking.biblioottawalibrary.ca/en/event/exploratory-writing-workshops-write-us-1,Exploratory Writing Workshops - Write With Us,Sunday,27-Sep-26,27-Dec-26,14:30,Hazeldean,50 Castlefrank,West - Kanata,English,Adult,Writing and poetry
https://booking.biblioottawalibrary.ca/en/event/bound-magic-book-club,Bound by Magic Book Club,Sunday,27-Sep-26,13-Dec-26,14:30,Beaverbrook,2500 Campeau,West - Kanata,English,Child,Book Clubs
https://booking.biblioottawalibrary.ca/en/event/family-storytime-751,Family Storytime,Monday,28-Sep-26,28-Dec-26,9:30,Rockcliffe Park,380 Springfield,East - Vanier,English,Family,Storytime
https://booking.biblioottawalibrary.ca/en/event/employment-support-8,Employment Support,Monday,28-Sep-26,28-Dec-26,10:00,Nepean Centrepointe,101 Centrepointe,West - Nepean,English,"Adult, Adults 50-plus",Jobs and careers
https://booking.biblioottawalibrary.ca/en/event/centre-507-outreach-team-%C3%A9quipe-d%E2%80%99intervention-du-centre-507,Centre 507 Outreach Team | Équipe d’intervention du Centre 507,Monday,28-Sep-26,28-Dec-26,10:00,Main,120 Metcalfe,Central,Bilingual,Adult,"Health and wellness, Jobs and careers, Personal finance"
https://booking.biblioottawalibrary.ca/en/event/toddlertime-sept-dec,Toddlertime (Sept-Dec),Monday,28-Sep-26,7-Dec-26,10:00,Cumberland,1599 Tenth Line,East - Orleans,English,"Child, Preschool, Toddler","Family storytime, Kids, Storytime"
https://booking.biblioottawalibrary.ca/en/event/adult-games-jeux-de-soci%C3%A9t%C3%A9-pour-adultes,Adult Games,Monday,28-Sep-26,14-Dec-26,10:00,Blackburn Hamlet,199 Glen Park,East - Orleans,Bilingual,Adult,Games and Gaming
https://booking.biblioottawalibrary.ca/en/event/monday-storytime-and-stay-and-play,Monday Storytime and Stay and Play,Monday,28-Sep-26,7-Dec-26,10:15,Sunnyside,1049 Bank,South - Alta Vista,English,"Preschool, Toddler",Family storytime
https://booking.biblioottawalibrary.ca/en/event/family-storytime-735,Family Storytime,Monday,28-Sep-26,19-Oct-26,10:30,Greely,1448 Meadow Drive,South - Greely,English,"Child, Family",Family storytime
https://booking.biblioottawalibrary.ca/en/event/family-storytime-followed-stay-and-play-3,"Family Storytime, followed by Stay and Play",Monday,28-Sep-26,14-Dec-26,10:30,St-Laurent,515 Côté,East - Vanier,English,"Family, Preschool, Toddler",Storytime
https://booking.biblioottawalibrary.ca/en/event/doodle-hour-colouring-zentangle-and-mindful-doodling-lheure-du-dessin-zentangle-coloriage-et,"Doodle Hour: Colouring, Zentangle and Mindful Doodling",Monday,28-Sep-26,25-Jan-27,10:30,Orléans,1705 Orléans,East - Orleans,Bilingual,Adult,Arts and Crafts
https://booking.biblioottawalibrary.ca/en/event/toddlertime-1030-tout-petits-%C3%A0-la-biblio-%C3%A0-10h30,Toddlertime @ 10:30 | Tout-petits à la biblio à 10h30,Monday,28-Sep-26,7-Dec-26,10:30,Ruth E. Dickinson,100 Malvern,West - Barrhaven,English,Toddler,"Kids, Storytime"
https://booking.biblioottawalibrary.ca/en/event/family-storytime-756,Family Storytime,Monday,28-Sep-26,14-Dec-26,10:30,North Gower,6579 Fourth Line,West - North Gover,English,"Baby, Child, Family","Family storytime, Kids, Storytime"
https://booking.biblioottawalibrary.ca/en/event/family-storytime-760,Family Storytime,Monday,28-Sep-26,7-Dec-26,10:30,Greenboro,363 Lorry Greenberg,South - Alta Vista,English,Family,Family storytime
https://booking.biblioottawalibrary.ca/en/event/monday-morning-family-storytime-stay-and-play-5,Monday Morning Family Storytime & Stay and Play,Monday,28-Sep-26,7-Dec-26,10:30,Nepean Centrepointe,101 Centrepointe,West - Nepean,English,Family,Family storytime
https://booking.biblioottawalibrary.ca/en/event/babytime-b%C3%A9b%C3%A9s-%C3%A0-la-biblio-260,Babytime,Monday,28-Sep-26,7-Dec-26,11:00,North Gloucester,2036 Ogilvie,East - Vanier,Bilingual,Baby,Babytime
https://booking.biblioottawalibrary.ca/en/event/toddlertime-1115-tout-petits-%C3%A0-la-biblio-%C3%A0-11h15,Toddlertime @ 11:15 | Tout-petits à la biblio à 11h15,Monday,28-Sep-26,7-Dec-26,11:15,Ruth E. Dickinson,100 Malvern,West - Barrhaven,English,Toddler,"Kids, Storytime"
https://booking.biblioottawalibrary.ca/en/event/coffee-and-cards-5,Coffee and Cards,Monday,28-Sep-26,28-Dec-26,12:00,Osgoode,5630 Osgoode Main,South - Osgoode,English,"Adult, Adults 50-plus","Games and Gaming, Social Connections"
https://booking.biblioottawalibrary.ca/en/event/groupe-de-conversation-en-fran%C3%A7ais-french-conversation-group-53,Groupe de conversation en français | French conversation group,Monday,28-Sep-26,14-Dec-26,12:30,Main,120 Metcalfe,Central,Français,Adult,Language learning
https://booking.biblioottawalibrary.ca/en/event/english-conversation-groups-groupes-de-conversation-en-anglais-0,English Conversation Groups | Groupes de conversation en anglais,Monday,28-Sep-26,15-Dec-26,13:00,Alta Vista,2516 Alta Vista,South - Alta Vista,English,Adult,Language learning
https://booking.biblioottawalibrary.ca/en/event/indie-author-group-1,Indie Author Group,Monday,28-Sep-26,14-Dec-26,13:00,Nepean Centrepointe,101 Centrepointe,West - Nepean,English,"Adult, Adults 50-plus","Lectures and discussions, Writing and poetry"
https://booking.biblioottawalibrary.ca/en/event/crafternoon-49,Crafternoon,Monday,28-Sep-26,28-Dec-26,13:00,Rockcliffe Park,380 Springfield,East - Vanier,English,Adult,Hobbies and Interests
https://booking.biblioottawalibrary.ca/en/event/afternoon-fun-and-games-adults-un-apr%C3%A8s-midi-de-jeux-et-de-plaisir-pour-adultes,An Afternoon of Fun and Games for Adults! Un après-midi de jeux et de plaisir pour adultes!,Monday,28-Sep-26,28-Jun-27,13:30,Orléans,1705 Orléans,East - Orleans,Bilingual,Adult,Hobbies and Interests
https://booking.biblioottawalibrary.ca/en/event/afternoon-english-conversation-groupgroupe-de-conversation-en-anglais-en-apr%C3%A8s-midi,Afternoon English Conversation group,Monday,28-Sep-26,14-Dec-26,13:30,Cumberland,1599 Tenth Line,East - Orleans,English,Adult,Language learning
https://booking.biblioottawalibrary.ca/en/event/earlyon-baby-playgroup-groupe-de-jeu-pour-b%C3%A9b%C3%A9s-du-programme-earlyon,EarlyON Baby Playgroup | Groupe de jeu pour bébés du programme EarlyON,Monday,28-Sep-26,14-Dec-26,13:30,Ruth E. Dickinson,100 Malvern,West - Barrhaven,English,"Baby, Family","Babytime, Kids, Parenting"
https://booking.biblioottawalibrary.ca/en/event/company-writers,In the Company of Writers,Monday,28-Sep-26,14-Dec-26,14:00,Main,120 Metcalfe,Central,English,Adult,Writing and poetry
https://booking.biblioottawalibrary.ca/en/event/chapter-chat-book-club-0,Chapter Chat Book Club,Monday,28-Sep-26,30-Nov-26,14:00,Greenboro,363 Lorry Greenberg,South - Alta Vista,English,"Adult, Adults 50-plus",Book Talks
https://booking.biblioottawalibrary.ca/en/event/learn-how-access-opl-ebooks-and-audiobooks-apprenez-%C3%A0-consulter-les-livres-num%C3%A9riques-et-0,Learn how to access OPL eBooks and Audiobooks,Monday,28-Sep-26,28-Dec-26,14:00,Sunnyside,1049 Bank,South - Alta Vista,English,Adult,Computers and technology
https://booking.biblioottawalibrary.ca/en/event/newcomer-support-drop,Newcomer Support Drop-in,Monday,28-Sep-26,21-Dec-26,15:00,Nepean Centrepointe,101 Centrepointe,West - Nepean,English,"Adult, Adults 50-plus, Teen",Jobs and careers
https://booking.biblioottawalibrary.ca/en/event/steam-storytime-heure-de-contes-stiam,STEAM Storytime,Monday,28-Sep-26,7-Dec-26,15:30,Main,120 Metcalfe,Central,Bilingual,Child,STEM
https://booking.biblioottawalibrary.ca/en/event/cercle-de-lecture-alta-vista,Cercle de Lecture Alta Vista,Monday,28-Sep-26,19-Oct-26,16:00,Alta Vista,2516 Alta Vista,South - Alta Vista,Français,Child,Lectures and discussions
https://booking.biblioottawalibrary.ca/en/event/english-reading-and-writing-help-adult-second-language-learners-1,English Reading and Writing Help (Adult Second Language Learners),Monday,28-Sep-26,28-Dec-26,16:45,Main,120 Metcalfe,Central,English,Adult,Homework and Reading Support
https://booking.biblioottawalibrary.ca/en/event/beginner-spanish-conversation-group-grupo-de-conversacion-en-espanol,Beginner Spanish Conversation Group,Monday,28-Sep-26,14-Dec-26,17:00,Greenboro,363 Lorry Greenberg,South - Alta Vista,Bilingual,"Adult, Adults 50-plus",Language learning
https://booking.biblioottawalibrary.ca/en/event/reading-buddies-41,Reading Buddies,Monday,28-Sep-26,14-Dec-26,17:15,Ruth E. Dickinson,100 Malvern,West - Barrhaven,English,Child,"Homework and Reading Support, Kids, Language learning"
https://booking.biblioottawalibrary.ca/en/event/mystery-monday-0,Mystery Monday,Monday,28-Sep-26,28-Dec-26,17:30,Beaverbrook,2500 Campeau,West - Kanata,English,"Child, Family","Games and Gaming, Hobbies and Interests"
https://booking.biblioottawalibrary.ca/en/event/groupe-de-conversation-en-fran%C3%A7ais-french-conversation-group-51,Groupe de conversation en français,Monday,28-Sep-26,28-Dec-26,18:00,Orléans,1705 Orléans,East - Orleans,Français,Adult,Language learning
https://booking.biblioottawalibrary.ca/en/event/game-board-games-puzzles-adults,Game On!  Board Games & Puzzles for Adults,Monday,28-Sep-26,28-Dec-26,18:00,Nepean Centrepointe,101 Centrepointe,West - Nepean,English,"Adult, Adults 50-plus",Games and Gaming
https://booking.biblioottawalibrary.ca/en/event/monday-movie-nights-1,Monday Movie Nights,Monday,28-Sep-26,28-Sep-26,18:00,Main,120 Metcalfe,Central,English,Adult,Film and Movie Showing
https://booking.biblioottawalibrary.ca/en/event/community-writing-workshop,Community Writing Workshop,Monday,28-Sep-26,21-Dec-26,18:30,Alta Vista,2516 Alta Vista,South - Alta Vista,English,Adult,Writing and poetry
https://booking.biblioottawalibrary.ca/en/event/intermediate-spanish-conversation-group-grupo-de-conversaci%C3%B3n-en-espa%C3%B1ol-de-nivel-intermedio,Intermediate Spanish Conversation Group,Monday,28-Sep-26,14-Dec-26,18:30,Greenboro,363 Lorry Greenberg,South - Alta Vista,Bilingual,"Adult, Adults 50-plus",Language learning
https://booking.biblioottawalibrary.ca/en/event/write-us-0,Write With Us!,Monday,28-Sep-26,14-Dec-26,18:30,Elmvale Acres,1910 St-Laurent,South - Alta Vista,English,Adult,Writing and poetry
https://booking.biblioottawalibrary.ca/en/event/purls-wisdom-knitting-group-0,Purls of Wisdom Knitting Group,Monday,28-Sep-26,21-Dec-26,18:30,Beaverbrook,2500 Campeau,West - Kanata,English,Adult,"Arts and Crafts, Hobbies and Interests"
https://booking.biblioottawalibrary.ca/en/event/groupe-de-conversation-en-fran%C3%A7ais-lundi,Groupe de conversation en français - Lundi,Monday,28-Sep-26,31-May-27,18:30,Rideau,377 Rideau,Central,Français,Adult,Language learning
https://booking.biblioottawalibrary.ca/en/event/write-us-5,Write With Us!,Monday,28-Sep-26,28-Dec-26,18:30,Sunnyside,1049 Bank,South - Alta Vista,English,Adult,Writing and poetry
https://booking.biblioottawalibrary.ca/en/event/nintendo-switch-evening-soir%C3%A9e-nintendo-switch,Nintendo Switch Evening,Monday,28-Sep-26,21-Dec-26,18:30,Cumberland,1599 Tenth Line,East - Orleans,Bilingual,Adult,"Games and Gaming, Hobbies and Interests, Social Connections"
https://booking.biblioottawalibrary.ca/en/event/cook-and-tell-book-club-31,Cook and Tell book club.,Monday,28-Sep-26,30-Nov-26,18:30,Richmond,6240 Perth Street,West - Richmond,English,Adult,Book Clubs
https://booking.biblioottawalibrary.ca/en/event/homework-help-mondays-club-de-devoirs-lundis,Homework Help (Mondays) | Club de devoirs (Lundis),Monday,28-Sep-26,14-Dec-26,18:30,Ruth E. Dickinson,100 Malvern,West - Barrhaven,Bilingual,Child,"Homework and Reading Support, Kids"
https://booking.biblioottawalibrary.ca/en/event/starry-night-storytime-8,Starry night Storytime,Monday,28-Sep-26,7-Dec-26,18:30,Nepean Centrepointe,101 Centrepointe,West - Nepean,English,"Child, Family",Family storytime
https://booking.biblioottawalibrary.ca/en/event/heure-du-conte-en-pyjama,Heure du conte en pyjama,Monday,28-Sep-26,19-Oct-26,18:30,Main,120 Metcalfe,Central,Français,"Child, Family, Preschool","Family storytime, Storytime"
https://booking.biblioottawalibrary.ca/en/event/cercle-de-lecture-de-vanier-1,Cercle de lecture de Vanier,Monday,28-Sep-26,28-Dec-26,19:00,Vanier,310 Pères Blancs,East - Vanier,Français,Adult,Book Clubs
https://booking.biblioottawalibrary.ca/en/event/french-conversation-group-groupe-de-conversation-fran%C3%A7ais,French Conversation Group - Groupe de conversation français,Monday,28-Sep-26,21-Jun-27,19:00,Ruth E. Dickinson,100 Malvern,West - Barrhaven,Français,Adult,Language learning
https://booking.biblioottawalibrary.ca/en/event/orl%C3%A9ans-writing-group-2,Orléans Writing Group,Tuesday,29-Sep-26,29-Dec-26,10:00,Orléans,1705 Orléans,East - Orleans,English,Adult,Writing and poetry
https://booking.biblioottawalibrary.ca/en/event/morning-social-la-matin%C3%A9e-sociale-3,The Morning Social,Tuesday,29-Sep-26,17-Dec-26,10:00,Cumberland,1599 Tenth Line,East - Orleans,Bilingual,"Adult, Adults 50-plus",Social Connections
https://booking.biblioottawalibrary.ca/en/event/contes-en-famille-septembre-%C3%A0-d%C3%A9cembre,Contes en famille (septembre à décembre),Tuesday,29-Sep-26,8-Dec-26,10:00,Cumberland,1599 Tenth Line,East - Orleans,Français,"Child, Family, Toddler","Family storytime, Kids, Storytime"
https://booking.biblioottawalibrary.ca/en/event/groupe-de-conversation-en-fran%C3%A7ais-french-conversation-group-49,Groupe de conversation en français,Tuesday,29-Sep-26,30-Mar-27,10:15,Main,120 Metcalfe,Central,Français,"Adult, Adults 50-plus, Newcomers",Language learning
https://booking.biblioottawalibrary.ca/en/event/toddlertime-208,Toddlertime,Tuesday,29-Sep-26,20-Oct-26,10:15,Beaverbrook,2500 Campeau,West - Kanata,English,Toddler,Storytime
https://booking.biblioottawalibrary.ca/en/event/babytime-fall-session-1-1015-am-2,Babytime - Fall Session 1 (10:15 am),Tuesday,29-Sep-26,20-Oct-26,10:15,Hazeldean,50 Castlefrank,West - Kanata,English,Baby,Babytime
https://booking.biblioottawalibrary.ca/en/event/contes-en-famille-et-jouons-%C3%A0-la-biblioth%C3%A8que,Contes en famille et jouons à la bibliothèque,Tuesday,29-Sep-26,24-Nov-26,10:15,Orléans,1705 Orléans,East - Orleans,Français,"Family, Preschool, Toddler","Family storytime, Kids, Storytime"
https://booking.biblioottawalibrary.ca/en/event/family-storytime-vanier-contes-et-chansons-en-familles-%C3%A0-vanier-0,Family Storytime at Vanier,Tuesday,29-Sep-26,15-Dec-26,10:30,Vanier,310 Pères Blancs,East - Vanier,Bilingual,"Baby, Family, Toddler",Storytime
https://booking.biblioottawalibrary.ca/en/event/tuesday-morning-babytime-0,Tuesday Morning Babytime,Tuesday,29-Sep-26,8-Dec-26,10:30,Rosemount,18 Rosemount,West - Nepean,English,Baby,Babytime
https://booking.biblioottawalibrary.ca/en/event/babytime-stay-and-play-b%C3%A9b%C3%A9s-%C3%A0-la-biblio-jouons-%C3%A0-la-biblio-0,Babytime & Stay and Play | Bébés à la biblio & Jouons à la biblio,Tuesday,29-Sep-26,8-Dec-26,10:30,Elmvale Acres,1910 St-Laurent,South - Alta Vista,Bilingual,Baby,Babytime
https://booking.biblioottawalibrary.ca/en/event/family-storytime-and-stay-play-4,Family Storytime and Stay & Play,Tuesday,29-Sep-26,8-Dec-26,10:30,Constance Bay,262 Len Purcell,West - Constance Bay,English,"Child, Family",Family storytime
https://booking.biblioottawalibrary.ca/en/event/family-storytime-stay-and-play-24,Family Storytime with Stay and Play,Tuesday,29-Sep-26,20-Oct-26,10:30,Stittsville,1637 Stittsville Main,West - Stittsville,English,Family,Family storytime
https://booking.biblioottawalibrary.ca/en/event/babytime-followed-stay-and-play-b%C3%A9b%C3%A9s-%C3%A0-la-biblio-suivi-de-jouons-%C3%A0-la-biblio,"Babytime, followed by Stay and Play",Tuesday,29-Sep-26,15-Dec-26,10:30,St-Laurent,515 Côté,East - Vanier,Bilingual,Baby,Babytime
https://booking.biblioottawalibrary.ca/en/event/family-storytime-752,Family Storytime,Tuesday,29-Sep-26,20-Oct-26,10:30,Osgoode,5630 Osgoode Main,South - Osgoode,English,Family,Family storytime
https://booking.biblioottawalibrary.ca/en/event/steam-storytime-heure-de-contes-stiam-0,STEAM Storytime | Heure de contes STIAM,Tuesday,29-Sep-26,20-Oct-26,10:30,Ruth E. Dickinson,100 Malvern,West - Barrhaven,English,Preschool,"Kids, Science and Discovery, STEM, Storytime"
https://booking.biblioottawalibrary.ca/en/event/babytime-stay-and-play-b%C3%A9b%C3%A9s-%C3%A0-la-biblio-jouons-%C3%A0-la-biblio-1,Babytime & Stay and Play | Bébés à la biblio & Jouons à la biblio,Tuesday,29-Sep-26,8-Dec-26,10:30,Main,120 Metcalfe,Central,Bilingual,Baby,Babytime
https://booking.biblioottawalibrary.ca/en/event/babytime-320,Babytime,Tuesday,29-Sep-26,8-Dec-26,10:30,Centennial,3870 Old Richmond,West - Nepean,English,Baby,Babytime
https://booking.biblioottawalibrary.ca/en/event/bilingual-family-storytime-stay-play-contes-en-famille-jouons-%C3%A0-la-biblio,Bilingual Family Storytime + Stay & Play,Tuesday,29-Sep-26,8-Dec-26,10:30,Richmond,6240 Perth Street,West - Richmond,Bilingual,"Child, Family",Family storytime
https://booking.biblioottawalibrary.ca/en/event/contes-en-famille-256,Contes en famille,Tuesday,29-Sep-26,20-Oct-26,10:30,Alta Vista,2516 Alta Vista,South - Alta Vista,Français,Family,Family storytime
https://booking.biblioottawalibrary.ca/en/event/bilingual-family-storytime-contes-en-famille-bilingue-98,Bilingual Family Storytime | Contes en famille bilingue,Tuesday,29-Sep-26,8-Dec-26,10:30,Greenboro,363 Lorry Greenberg,South - Alta Vista,Bilingual,Preschool,Storytime
https://booking.biblioottawalibrary.ca/en/event/babytime-followed-stay-and-play,Babytime followed by a Stay and Play,Tuesday,29-Sep-26,20-Oct-26,10:30,Emerald Plaza,1547 Merivale,West - Nepean,English,Baby,Babytime
https://booking.biblioottawalibrary.ca/en/event/bilingual-family-storytime-contes-en-famille-bilingue-99,Bilingual Family Storytime,Tuesday,29-Sep-26,8-Dec-26,10:30,Nepean Centrepointe,101 Centrepointe,West - Nepean,Bilingual,Family,Storytime
https://booking.biblioottawalibrary.ca/en/event/bilingual-family-storytime-contes-en-famille-bilingue-100,Bilingual Family Storytime,Tuesday,29-Sep-26,20-Oct-26,10:30,Rideau,377 Rideau,Central,Bilingual,"Child, Preschool, Toddler",Family storytime
https://booking.biblioottawalibrary.ca/en/event/babytime-330,Babytime,Tuesday,29-Sep-26,20-Oct-26,11:00,Beaverbrook,2500 Campeau,West - Kanata,English,Baby,Babytime
https://booking.biblioottawalibrary.ca/en/event/babytime-fall-session-1-1130-am,Babytime - Fall Session 1 (11:30 am),Tuesday,29-Sep-26,20-Oct-26,11:30,Hazeldean,50 Castlefrank,West - Kanata,English,Baby,Babytime
https://booking.biblioottawalibrary.ca/en/event/babytime-335,Babytime,Tuesday,29-Sep-26,8-Dec-26,11:30,Greenboro,363 Lorry Greenberg,South - Alta Vista,English,Baby,Babytime
https://booking.biblioottawalibrary.ca/en/event/family-storyime,Family Storyime,Tuesday,29-Sep-26,20-Oct-26,12:00,Vernon,8682 Bank,South - Vernon,English,"Child, Family",Family storytime
https://booking.biblioottawalibrary.ca/en/event/parenting-ottawa-drop-4,Parenting in Ottawa Drop-in,Tuesday,29-Sep-26,29-Dec-26,13:00,Ruth E. Dickinson,100 Malvern,West - Barrhaven,English,"Adult, Baby, Family",Parenting
https://booking.biblioottawalibrary.ca/en/event/knitting-and-crochet-club-groupe-de-tricot-et-crochet-2,Knitting and Crochet Club,Tuesday,29-Sep-26,29-Dec-26,13:00,St-Laurent,515 Côté,East - Vanier,Bilingual,Adult,Hobbies and Interests
https://booking.biblioottawalibrary.ca/en/event/mahjong-2,Mahjong,Tuesday,29-Sep-26,29-Dec-26,13:00,Rockcliffe Park,380 Springfield,East - Vanier,English,Adult,Games and Gaming
https://booking.biblioottawalibrary.ca/en/event/spanish-conversation-group-grupo-de-conversaci%C3%B3n-en-espa%C3%B1ol-6,Spanish Conversation Group,Tuesday,29-Sep-26,8-Dec-26,13:00,Blackburn Hamlet,199 Glen Park,East - Orleans,English,Adult,Language learning
https://booking.biblioottawalibrary.ca/en/event/greenbelt-esl-conversation-group-groupe-de-conversation-als-greenbelt,Greenbelt ESL Conversation Group,Tuesday,29-Sep-26,8-Dec-26,13:00,North Gloucester,2036 Ogilvie,East - Vanier,English,"Adult, Adults 50-plus, Newcomers",Language learning
https://booking.biblioottawalibrary.ca/en/event/babytime-b%C3%A9b%C3%A9s-%C3%A0-la-biblio-271,Babytime | Bébés à la biblio,Tuesday,29-Sep-26,8-Dec-26,13:30,Orléans,1705 Orléans,East - Orleans,Bilingual,"Baby, Toddler","Babytime, Storytime"
https://booking.biblioottawalibrary.ca/en/event/storytime-and-stay-play-3,Storytime and Stay & Play,Tuesday,29-Sep-26,15-Dec-26,13:30,Manotick,5499 South River,West - Manotick,English,"Family, Preschool, Toddler","Family storytime, Kids, Storytime"
https://booking.biblioottawalibrary.ca/en/event/tuesday-afternoon-babytime,Tuesday Afternoon Babytime,Tuesday,29-Sep-26,8-Dec-26,14:00,Rosemount,18 Rosemount,West - Nepean,English,Baby,Babytime
https://booking.biblioottawalibrary.ca/en/event/crafternoon-48,Crafternoon,Tuesday,29-Sep-26,29-Dec-26,14:00,Centennial,3870 Old Richmond,West - Nepean,English,"Adult, Adults 50-plus","Arts and Crafts, Hobbies and Interests"
https://booking.biblioottawalibrary.ca/en/event/adult-crafternoon-bee-hydration-station,Adult Crafternoon:  Bee Hydration Station,Tuesday,29-Sep-26,29-Sep-26,14:00,North Gower,6579 Fourth Line,West - North Gover,English,"Adult, Adults 50-plus",Arts and Crafts
https://booking.biblioottawalibrary.ca/en/event/games-puzzles-%C2%A0jeux-de-soci%C3%A9t%C3%A9-casse-t%C3%AAtes,Games & Puzzles |  Jeux de société & casse-têtes,Tuesday,29-Sep-26,15-Dec-26,14:00,Rideau,377 Rideau,Central,Bilingual,"Adult, Adults 50-plus, Newcomers","Culture and Communities, Games and Gaming, Hobbies and Interests, Social Connections"
https://booking.biblioottawalibrary.ca/en/event/babytime-332,Babytime,Tuesday,29-Sep-26,20-Oct-26,14:00,Alta Vista,2516 Alta Vista,South - Alta Vista,English,Baby,Babytime
https://booking.biblioottawalibrary.ca/en/event/babytime-b%C3%A9b%C3%A9s-%C3%A0-la-biblio-sunnyside,Babytime,Tuesday,29-Sep-26,8-Dec-26,14:30,Sunnyside,1049 Bank,South - Alta Vista,Bilingual,Baby,Babytime
https://booking.biblioottawalibrary.ca/en/event/video-game-drop-teens-0,Video Game Drop-In for Teens,Tuesday,29-Sep-26,27-Oct-26,15:00,Beaverbrook,2500 Campeau,West - Kanata,English,Teen,Games and Gaming
https://booking.biblioottawalibrary.ca/en/event/youth-chess-club-club-d%C3%A9checs-jeunesse-4,Youth Chess Club | Club d'échecs jeunesse,Tuesday,29-Sep-26,10-Dec-26,15:30,Orléans,1705 Orléans,East - Orleans,Bilingual,"Child, Family, Teen","Games and Gaming, Hobbies and Interests, STEM"
https://booking.biblioottawalibrary.ca/en/event/teen-tuesdays-les-mardis-ados-0,Teen Tuesdays,Tuesday,29-Sep-26,15-Dec-26,15:30,St-Laurent,515 Côté,East - Vanier,Bilingual,Teen,Social Connections
https://booking.biblioottawalibrary.ca/en/event/chess-club-d%C3%A9checs-4,Chess Club D'échecs,Tuesday,29-Sep-26,22-Jun-27,15:30,Blackburn Hamlet,199 Glen Park,East - Orleans,Bilingual,"Child, Family, Teen","Games and Gaming, Hobbies and Interests, Social Connections"
https://booking.biblioottawalibrary.ca/en/event/youth-chess-club-club-d%C3%A9checs-jeunesse-6,Youth Chess club,Tuesday,29-Sep-26,8-Dec-26,15:45,Main,120 Metcalfe,Central,Bilingual,Child,Games and Gaming
https://booking.biblioottawalibrary.ca/en/event/rp-rebel-readers-kids-book-club-0,RP Rebel Readers - Kids Book Club,Tuesday,29-Sep-26,29-Sep-26,16:00,Rockcliffe Park,380 Springfield,East - Vanier,English,Child,Book Clubs
https://booking.biblioottawalibrary.ca/en/event/alta-vista-reading-circle,Alta Vista Reading Circle,Tuesday,29-Sep-26,20-Oct-26,16:00,Alta Vista,2516 Alta Vista,South - Alta Vista,English,Child,Homework and Reading Support
https://booking.biblioottawalibrary.ca/en/event/youth-hangout%E2%80%8B-rencontre-pour-les-jeunes%E2%80%8B,Youth Hangout​ | Rencontre pour les jeunes​,Tuesday,29-Sep-26,20-Oct-26,16:00,Metcalfe village,8243 Victoria St,South - Metcalfe,Bilingual,Child,"Arts and Crafts, Games and Gaming, Kids, Social Connections"
https://booking.biblioottawalibrary.ca/en/event/reading-buddies-415pm-session-5,Reading Buddies: 4:15pm Session,Tuesday,29-Sep-26,20-Oct-26,16:15,Nepean Centrepointe,101 Centrepointe,West - Nepean,English,Child,Homework and Reading Support
https://booking.biblioottawalibrary.ca/en/event/homework-help-aide-aux-devoirs-0,Homework Help,Tuesday,29-Sep-26,15-Dec-26,17:00,Orléans,1705 Orléans,East - Orleans,Bilingual,Child,Homework and Reading Support
https://booking.biblioottawalibrary.ca/en/event/homework-help-aide-aux-devoirs-32,Homework Help | Aide aux devoirs,Tuesday,29-Sep-26,8-Jun-27,17:00,Elmvale Acres,1910 St-Laurent,South - Alta Vista,Bilingual,"Child, Family",Homework and Reading Support
https://booking.biblioottawalibrary.ca/en/event/reading-buddies-515pm-session-5,Reading Buddies: 5:15pm Session,Tuesday,29-Sep-26,20-Oct-26,17:15,Nepean Centrepointe,101 Centrepointe,West - Nepean,English,Child,Homework and Reading Support
https://booking.biblioottawalibrary.ca/en/event/french-conversation-group-groupe-de-conversation-en-fran%C3%A7ais-0,French Conversation Group - Groupe de conversation en français,Tuesday,29-Sep-26,15-Dec-26,18:00,Rosemount,18 Rosemount,West - Nepean,Français,Adult,Language learning
https://booking.biblioottawalibrary.ca/en/event/homework-helpaide-aux-devoirs-5,Homework Help,Tuesday,29-Sep-26,8-Jun-27,18:00,Blackburn Hamlet,199 Glen Park,East - Orleans,Bilingual,"Child, Teen",Homework and Reading Support
https://booking.biblioottawalibrary.ca/en/event/craft-night-1,Craft Night,Tuesday,29-Sep-26,29-Dec-26,18:00,Munster,7749 Bleeks,West - Munster,English,"Adult, Adults 50-plus","Arts and Crafts, Hobbies and Interests"
https://booking.biblioottawalibrary.ca/en/event/tuesday-english-conversation-group-7,Tuesday English Conversation Group,Tuesday,29-Sep-26,22-Jun-27,18:00,Ruth E. Dickinson,100 Malvern,West - Barrhaven,English,"Adult, Adults 50-plus, Newcomers",Language learning
https://booking.biblioottawalibrary.ca/en/event/themed-movie-tuesdays-night-hunter,Themed Movie Tuesdays: The Night of the Hunter,Tuesday,29-Sep-26,29-Sep-26,18:00,Main,120 Metcalfe,Central,English,Adult,Film and Movie Showing
https://booking.biblioottawalibrary.ca/en/event/club-de-collage-journaling-club-1,Club de Collage & Journaling Club,Tuesday,29-Sep-26,29-Sep-26,18:00,Main,120 Metcalfe,Central,Bilingual,"Adult, Adults 50-plus, Teen",Arts and Crafts
https://booking.biblioottawalibrary.ca/en/event/documentary-screening-waapake-tomorrow,Documentary Screening: WaaPaKe (Tomorrow),Tuesday,29-Sep-26,29-Sep-26,18:00,Rideau,377 Rideau,Central,English,"Adult, Adults 50-plus","Culture and Communities, Film and Movie Showing, Indigenous"
https://booking.biblioottawalibrary.ca/en/event/family-movie-showtime-1,Family Movie Showtime,Tuesday,29-Sep-26,29-Dec-26,18:00,Beaverbrook,2500 Campeau,West - Kanata,English,"Child, Family",Film and Movie Showing
https://booking.biblioottawalibrary.ca/en/event/greenboro-knitting-group-groupe-de-tricot-greenboro-13,Greenboro Knitting Group,Tuesday,29-Sep-26,15-Dec-26,18:15,Greenboro,363 Lorry Greenberg,South - Alta Vista,Bilingual,"Adult, Adults 50-plus, Newcomers",Hobbies and Interests
https://booking.biblioottawalibrary.ca/en/event/adult-french-conversation-group-groupe-de-conversation-en-fran%C3%A7ais-pour-adultes,Adult French Conversation Group,Tuesday,29-Sep-26,29-Dec-26,18:30,Greenboro,363 Lorry Greenberg,South - Alta Vista,Français,"Adult, Adults 50-plus",Language learning
https://booking.biblioottawalibrary.ca/en/event/club-de-lecture-francophone-de-la-centrale,Club de lecture francophone de la Centrale,Tuesday,29-Sep-26,25-May-27,18:30,Main,120 Metcalfe,Central,Français,"Adult, Adults 50-plus",Book Clubs
https://booking.biblioottawalibrary.ca/en/event/groupe-de-conversation-en-fran%C3%A7ais-french-conversation-group-48,Groupe de conversation en français,Tuesday,29-Sep-26,29-Dec-26,18:30,St-Laurent,515 Côté,East - Vanier,Français,Adult,Language learning
https://booking.biblioottawalibrary.ca/en/event/tuesday-english-conversation-group-6,Tuesday English Conversation Group,Tuesday,29-Sep-26,15-Dec-26,18:30,Nepean Centrepointe,101 Centrepointe,West - Nepean,English,Adult,Language learning
https://booking.biblioottawalibrary.ca/en/event/greely-book-club-10,Greely Book Club,Tuesday,29-Sep-26,30-Mar-27,18:30,Greely,1448 Meadow Drive,South - Greely,English,Adult,"Book Clubs, Writing and poetry"
https://booking.biblioottawalibrary.ca/en/event/paint-party-adults,Paint Party for Adults,Tuesday,29-Sep-26,29-Sep-26,18:30,Manotick,5499 South River,West - Manotick,English,"Adult, Adults 50-plus",Arts and Crafts
https://booking.biblioottawalibrary.ca/en/event/big-open-music-circle,Big Open Music Circle,Tuesday,29-Sep-26,24-Nov-26,18:30,Elmvale Acres,1910 St-Laurent,South - Alta Vista,Bilingual,Adult,Music and Dance
https://booking.biblioottawalibrary.ca/en/event/dungeons-dragons-24,Dungeons & Dragons,Tuesday,29-Sep-26,15-Dec-26,18:30,Ruth E. Dickinson,100 Malvern,West - Barrhaven,English,Teen,"Games and Gaming, Hobbies and Interests"
https://booking.biblioottawalibrary.ca/en/event/homework-help-tuesdays-club-de-devoirs-mardis,Homework Help (Tuesdays) | Club de devoirs (Mardis),Tuesday,29-Sep-26,15-Dec-26,18:30,Ruth E. Dickinson,100 Malvern,West - Barrhaven,Bilingual,Child,Homework and Reading Support
https://booking.biblioottawalibrary.ca/en/event/community-writing-workshop-1,Community Writing Workshop,Tuesday,29-Sep-26,15-Dec-26,18:30,Vanier,310 Pères Blancs,East - Vanier,English,Adult,Writing and poetry
https://booking.biblioottawalibrary.ca/en/event/groupe-de-conversation-en-fran%C3%A7ais-en-soir%C3%A9e-evening-french-conversation-group-1,"Groupe de conversation en français, en soirée",Tuesday,29-Sep-26,15-Dec-26,18:30,Cumberland,1599 Tenth Line,East - Orleans,Français,Adult,Language learning
https://booking.biblioottawalibrary.ca/en/event/english-conversation-group-53,English Conversation Group,Tuesday,29-Sep-26,15-Dec-26,19:00,Beaverbrook,2500 Campeau,West - Kanata,English,Adult,Language learning
https://booking.biblioottawalibrary.ca/en/event/toddlertime-fall-session-1-6,Toddlertime - Fall Session 1,Wednesday,30-Sep-26,21-Oct-26,10:15,Hazeldean,50 Castlefrank,West - Kanata,English,Toddler,Storytime
https://booking.biblioottawalibrary.ca/en/event/contes-en-famille-suivi-de-jouons-%C3%A0-la-biblio-2,"Contes en famille, suivi de jouons à la biblio",Wednesday,30-Sep-26,16-Dec-26,10:30,St-Laurent,515 Côté,East - Vanier,Français,"Child, Family, Preschool","Family storytime, Kids, Storytime"
https://booking.biblioottawalibrary.ca/en/event/family-storytime-755,Family Storytime,Wednesday,30-Sep-26,21-Oct-26,10:30,Alta Vista,2516 Alta Vista,South - Alta Vista,English,Family,Storytime
https://booking.biblioottawalibrary.ca/en/event/family-storytime-757,Family Storytime,Wednesday,30-Sep-26,30-Dec-26,10:30,Munster,7749 Bleeks,West - Munster,English,"Child, Family",Family storytime
https://booking.biblioottawalibrary.ca/en/event/knit-knatter-5,Knit & Knatter,Wednesday,30-Sep-26,30-Dec-26,12:00,Sunnyside,1049 Bank,South - Alta Vista,English,"Adult, Teen",Hobbies and Interests
https://booking.biblioottawalibrary.ca/en/event/rosemount-knitting-group,Rosemount Knitting Group,Wednesday,30-Sep-26,16-Dec-26,13:30,Rosemount,18 Rosemount,West - Nepean,English,Adult,Hobbies and Interests
https://booking.biblioottawalibrary.ca/en/event/babytime-293,Babytime,Wednesday,30-Sep-26,9-Dec-26,13:30,Manotick,5499 South River,West - Manotick,English,Baby,Babytime
https://booking.biblioottawalibrary.ca/en/event/rideau-wednesday-english-conversation-group,Rideau Wednesday English Conversation Group,Wednesday,30-Sep-26,23-Dec-26,18:30,Rideau,377 Rideau,Central,English,"Adult, Adults 50-plus",Language learning
https://booking.biblioottawalibrary.ca/en/event/help-accessing-employment-social-services-aide-%C3%A0-obtenir-des-services-sociaux-et-demploi,Help accessing Employment & Social Services,Thursday,1-Oct-26,29-Oct-26,10:00,Main,120 Metcalfe,Central,Bilingual,"Adult, Adults 50-plus","Health and wellness, Jobs and careers, Personal finance"
https://booking.biblioottawalibrary.ca/en/event/1-1-western-ottawa-community-resource-centre-assistance-and-support-1,1 on 1 with the Western Ottawa Community Resource Centre: Assistance and Support,Thursday,1-Oct-26,29-Oct-26,10:00,Fitzroy Harbour,100 Clifford Campbell,West - Fitzroy Harbour,English,"Adult, Adults 50-plus, Newcomers","Culture and Communities, Health and wellness, Social Connections"
https://booking.biblioottawalibrary.ca/en/event/b%C3%A9b%C3%A9s-%C3%A0-la-biblio-sept-d%C3%A9c,Bébés à la biblio (sept - déc),Thursday,1-Oct-26,10-Dec-26,10:00,Cumberland,1599 Tenth Line,East - Orleans,Français,"Baby, Child",Babytime
https://booking.biblioottawalibrary.ca/en/event/mahjong-library,Mahjong at the Library,Thursday,1-Oct-26,10-Dec-26,10:15,Manotick,5499 South River,West - Manotick,English,"Adult, Adults 50-plus",Games and Gaming
https://booking.biblioottawalibrary.ca/en/event/bilingual-storytime-heure-du-conte-bilingue-9,Bilingual Storytime,Thursday,1-Oct-26,10-Dec-26,10:15,Sunnyside,1049 Bank,South - Alta Vista,Bilingual,"Baby, Child, Family",Storytime
https://booking.biblioottawalibrary.ca/en/event/bilingual-family-storytime-contes-en-famille-bilingue-97,Bilingual Family Storytime | Contes en famille bilingue,Thursday,1-Oct-26,22-Oct-26,10:15,Hazeldean,50 Castlefrank,West - Kanata,Bilingual,Family,Family storytime
https://booking.biblioottawalibrary.ca/en/event/tout-petits-%C3%A0-la-biblio-5,Tout-petits à la biblio,Thursday,1-Oct-26,22-Oct-26,10:15,Main,120 Metcalfe,Central,Français,"Family, Preschool, Toddler",Storytime
https://booking.biblioottawalibrary.ca/en/event/adult-english-conversation-groupgroupe-de-conversation-en-anglais-pour-adultes,Adult English Conversation Group,Thursday,1-Oct-26,17-Dec-26,10:30,Greenboro,363 Lorry Greenberg,South - Alta Vista,English,"Adult, Adults 50-plus, Newcomers",Language learning
https://booking.biblioottawalibrary.ca/en/event/thursday-english-conversation-group-1,Thursday English Conversation Group,Thursday,1-Oct-26,17-Dec-26,10:30,Nepean Centrepointe,101 Centrepointe,West - Nepean,English,Adult,Language learning
https://booking.biblioottawalibrary.ca/en/event/toddlertime-205,Toddlertime,Thursday,1-Oct-26,10-Dec-26,10:30,Centennial,3870 Old Richmond,West - Nepean,English,Preschool,"Kids, Storytime"
https://booking.biblioottawalibrary.ca/en/event/storytime-and-stay-play-2,Storytime and Stay & Play,Thursday,1-Oct-26,10-Dec-26,10:30,Richmond,6240 Perth Street,West - Richmond,English,Family,"Family storytime, Storytime"
https://booking.biblioottawalibrary.ca/en/event/memory-caf%C3%A9-16,Memory Café,Thursday,1-Oct-26,3-Dec-26,10:30,Cumberland,1599 Tenth Line,East - Orleans,English,Adults 50-plus,Health and wellness
https://booking.biblioottawalibrary.ca/en/event/family-storytime-thursdays-conte-en-famille-jeudis,Family Storytime (Thursdays) | Conte en famille (Jeudis),Thursday,1-Oct-26,10-Dec-26,10:30,Ruth E. Dickinson,100 Malvern,West - Barrhaven,English,Family,"Family storytime, Kids"
https://booking.biblioottawalibrary.ca/en/event/bilingual-family-storytime-contes-en-famille-bilingue-95,Bilingual Family Storytime - Contes en famille bilingue,Thursday,1-Oct-26,22-Oct-26,10:30,Metcalfe village,8243 Victoria St,South - Metcalfe,Bilingual,Family,"Family storytime, Kids, Storytime"
https://booking.biblioottawalibrary.ca/en/event/b%C3%A9b%C3%A9s-%C3%A0-la-biblio-39,Bébés à la Biblio,Thursday,1-Oct-26,22-Oct-26,10:30,Alta Vista,2516 Alta Vista,South - Alta Vista,Français,Baby,Babytime
https://booking.biblioottawalibrary.ca/en/event/family-storytime-contes-en-famille-280,Family Storytime,Thursday,1-Oct-26,10-Dec-26,10:30,Rosemount,18 Rosemount,West - Nepean,Bilingual,Family,"Family storytime, Storytime"
https://booking.biblioottawalibrary.ca/en/event/babytime-b%C3%A9b%C3%A9s-%C3%A0-la-biblio-273,Babytime,Thursday,1-Oct-26,22-Oct-26,10:30,Rideau,377 Rideau,Central,Bilingual,Baby,Babytime
https://booking.biblioottawalibrary.ca/en/event/babytime-stay-and-play-25,Babytime & Stay and Play,Thursday,1-Oct-26,10-Dec-26,10:30,Nepean Centrepointe,101 Centrepointe,West - Nepean,English,Baby,Babytime
https://booking.biblioottawalibrary.ca/en/event/babytime-stay-play-thursdays-b%C3%A9b%C3%A9s-%C3%A0-la-biblio-et-jouons-%C3%A0-la-biblio-jeudis,Babytime + Stay & Play (Thursdays)  | Bébés à la biblio et jouons à la biblio (Jeudis),Thursday,1-Oct-26,10-Dec-26,11:15,Ruth E. Dickinson,100 Malvern,West - Barrhaven,English,Baby,"Babytime, Kids"
https://booking.biblioottawalibrary.ca/en/event/sunnyside-euchre-club-seniors-0,Sunnyside Euchre Club for Seniors,Thursday,1-Oct-26,26-Nov-26,13:00,Sunnyside,1049 Bank,South - Alta Vista,English,Adults 50-plus,Games and Gaming
https://booking.biblioottawalibrary.ca/en/event/memory-caf%C3%A9-3,Memory Café,Thursday,1-Oct-26,2-Dec-27,13:00,Stittsville,1637 Stittsville Main,West - Stittsville,English,Adults 50-plus,Health and wellness
https://booking.biblioottawalibrary.ca/en/event/novel-conversations-25,Novel Conversations,Thursday,1-Oct-26,3-Jun-27,13:30,Beaverbrook,2500 Campeau,West - Kanata,English,Adult,Book Clubs
https://booking.biblioottawalibrary.ca/en/event/carp-book-club-0,Carp Book Club,Thursday,1-Oct-26,3-Dec-26,14:00,Carp,3911 Carp,West - Carp,English,"Adult, Adults 50-plus",Book Clubs
https://booking.biblioottawalibrary.ca/en/event/book-banter-september-december-2026,Book Banter (September to December 2026),Thursday,1-Oct-26,3-Dec-26,14:00,Alta Vista,2516 Alta Vista,South - Alta Vista,English,Adult,Book Clubs
https://booking.biblioottawalibrary.ca/en/event/homeschool-social-club-2,Homeschool Social Club,Thursday,1-Oct-26,10-Dec-26,14:15,Hazeldean,50 Castlefrank,West - Kanata,English,Family,"Games and Gaming, Hobbies and Interests, Kids, Social Connections"
https://booking.biblioottawalibrary.ca/en/event/words-friends,Words with Friends,Thursday,1-Oct-26,26-Nov-26,14:30,Osgoode,5630 Osgoode Main,South - Osgoode,English,"Adult, Adults 50-plus","Games and Gaming, Hobbies and Interests, Social Connections"
https://booking.biblioottawalibrary.ca/en/event/stem-storytime-ages-3-6,STEM Storytime (ages 3-6),Thursday,1-Oct-26,15-Oct-26,16:00,Greenboro,363 Lorry Greenberg,South - Alta Vista,English,Preschool,STEM
https://booking.biblioottawalibrary.ca/en/event/english-conversation-group-51,English Conversation Group,Thursday,1-Oct-26,17-Dec-26,17:30,Emerald Plaza,1547 Merivale,West - Nepean,English,Adult,Language learning
https://booking.biblioottawalibrary.ca/en/event/english-conversation-group-23,English conversation group,Thursday,1-Oct-26,17-Dec-26,18:00,Main,120 Metcalfe,Central,English,Adult,Language learning
https://booking.biblioottawalibrary.ca/en/event/craft-night-2,Craft Night,Thursday,1-Oct-26,17-Dec-26,18:00,Munster,7749 Bleeks,West - Munster,English,"Adult, Adults 50-plus","Arts and Crafts, Hobbies and Interests"
https://booking.biblioottawalibrary.ca/en/event/homework-help-aide-aux-devoirs-sept-dec,Homework Help,Thursday,1-Oct-26,10-Dec-26,18:00,Cumberland,1599 Tenth Line,East - Orleans,Bilingual,"Child, Teen",Homework and Reading Support
https://booking.biblioottawalibrary.ca/en/event/vernon-book-club-2,Vernon Book Club,Thursday,1-Oct-26,5-Nov-26,18:30,Vernon,8682 Bank,South - Vernon,English,Adult,Book Clubs
https://booking.biblioottawalibrary.ca/en/event/employment-support-workshops-1,Employment Support Workshops,Thursday,1-Oct-26,10-Dec-26,18:30,Elmvale Acres,1910 St-Laurent,South - Alta Vista,English,"Adult, Newcomers, Teen",Jobs and careers
https://booking.biblioottawalibrary.ca/en/event/english-conversation-group-groupe-de-conversation-en-anglais-44,English Conversation Group,Thursday,1-Oct-26,17-Dec-26,18:30,St-Laurent,515 Côté,East - Vanier,English,Adult,Language learning
https://booking.biblioottawalibrary.ca/en/event/knitting-and-crochet-clubclub-de-tricot-et-crochet-1,Knitting and Crochet Club,Thursday,1-Oct-26,17-Dec-26,18:30,Cumberland,1599 Tenth Line,East - Orleans,Bilingual,Adult,Arts and Crafts
https://booking.biblioottawalibrary.ca/en/event/stittsville-creative-writing-group-july-dec-2026-session,Stittsville Creative Writing Group (July-Dec 2026 Session),Thursday,1-Oct-26,17-Dec-26,18:30,Stittsville,1637 Stittsville Main,West - Stittsville,English,"Adult, Adults 50-plus",Writing and poetry
https://booking.biblioottawalibrary.ca/en/event/baking-cookbook-book-club-2,Baking Cookbook Book Club,Thursday,1-Oct-26,3-Jun-27,18:30,Nepean Centrepointe,101 Centrepointe,West - Nepean,English,"Adult, Adults 50-plus",Book Clubs
https://booking.biblioottawalibrary.ca/en/event/exploratory-writing-workshops-write-us-2,Exploratory Writing Workshops - Write With Us!,Thursday,1-Oct-26,10-Dec-26,18:30,Beaverbrook,2500 Campeau,West - Kanata,English,Adult,Writing and poetry
https://booking.biblioottawalibrary.ca/en/event/write-us-7,Write With Us!,Thursday,1-Oct-26,17-Dec-26,18:30,North Gloucester,2036 Ogilvie,East - Vanier,English,"Adult, Adults 50-plus",Writing and poetry
https://booking.biblioottawalibrary.ca/en/event/collage-club-club-de-collage,Collage Club | Club de collage,Thursday,1-Oct-26,3-Dec-26,18:30,Cumberland,1599 Tenth Line,East - Orleans,Bilingual,"Adult, Adults 50-plus, Teen","Arts and Crafts, Hobbies and Interests, Social Connections"
https://booking.biblioottawalibrary.ca/en/event/knit-and-crochet-club-club-de-tricot-et-de-crochet-3,Knit and Crochet Club,Thursday,1-Oct-26,17-Dec-26,18:30,Blackburn Hamlet,199 Glen Park,East - Orleans,Bilingual,Adult,Hobbies and Interests
https://booking.biblioottawalibrary.ca/en/event/adult-english-conversation-group-9,Adult English Conversation Group,Thursday,1-Oct-26,29-Oct-26,18:30,Hazeldean,50 Castlefrank,West - Kanata,English,"Adult, Newcomers",Language learning
https://booking.biblioottawalibrary.ca/en/event/french-conversation-group-intermediate-level-groupe-de-conversation-en-fran%C3%A7ais-niveau-1,"French Conversation Group-Intermediate Level, Groupe de conversation en français- niveau intermédiaire",Thursday,1-Oct-26,25-Mar-27,18:45,Sunnyside,1049 Bank,South - Alta Vista,Français,Adult,Language learning
https://booking.biblioottawalibrary.ca/en/event/d%C3%A9couvrez-vous-gr%C3%A2ce-au-collage,Découvrez-vous grâce au collage,Thursday,1-Oct-26,8-Oct-26,18:45,Alta Vista,2516 Alta Vista,South - Alta Vista,Français,"Adult, Adults 50-plus",Arts and Crafts
https://booking.biblioottawalibrary.ca/en/event/lego-block-party%C2%A0%C2%A0%C3%A7a%C2%A0d%C3%A9%C2%A0%E2%80%9Cbloc%E2%80%9D%E2%80%8B,Lego Block Party | Ça dé “bloc”​,Friday,2-Oct-26,27-Nov-26,10:00,Beaverbrook,2500 Campeau,West - Kanata,Bilingual,"Child, Family",Hobbies and Interests
https://booking.biblioottawalibrary.ca/en/event/lego%C2%AE-block-party-%C3%A7a-d%C3%A9-bloc-pd-day-journ%C3%A9e-p%C3%A9dagogique-27,Lego® Block Party!,Friday,2-Oct-26,27-Nov-26,10:00,Cumberland,1599 Tenth Line,East - Orleans,Bilingual,"Child, Family",Hobbies and Interests
https://booking.biblioottawalibrary.ca/en/event/employment-support-appui-%C3%A0-la-recherche-demploi-0,Employment Support,Friday,2-Oct-26,11-Dec-26,10:30,Ruth E. Dickinson,100 Malvern,West - Barrhaven,English,Adult,Jobs and careers
https://booking.biblioottawalibrary.ca/en/event/pa-day-play-day-3,PA Day Play Day!,Friday,2-Oct-26,2-Oct-26,10:30,Nepean Centrepointe,101 Centrepointe,West - Nepean,English,"Child, Family",Games and Gaming
https://booking.biblioottawalibrary.ca/en/event/pd-day-help-yourself-some-fun-journ%C3%A9e-p%C3%A9dago-s%E2%80%99amuse-%C3%A0-la-biblio,PD Day: Help Yourself to Some Fun | Journée pédago: On s’amuse à la biblio,Friday,2-Oct-26,27-Nov-26,11:00,Greenboro,363 Lorry Greenberg,South - Alta Vista,Bilingual,Child,"Arts and Crafts, Hobbies and Interests, Kids"
https://booking.biblioottawalibrary.ca/en/event/pd-day-craft-bricolage-de-journ%C3%A9e-p%C3%A9dagogique,PD Day Craft,Friday,2-Oct-26,4-Jun-27,13:00,Elmvale Acres,1910 St-Laurent,South - Alta Vista,Bilingual,"Child, Family, Preschool",Arts and Crafts
https://booking.biblioottawalibrary.ca/en/event/lego%C2%AE-block-party-%C3%A7a-d%C3%A9-bloc-pd-day-journ%C3%A9e-p%C3%A9dagogique-2026-2027,"Lego® Block Party! | Ça dé ""bloc"" PD Day | Journée pédagogique (2026-2027)",Friday,2-Oct-26,4-Jun-27,13:00,Blackburn Hamlet,199 Glen Park,East - Orleans,Bilingual,"Child, Family","Games and Gaming, Hobbies and Interests"
https://booking.biblioottawalibrary.ca/en/event/kawaii-it-kawaii-%C3%A0-souhait,Kawaii It Up! | Kawaii à souhait!,Friday,2-Oct-26,2-Oct-26,13:00,Ruth E. Dickinson,100 Malvern,West - Barrhaven,English,Child,"Arts and Crafts, Kids"
https://booking.biblioottawalibrary.ca/en/event/relax-rosemount-therapy-dogs-pd-day-teens-and-tweens,Relax at Rosemount (with therapy dogs): PD Day for Teens and Tweens,Friday,2-Oct-26,2-Oct-26,13:00,Rosemount,18 Rosemount,West - Nepean,English,Teen,"Health and wellness, Social Connections"
https://booking.biblioottawalibrary.ca/en/event/get-busy-pd-days-s%E2%80%99amuse-en-p%C3%A9dago,Get Busy on PD Days! | On s’amuse en pédago!,Friday,2-Oct-26,25-Jun-27,13:30,Orléans,1705 Orléans,East - Orleans,Bilingual,"Child, Family","Arts and Crafts, Games and Gaming, Hobbies and Interests, Kids, Science and Discovery, STEM"
https://booking.biblioottawalibrary.ca/en/event/book-banter-2026-2027-season-hazeldean-branch,Book Banter (2026 - 2027 Season) Hazeldean Branch,Friday,2-Oct-26,4-Jun-27,13:30,Hazeldean,50 Castlefrank,West - Kanata,English,"Adult, Adults 50-plus",Book Clubs
https://booking.biblioottawalibrary.ca/en/event/make-your-mark-bookmark-craft-cr%C3%A9e-ton-propre-signet,Make Your Mark: Bookmark Craft | Crée ton propre signet!,Friday,2-Oct-26,2-Oct-26,14:00,Ruth E. Dickinson,100 Malvern,West - Barrhaven,English,Child,"Arts and Crafts, Kids"
https://booking.biblioottawalibrary.ca/en/event/pa-day-movie-3,PA Day Movie,Friday,2-Oct-26,2-Oct-26,14:00,Nepean Centrepointe,101 Centrepointe,West - Nepean,English,"Child, Family",Film and Movie Showing
https://booking.biblioottawalibrary.ca/en/event/handmade-bookmark-craft,Handmade Bookmark Craft,Friday,2-Oct-26,2-Oct-26,14:00,Emerald Plaza,1547 Merivale,West - Nepean,English,"Child, Family","Arts and Crafts, Kids"
https://booking.biblioottawalibrary.ca/en/event/show-tell-adult-social,Show & Tell Adult Social,Friday,2-Oct-26,2-Oct-26,15:00,Beaverbrook,2500 Campeau,West - Kanata,English,"Adult, Adults 50-plus","History and Genealogy, Hobbies and Interests, Lectures and discussions, Social Connections"
https://booking.biblioottawalibrary.ca/en/event/family-dd-0,Family D&D,Friday,2-Oct-26,11-Dec-26,15:30,Main,120 Metcalfe,Central,English,"Child, Family",Games and Gaming
https://booking.biblioottawalibrary.ca/en/event/pd-day-fall-craft-fun-0,PD Day : Fall Craft Fun,Friday,2-Oct-26,2-Oct-26,15:30,Hazeldean,50 Castlefrank,West - Kanata,English,Family,"Arts and Crafts, Hobbies and Interests, Kids"
https://booking.biblioottawalibrary.ca/en/event/lego%C2%AE-block-party-%C3%A7a-d%C3%A9-%E2%80%98bloc%E2%80%99-11,Lego® Block Party,Friday,2-Oct-26,11-Dec-26,15:45,Vanier,310 Pères Blancs,East - Vanier,Bilingual,Child,Kids
https://booking.biblioottawalibrary.ca/en/event/stay-and-play-jouons-%C3%A0-la-biblio-8,Stay and Play,Saturday,3-Oct-26,19-Dec-26,10:00,Sunnyside,1049 Bank,South - Alta Vista,Bilingual,"Baby, Child, Family",Social Connections
https://booking.biblioottawalibrary.ca/en/event/scribbles-scrawls-cumberland-writers-group,Scribbles & Scrawls: Cumberland Writers Group,Saturday,3-Oct-26,12-Dec-26,10:00,Cumberland,1599 Tenth Line,East - Orleans,English,Adult,Writing and poetry
https://booking.biblioottawalibrary.ca/en/event/saturday-family-storytime-and-stay-play,Saturday Family Storytime and Stay & Play,Saturday,3-Oct-26,12-Dec-26,10:30,Carp,3911 Carp,West - Carp,English,"Child, Family",Family storytime
https://booking.biblioottawalibrary.ca/en/event/saturday-family-storytime-95,Saturday Family Storytime,Saturday,3-Oct-26,12-Dec-26,10:30,Hazeldean,50 Castlefrank,West - Kanata,English,Family,Family storytime
https://booking.biblioottawalibrary.ca/en/event/tenants-rights-workshop-community-legal-services-ottawa,Tenants' Rights Workshop (Community Legal Services of Ottawa),Saturday,3-Oct-26,3-Oct-26,10:30,Ruth E. Dickinson,100 Malvern,West - Barrhaven,English,"Adult, Adults 50-plus, Newcomers",Personal finance
https://booking.biblioottawalibrary.ca/en/event/bilingual-family-storytime-craft-conte-en-famille-bilingue-et-bricolage,Bilingual Family Storytime & Craft | Conte en famille bilingue et bricolage,Saturday,3-Oct-26,17-Oct-26,10:30,Ruth E. Dickinson,100 Malvern,West - Barrhaven,Bilingual,Family,"Arts and Crafts, Family storytime, Kids"
https://booking.biblioottawalibrary.ca/en/event/stem-storytime-8,STEM Storytime,Saturday,3-Oct-26,3-Oct-26,10:30,Nepean Centrepointe,101 Centrepointe,West - Nepean,English,"Child, Family","STEM, Storytime"
https://booking.biblioottawalibrary.ca/en/event/legal-clinic-social-benefits-and-housing-law,Legal Clinic: Social Benefits and Housing Law,Saturday,3-Oct-26,3-Oct-26,12:30,Ruth E. Dickinson,100 Malvern,West - Barrhaven,Bilingual,"Adult, Adults 50-plus, Newcomers",Personal finance
https://booking.biblioottawalibrary.ca/en/event/knitting-and-crochet-help-sessions-sessions-d%E2%80%99aide-de-tricot-et-crochet,Knitting and Crochet Help Sessions,Saturday,3-Oct-26,12-Dec-26,13:00,Orléans,1705 Orléans,East - Orleans,Bilingual,Adult,Hobbies and Interests
https://booking.biblioottawalibrary.ca/en/event/simple-renaissance-dances-danses-simples-de-la-renaissance%E2%80%8B,Simple Renaissance Dances,Saturday,3-Oct-26,14-Nov-26,14:00,Rideau,377 Rideau,Central,Bilingual,"Adult, Adults 50-plus",Music and Dance
https://booking.biblioottawalibrary.ca/en/event/youve-got-mail-writing-challenge,You've Got Mail! Writing Challenge,Saturday,3-Oct-26,3-Oct-26,14:00,Ruth E. Dickinson,100 Malvern,West - Barrhaven,English,Child,"Kids, Writing and poetry"
https://booking.biblioottawalibrary.ca/en/event/movement-math,Movement Math,Saturday,3-Oct-26,3-Oct-26,14:00,Centennial,3870 Old Richmond,West - Nepean,English,Child,"Kids, STEM"
https://booking.biblioottawalibrary.ca/en/event/curiosity-starts-here-stories-song-tout-commence-par-la-curiosit%C3%A9-lart-de-raconter-en-musique%C2%A0,Curiosity Starts Here: Stories in Song,Saturday,3-Oct-26,3-Oct-26,14:00,Greenboro,363 Lorry Greenberg,South - Alta Vista,English,"Adult, Family, Teen",Music and Dance
https://booking.biblioottawalibrary.ca/en/event/mending-circle,Mending Circle,Saturday,3-Oct-26,3-Oct-26,14:00,Alta Vista,2516 Alta Vista,South - Alta Vista,English,Adult,Culture and Communities
https://booking.biblioottawalibrary.ca/en/event/handmade-nature,Handmade from Nature,Saturday,3-Oct-26,3-Oct-26,14:30,Carp,3911 Carp,West - Carp,English,Family,"Arts and Crafts, Hobbies and Interests"
https://booking.biblioottawalibrary.ca/en/event/ottawa-wildflower-seed-library-workshops-2,Ottawa Wildflower Seed Library Workshops,Saturday,3-Oct-26,22-Sep-27,15:00,Elmvale Acres,1910 St-Laurent,South - Alta Vista,English,Adult,Home and garden
https://booking.biblioottawalibrary.ca/en/event/sunday-family-storytime-6,Sunday Family Storytime,Sunday,4-Oct-26,13-Dec-26,10:30,Hazeldean,50 Castlefrank,West - Kanata,English,Family,Family storytime
https://booking.biblioottawalibrary.ca/en/event/stem-library-5,STEM at the Library,Sunday,4-Oct-26,4-Oct-26,10:30,Stittsville,1637 Stittsville Main,West - Stittsville,English,Family,STEM
https://booking.biblioottawalibrary.ca/en/event/pete-cat-palooza-bilingual-storytime-and-craft-fiesta-pat-le-chat-conte-en-famille-bilingue-et,Pete the Cat Palooza: Bilingual Storytime and Craft | Fiesta Pat le Chat : Conte en famille bilingue et bricolage,Sunday,4-Oct-26,4-Oct-26,10:30,Ruth E. Dickinson,100 Malvern,West - Barrhaven,Bilingual,Family,"Arts and Crafts, Family storytime, Kids, Storytime"
https://booking.biblioottawalibrary.ca/en/event/sunday-family-storytime-heure-du-conte-du-dimanche-sept-dec,Sunday Family Storytime,Sunday,4-Oct-26,13-Dec-26,11:00,Cumberland,1599 Tenth Line,East - Orleans,Bilingual,"Child, Family, Toddler","Family storytime, Storytime"
https://booking.biblioottawalibrary.ca/en/event/capital-region-writers-group-write-6,Capital Region Writers Group: Write-In,Sunday,4-Oct-26,29-Nov-26,13:00,Main,120 Metcalfe,Central,English,Adult,Writing and poetry
https://booking.biblioottawalibrary.ca/en/event/dungeons-dragons-dragon-icespire-peak-part-ii,Dungeons & Dragons: Dragon of Icespire Peak Part II,Sunday,4-Oct-26,4-Oct-26,13:00,Beaverbrook,2500 Campeau,West - Kanata,English,Adult,Games and Gaming
https://booking.biblioottawalibrary.ca/en/event/adult-chess-club-club-d%C3%A9checs-pour-adultes-0,Adult Chess Club,Sunday,4-Oct-26,27-Dec-26,13:30,Orléans,1705 Orléans,East - Orleans,Bilingual,Adult,Games and Gaming
https://booking.biblioottawalibrary.ca/en/event/preserving-harvest-2,Preserving the Harvest,Sunday,4-Oct-26,4-Oct-26,14:00,Nepean Centrepointe,101 Centrepointe,West - Nepean,English,"Adult, Adults 50-plus","Food Literacy and Cooking, Hobbies and Interests, Home and garden"
https://booking.biblioottawalibrary.ca/en/event/foodwise-preserving-easy-freezing-scrap-regrowth,FoodWise Preserving: Easy Freezing & Scrap Regrowth,Sunday,4-Oct-26,4-Oct-26,14:30,Stittsville,1637 Stittsville Main,West - Stittsville,English,"Adult, Adults 50-plus","Food Literacy and Cooking, Home and garden"
https://booking.biblioottawalibrary.ca/en/event/sensory-storytime-contes-sensoriels-11,Sensory Storytime,Sunday,4-Oct-26,13-Dec-26,15:00,Cumberland,1599 Tenth Line,East - Orleans,Bilingual,"Child, Toddler","Family storytime, Storytime"
https://booking.biblioottawalibrary.ca/en/event/bgc-ottawa-presents-how-create-resume,BGC Ottawa presents: How to Create a Resume,Monday,5-Oct-26,5-Oct-26,12:00,North Gloucester,2036 Ogilvie,East - Vanier,English,Teen,Jobs and careers
https://booking.biblioottawalibrary.ca/en/event/homeschool-happenings-mon-%C3%A9cole-maison-%C3%A0-la-biblio-10,Homeschool Happenings,Monday,5-Oct-26,30-Nov-26,13:30,Cumberland,1599 Tenth Line,East - Orleans,Bilingual,"Child, Family",Hobbies and Interests
https://booking.biblioottawalibrary.ca/en/event/pinecrest-employment-support-drop,Pinecrest Employment Support Drop-in,Monday,5-Oct-26,16-Aug-27,14:00,Carlingwood,281 Woodroffe,West - Nepean,English,"Adult, Adults 50-plus, Newcomers",Jobs and careers
https://booking.biblioottawalibrary.ca/en/event/ai-safety-using-ai-wisely-and-responsibly-english,AI Safety: Using AI Wisely and Responsibly (English),Monday,5-Oct-26,5-Oct-26,14:30,Blackburn Hamlet,199 Glen Park,East - Orleans,English,Adult,Computers and technology
https://booking.biblioottawalibrary.ca/en/event/monday-movie-night-3,Monday Movie Night,Monday,5-Oct-26,26-Oct-26,18:00,Main,120 Metcalfe,Central,English,"Adult, Teen",Film and Movie Showing
https://booking.biblioottawalibrary.ca/en/event/dungeons-and-dragons-beginners-adult-3,Dungeons and Dragons for Beginners - Adult,Monday,5-Oct-26,30-Nov-26,18:30,Rosemount,18 Rosemount,West - Nepean,English,"Adult, Adults 50-plus","Games and Gaming, Hobbies and Interests, Social Connections"
https://booking.biblioottawalibrary.ca/en/event/monday-evening-book-club,Monday Evening Book Club,Monday,5-Oct-26,7-Dec-26,19:00,Rideau,377 Rideau,Central,English,"Adult, Adults 50-plus","Book Clubs, Book Talks"
https://booking.biblioottawalibrary.ca/en/event/travel-discussion-group-0,Travel Discussion Group,Monday,5-Oct-26,1-Mar-27,19:00,Sunnyside,1049 Bank,South - Alta Vista,English,"Adult, Adults 50-plus","Hobbies and Interests, Lectures and discussions"
https://booking.biblioottawalibrary.ca/en/event/carp-social-knitwork-11,Carp Social KNITwork,Tuesday,6-Oct-26,27-Apr-27,13:00,Carp,3911 Carp,West - Carp,English,"Adult, Adults 50-plus",Hobbies and Interests
https://booking.biblioottawalibrary.ca/en/event/rockcliffe-park-adult-book-club-0,Rockcliffe Park Adult Book Club,Tuesday,6-Oct-26,1-Jun-27,13:30,Rockcliffe Park,380 Springfield,East - Vanier,English,Adult,Book Clubs
https://booking.biblioottawalibrary.ca/en/event/genealogy-drop-1,Genealogy Drop-In,Tuesday,6-Oct-26,29-Dec-26,14:00,Nepean Centrepointe,101 Centrepointe,West - Nepean,English,"Adult, Adults 50-plus",History and Genealogy
https://booking.biblioottawalibrary.ca/en/event/richmond-mystery-bookclub-6,Richmond Mystery  Bookclub,Tuesday,6-Oct-26,1-Dec-26,14:00,Richmond,6240 Perth Street,West - Richmond,English,"Adult, Family, Newcomers",Book Clubs
https://booking.biblioottawalibrary.ca/en/event/reading-buddies-4pm-session-one,Reading Buddies - 4pm (Session One),Tuesday,6-Oct-26,1-Dec-26,16:00,Sunnyside,1049 Bank,South - Alta Vista,English,Child,Homework and Reading Support
https://booking.biblioottawalibrary.ca/en/event/reading-buddies-430pm-session-two,Reading Buddies - 4:30pm (Session Two),Tuesday,6-Oct-26,1-Dec-26,16:30,Sunnyside,1049 Bank,South - Alta Vista,English,Child,Homework and Reading Support
https://booking.biblioottawalibrary.ca/en/event/collage-club-2,Collage Club,Tuesday,6-Oct-26,1-Dec-26,18:00,Rideau,377 Rideau,Central,Bilingual,"Adult, Teen",Arts and Crafts
https://booking.biblioottawalibrary.ca/en/event/themed-movie-tuesdays-clearcut,Themed Movie Tuesdays: Clearcut,Tuesday,6-Oct-26,6-Oct-26,18:00,Main,120 Metcalfe,Central,English,Adult,Film and Movie Showing
https://booking.biblioottawalibrary.ca/en/event/creativity-quilling-mini-canvas,Creativity by Quilling - Mini Canvas,Tuesday,6-Oct-26,6-Oct-26,18:00,Hazeldean,50 Castlefrank,West - Kanata,English,"Adult, Adults 50-plus",Arts and Crafts
https://booking.biblioottawalibrary.ca/en/event/pre-teen-book-club-1,Pre-Teen Book Club,Tuesday,6-Oct-26,1-Dec-26,18:30,Metcalfe village,8243 Victoria St,South - Metcalfe,English,"Child, Teen",Book Clubs
https://booking.biblioottawalibrary.ca/en/event/can-you-build-bridge-peux-tu-construire-un-pont,Can you build a bridge?,Tuesday,6-Oct-26,6-Oct-26,19:00,Cumberland,1599 Tenth Line,East - Orleans,Bilingual,Child,"Hobbies and Interests, Science and Discovery, STEM"
https://booking.biblioottawalibrary.ca/en/event/1-1-western-ottawa-community-resource-centre-assistance-and-support,1 on 1 with the Western Ottawa Community Resource Centre: Assistance and Support,Wednesday,7-Oct-26,28-Oct-26,10:00,Carp,3911 Carp,West - Carp,English,"Adult, Adults 50-plus, Newcomers","Culture and Communities, Health and wellness, Social Connections"
https://booking.biblioottawalibrary.ca/en/event/meditative-journalling-journalisation-m%C3%A9ditative,Meditative Journalling,Wednesday,7-Oct-26,7-Oct-26,10:00,Cumberland,1599 Tenth Line,East - Orleans,Bilingual,"Adult, Adults 50-plus","Health and wellness, Writing and poetry"
https://booking.biblioottawalibrary.ca/en/event/babytime-sept-dec,Babytime (Sept.-Dec.),Wednesday,7-Oct-26,9-Dec-26,10:00,Cumberland,1599 Tenth Line,East - Orleans,English,"Baby, Child",Babytime
https://booking.biblioottawalibrary.ca/en/event/wednesday-storytime,Wednesday Storytime,Wednesday,7-Oct-26,9-Dec-26,10:15,Sunnyside,1049 Bank,South - Alta Vista,English,Preschool,Family storytime
https://booking.biblioottawalibrary.ca/en/event/family-storytime-749,Family Storytime,Wednesday,7-Oct-26,9-Dec-26,10:15,Orléans,1705 Orléans,East - Orleans,English,"Child, Family, Preschool","Family storytime, Kids, Storytime"
https://booking.biblioottawalibrary.ca/en/event/english-conversation-group-52,English conversation group,Wednesday,7-Oct-26,16-Dec-26,10:15,Main,120 Metcalfe,Central,English,Adult,Language learning
https://booking.biblioottawalibrary.ca/en/event/family-storytime-contes-en-famille-278,Family Storytime,Wednesday,7-Oct-26,9-Dec-26,10:15,North Gloucester,2036 Ogilvie,East - Vanier,Bilingual,"Family, Preschool, Toddler",Family storytime
https://booking.biblioottawalibrary.ca/en/event/morning-social-matin%C3%A9e-conviviale,Morning Social,Wednesday,7-Oct-26,30-Dec-26,10:15,Orléans,1705 Orléans,East - Orleans,Bilingual,Adults 50-plus,Social Connections
https://booking.biblioottawalibrary.ca/en/event/family-storytime-contes-en-famille-281,Family Storytime,Wednesday,7-Oct-26,21-Oct-26,10:15,Beaverbrook,2500 Campeau,West - Kanata,Bilingual,Family,Family storytime
https://booking.biblioottawalibrary.ca/en/event/toddlertime-209,Toddlertime,Wednesday,7-Oct-26,21-Oct-26,10:15,Main,120 Metcalfe,Central,English,"Family, Preschool, Toddler",Storytime
https://booking.biblioottawalibrary.ca/en/event/family-storytime-and-stay-play-5,Family Storytime and Stay & Play,Wednesday,7-Oct-26,9-Dec-26,10:30,Carp,3911 Carp,West - Carp,English,"Child, Family",Family storytime
https://booking.biblioottawalibrary.ca/en/event/wednesday-english-conversation-group-3,Wednesday English Conversation Group,Wednesday,7-Oct-26,16-Dec-26,10:30,Nepean Centrepointe,101 Centrepointe,West - Nepean,English,Adult,Language learning
https://booking.biblioottawalibrary.ca/en/event/babytime-323,Babytime,Wednesday,7-Oct-26,21-Oct-26,10:30,Stittsville,1637 Stittsville Main,West - Stittsville,English,Baby,Babytime
https://booking.biblioottawalibrary.ca/en/event/family-storytime-stay-and-play-contes-en-famille-jouons-%C3%A0-la-biblio,Family Storytime & Stay and Play | Contes en famille & Jouons à la biblio,Wednesday,7-Oct-26,9-Dec-26,10:30,Elmvale Acres,1910 St-Laurent,South - Alta Vista,Bilingual,Family,Family storytime
https://booking.biblioottawalibrary.ca/en/event/family-storytime-stay-and-play-contes-en-famille-et-jouons-%C3%A0-la-biblio-fallautomne-2026-0,Family Storytime & Stay and Play | Contes en famille et Jouons à la biblio (Fall,Wednesday,7-Oct-26,9-Dec-26,10:30,Blackburn Hamlet,199 Glen Park,East - Orleans,Bilingual,"Baby, Preschool, Toddler","Family storytime, Social Connections, Storytime"
https://booking.biblioottawalibrary.ca/en/event/conte-en-famille-et-jouons-%C3%A0-la-biblio-family-storytime-stay-play,Conte en famille et jouons à la biblio | Family Storytime + Stay & Play,Wednesday,7-Oct-26,9-Dec-26,10:30,Ruth E. Dickinson,100 Malvern,West - Barrhaven,Français,Family,"Family storytime, Kids"
https://booking.biblioottawalibrary.ca/en/event/family-storytime-754,Family Storytime,Wednesday,7-Oct-26,9-Dec-26,10:30,Centennial,3870 Old Richmond,West - Nepean,English,"Family, Preschool, Toddler",Family storytime
https://booking.biblioottawalibrary.ca/en/event/storytime-stay-play,Storytime with Stay & Play,Wednesday,7-Oct-26,9-Dec-26,10:30,Manotick,5499 South River,West - Manotick,English,"Family, Preschool, Toddler","Family storytime, Storytime"
https://booking.biblioottawalibrary.ca/en/event/family-storytime-followed-stay-and-play-2,Family Storytime followed by a Stay and Play,Wednesday,7-Oct-26,21-Oct-26,10:30,Emerald Plaza,1547 Merivale,West - Nepean,English,"Family, Preschool, Toddler","Family storytime, Kids, Storytime"
https://booking.biblioottawalibrary.ca/en/event/wednesday-morning-toddlertime-stay-and-play-4,Wednesday Morning Toddlertime & Stay and Play,Wednesday,7-Oct-26,9-Dec-26,10:30,Nepean Centrepointe,101 Centrepointe,West - Nepean,English,Toddler,Family storytime
https://booking.biblioottawalibrary.ca/en/event/babytime-333,Babytime,Wednesday,7-Oct-26,16-Dec-26,11:00,North Gower,6579 Fourth Line,West - North Gover,English,Baby,"Babytime, Storytime"
https://booking.biblioottawalibrary.ca/en/event/knitting-and-crochet-club-groupe-de-tricot-et-crochet-0,Knitting and Crochet Club,Wednesday,7-Oct-26,30-Jun-27,13:00,Orléans,1705 Orléans,East - Orleans,Bilingual,Adult,Hobbies and Interests
https://booking.biblioottawalibrary.ca/en/event/north-gower-nifty-knitters-5,North Gower Nifty Knitters,Wednesday,7-Oct-26,16-Dec-26,13:00,North Gower,6579 Fourth Line,West - North Gover,English,"Adult, Adults 50-plus",Hobbies and Interests
https://booking.biblioottawalibrary.ca/en/event/parenting-ottawa-1,Parenting in Ottawa,Wednesday,7-Oct-26,30-Dec-26,13:00,Beaverbrook,2500 Campeau,West - Kanata,English,"Adult, Baby, Family",Parenting
https://booking.biblioottawalibrary.ca/en/event/write-us-10,Write with Us!,Wednesday,7-Oct-26,30-Dec-26,13:30,Rockcliffe Park,380 Springfield,East - Vanier,English,Adult,Writing and poetry
https://booking.biblioottawalibrary.ca/en/event/groupe-de-conversation-en-fran%C3%A7ais-interm%C3%A9diaire-2,Groupe de conversation en français - intermédiaire,Wednesday,7-Oct-26,31-Mar-27,14:00,Main,120 Metcalfe,Central,Français,"Adult, Adults 50-plus, Newcomers",Language learning
https://booking.biblioottawalibrary.ca/en/event/preschool-show-tell-session-1,Preschool Show & Tell (Session 1),Wednesday,7-Oct-26,4-Nov-26,14:00,Ruth E. Dickinson,100 Malvern,West - Barrhaven,English,Preschool,Kids
https://booking.biblioottawalibrary.ca/en/event/group-tech-help-session-daide-technique,Group Tech Help,Wednesday,7-Oct-26,9-Dec-26,14:00,Elmvale Acres,1910 St-Laurent,South - Alta Vista,Bilingual,"Adult, Adults 50-plus",Computers and technology
https://booking.biblioottawalibrary.ca/en/event/wednesday-afternoon-book-talks,Wednesday Afternoon Book Talks,Wednesday,7-Oct-26,2-Dec-26,14:00,Nepean Centrepointe,101 Centrepointe,West - Nepean,English,"Adult, Adults 50-plus","Book Talks, Lectures and discussions"
https://booking.biblioottawalibrary.ca/en/event/newcomer-support-drop-0,Newcomer Support Drop-in,Wednesday,7-Oct-26,30-Dec-26,14:30,Beaverbrook,2500 Campeau,West - Kanata,English,"Adult, Newcomers, Teen",Jobs and careers
https://booking.biblioottawalibrary.ca/en/event/chess-club-10,Chess Club,Wednesday,7-Oct-26,23-Dec-26,16:00,Main,120 Metcalfe,Central,English,Adult,Hobbies and Interests
https://booking.biblioottawalibrary.ca/en/event/crafternoon-brin-d%E2%80%99brico-0,Crafternoon,Wednesday,7-Oct-26,9-Dec-26,16:00,Sunnyside,1049 Bank,South - Alta Vista,Bilingual,"Child, Family, Preschool",Hobbies and Interests
https://booking.biblioottawalibrary.ca/en/event/chess-club-club-dechecs-6,Chess Club,Wednesday,7-Oct-26,9-Dec-26,16:30,Greenboro,363 Lorry Greenberg,South - Alta Vista,Bilingual,Child,Games and Gaming
https://booking.biblioottawalibrary.ca/en/event/homework-help-aide-aux-devoirs-35,Homework Help | Aide aux devoirs,Wednesday,7-Oct-26,9-Dec-26,17:00,St-Laurent,515 Côté,East - Vanier,Bilingual,"Child, Teen",Homework and Reading Support
https://booking.biblioottawalibrary.ca/en/event/english-conversation-group-groupe-de-conversation-en-anglais-5,English Conversation Group,Wednesday,7-Oct-26,30-Dec-26,17:15,Stittsville,1637 Stittsville Main,West - Stittsville,English,"Adult, Adults 50-plus, Newcomers",Language learning
https://booking.biblioottawalibrary.ca/en/event/english-conversation-group-29,English Conversation Group,Wednesday,7-Oct-26,16-Dec-26,18:00,Rosemount,18 Rosemount,West - Nepean,English,Adult,Language learning
https://booking.biblioottawalibrary.ca/en/event/greely-knit-crochet-and-fibre-crafting-group,"Greely Knit, Crochet, and Fibre Crafting Group",Wednesday,7-Oct-26,16-Dec-26,18:00,Greely,1448 Meadow Drive,South - Greely,English,Adult,"Arts and Crafts, Hobbies and Interests, Social Connections"
https://booking.biblioottawalibrary.ca/en/event/english-conversation-group-33,English Conversation Group,Wednesday,7-Oct-26,16-Dec-26,18:30,Main,120 Metcalfe,Central,English,"Adult, Newcomers",Language learning
https://booking.biblioottawalibrary.ca/en/event/stittsville-cozy-crafters,Stittsville Cozy Crafters,Wednesday,7-Oct-26,30-Dec-26,18:30,Stittsville,1637 Stittsville Main,West - Stittsville,English,"Adult, Adults 50-plus",Hobbies and Interests
https://booking.biblioottawalibrary.ca/en/event/evening-english-conversation-groupgroupe-de-conversation-en-anglais-en-soir%C3%A9e,Evening English Conversation Group,Wednesday,7-Oct-26,30-Dec-26,18:30,Cumberland,1599 Tenth Line,East - Orleans,English,Adult,Language learning
https://booking.biblioottawalibrary.ca/en/event/adult-english-conversation-group-groupe-de-conversation-en-anglais-pour-adultes-6,Adult English Conversation Group,Wednesday,7-Oct-26,30-Dec-26,18:30,Greenboro,363 Lorry Greenberg,South - Alta Vista,English,"Adult, Adults 50-plus, Newcomers",Language learning
https://booking.biblioottawalibrary.ca/en/event/write-us-3,Write With Us!,Wednesday,7-Oct-26,30-Dec-26,18:30,Orléans,1705 Orléans,East - Orleans,English,Adult,Writing and poetry
https://booking.biblioottawalibrary.ca/en/event/bad-night-movies-bloodbath-house-death,A (Bad) Night at the Movies: Bloodbath at the House of Death,Wednesday,7-Oct-26,7-Oct-26,18:30,Main,120 Metcalfe,Central,English,Adult,Film and Movie Showing
https://booking.biblioottawalibrary.ca/en/event/vanier-english-conversation-group,Vanier English Conversation Group,Wednesday,7-Oct-26,16-Dec-26,18:30,Vanier,310 Pères Blancs,East - Vanier,English,Adult,Language learning
https://booking.biblioottawalibrary.ca/en/event/groupe-de-conversation-en-fran%C3%A7ais-interm%C3%A9diaire-french-conversation-group-intermediate-18,Groupe de conversation en français (intermédiaire),Wednesday,7-Oct-26,16-Dec-26,18:30,Alta Vista,2516 Alta Vista,South - Alta Vista,Bilingual,Adult,Language learning
https://booking.biblioottawalibrary.ca/en/event/wednesday-english-conversation-group-4,Wednesday English Conversation Group,Wednesday,7-Oct-26,23-Jun-27,18:30,Ruth E. Dickinson,100 Malvern,West - Barrhaven,English,"Adult, Adults 50-plus, Newcomers",Language learning
https://booking.biblioottawalibrary.ca/en/event/hazeldean-stitches-fall-season-2026,Hazeldean Stitches (Fall Season 2026),Wednesday,7-Oct-26,30-Dec-26,18:30,Hazeldean,50 Castlefrank,West - Kanata,English,"Adult, Adults 50-plus",Hobbies and Interests
https://booking.biblioottawalibrary.ca/en/event/french-conversation-group-groupe-de-conversation-fran%C3%A7ais-0,French Conversation Group,Wednesday,7-Oct-26,9-Dec-26,18:30,Blackburn Hamlet,199 Glen Park,East - Orleans,Français,Adult,Language learning
https://booking.biblioottawalibrary.ca/en/event/french-conversation-group-intermediate-groupe-de-conversation-en-fran%C3%A7ais-interm%C3%A9diaire,French Conversation Group - Intermediate - Groupe de Conversation en Français - Intermédiaire,Wednesday,7-Oct-26,16-Dec-26,19:00,Manotick,5499 South River,West - Manotick,Français,"Adult, Adults 50-plus",Language learning
https://booking.biblioottawalibrary.ca/en/event/groupe-de-conversation-en-fran%C3%A7ais-french-conversation-group-55,Groupe de conversation en français | French Conversation Group,Wednesday,7-Oct-26,16-Dec-26,19:00,Beaverbrook,2500 Campeau,West - Kanata,Français,Adult,Language learning
https://booking.biblioottawalibrary.ca/en/event/preventative-care-program,Preventative Care Program,Thursday,8-Oct-26,10-Dec-26,10:00,Greenboro,363 Lorry Greenberg,South - Alta Vista,English,"Adult, Family, Newcomers",Health and wellness
https://booking.biblioottawalibrary.ca/en/event/great-yarn-club-manotick-0,The Great Yarn Club of Manotick,Thursday,8-Oct-26,17-Dec-26,11:00,Manotick,5499 South River,West - Manotick,English,"Adult, Adults 50-plus",Hobbies and Interests
https://booking.biblioottawalibrary.ca/en/event/scrabble-1,Scrabble!,Thursday,8-Oct-26,17-Dec-26,13:00,Manotick,5499 South River,West - Manotick,English,"Adult, Adults 50-plus","Games and Gaming, Hobbies and Interests"
https://booking.biblioottawalibrary.ca/en/event/rosemount-writing-collective-1,Rosemount Writing Collective,Thursday,8-Oct-26,17-Dec-26,13:00,Rosemount,18 Rosemount,West - Nepean,English,"Adult, Adults 50-plus",Writing and poetry
https://booking.biblioottawalibrary.ca/en/event/nepean-centrepointe-book-club-36,Nepean Centrepointe Book Club,Thursday,8-Oct-26,14-Jan-27,13:30,Nepean Centrepointe,101 Centrepointe,West - Nepean,English,"Adult, Adults 50-plus",Book Clubs
https://booking.biblioottawalibrary.ca/en/event/transform-your-trash-treasure-0,Transform Your Trash Into Treasure,Thursday,8-Oct-26,8-Oct-26,14:00,Orléans,1705 Orléans,East - Orleans,English,Adult,Arts and Crafts
https://booking.biblioottawalibrary.ca/en/event/youth-chess-club-club-d%C3%A9checs-jeunesse-5,Youth Chess Club | Club d'échecs jeunesse,Thursday,8-Oct-26,10-Dec-26,16:00,Cumberland,1599 Tenth Line,East - Orleans,Bilingual,Teen,Games and Gaming
https://booking.biblioottawalibrary.ca/en/event/thursday-movie-night-living-dead,Thursday Movie: Night of the Living Dead,Thursday,8-Oct-26,8-Oct-26,18:00,Main,120 Metcalfe,Central,English,Teen,Film and Movie Showing
https://booking.biblioottawalibrary.ca/en/event/main-english-book-club-10,Main English Book Club,Thursday,8-Oct-26,8-Oct-26,18:30,Main,120 Metcalfe,Central,English,"Adult, Adults 50-plus",Book Clubs
https://booking.biblioottawalibrary.ca/en/event/orl%C3%A9ans-book-chats,Orléans Book Chats,Thursday,8-Oct-26,10-Jun-27,19:00,Orléans,1705 Orléans,East - Orleans,English,Adult,Book Talks
https://booking.biblioottawalibrary.ca/en/event/sunnyside-2nd-friday-book-club-5,The Sunnyside 2nd Friday Book Club,Friday,9-Oct-26,11-Jun-27,14:00,Sunnyside,1049 Bank,South - Alta Vista,English,Adult,Book Clubs
https://booking.biblioottawalibrary.ca/en/event/diy-sewing-glasses-case%E2%80%8B,DIY Sewing: Glasses Case​,Friday,9-Oct-26,9-Oct-26,14:00,Orléans,1705 Orléans,East - Orleans,English,Adult,Hobbies and Interests
https://booking.biblioottawalibrary.ca/en/event/lego-challenge-club,Lego Challenge Club,Friday,9-Oct-26,4-Dec-26,16:30,Sunnyside,1049 Bank,South - Alta Vista,English,Child,STEM
https://booking.biblioottawalibrary.ca/en/event/thanksgiving-storytime-craft,Thanksgiving Storytime & Craft,Saturday,10-Oct-26,10-Oct-26,10:30,Ruth E. Dickinson,100 Malvern,West - Barrhaven,English,Child,"Arts and Crafts, Family storytime, Kids"
https://booking.biblioottawalibrary.ca/en/event/saturday-morning-storytime-5,Saturday Morning Storytime,Saturday,10-Oct-26,12-Dec-26,10:30,Nepean Centrepointe,101 Centrepointe,West - Nepean,English,Family,Family storytime
https://booking.biblioottawalibrary.ca/en/event/draw-davinci-studio-ghibli,Draw Like DaVinci: Studio Ghibli,Saturday,10-Oct-26,10-Oct-26,14:00,Ruth E. Dickinson,100 Malvern,West - Barrhaven,English,Child,"Arts and Crafts, Kids"
https://booking.biblioottawalibrary.ca/en/event/harry-potter-book-day-spells-and-potions,Harry Potter Book Day: Spells and Potions,Saturday,10-Oct-26,10-Oct-26,14:00,Ruth E. Dickinson,100 Malvern,West - Barrhaven,English,Child,"Arts and Crafts, Book Talks, Kids, Science and Discovery"
https://booking.biblioottawalibrary.ca/en/event/tout-commence-par-la-curiosit%C3%A9-lart-de-raconter-par-le-jeu-curiosity-starts-here-stories-we,Tout commence par la curiosité : L'art de raconter par le jeu,Saturday,10-Oct-26,10-Oct-26,14:00,Cumberland,1599 Tenth Line,East - Orleans,Français,"Adult, Teen",Games and Gaming
https://booking.biblioottawalibrary.ca/en/event/ya-spooky-film-screening-quiet-place,YA Spooky Film Screening : A Quiet Place,Saturday,10-Oct-26,10-Oct-26,14:30,Main,120 Metcalfe,Central,English,Teen,Film and Movie Showing
https://booking.biblioottawalibrary.ca/en/event/dungeons-and-dragons-adults-beginner-14,Dungeons and Dragons for Adults - Beginner,Saturday,10-Oct-26,10-Oct-26,14:30,Carp,3911 Carp,West - Carp,English,"Adult, Adults 50-plus",Games and Gaming
https://booking.biblioottawalibrary.ca/en/event/science-literacy-week-stem-stations-semaine-de-la-culture-scientifique-les-stations-stim-1,Science Literacy Week : STEM Stations,Saturday,10-Oct-26,10-Oct-26,15:00,Cumberland,1599 Tenth Line,East - Orleans,Bilingual,"Child, Family",Science and Discovery
https://booking.biblioottawalibrary.ca/en/event/miniature-gaming,Miniature Gaming,Sunday,11-Oct-26,13-Dec-26,11:00,Nepean Centrepointe,101 Centrepointe,West - Nepean,English,"Adult, Teen",Games and Gaming
https://booking.biblioottawalibrary.ca/en/event/parenting-ottawa-drop-5,Parenting in Ottawa Drop-in,Tuesday,13-Oct-26,8-Dec-26,10:00,Greely,1448 Meadow Drive,South - Greely,English,Family,Parenting
https://booking.biblioottawalibrary.ca/en/event/granny-squares-warmth-1,Granny Squares for Warmth,Tuesday,13-Oct-26,8-Jun-27,15:00,Ruth E. Dickinson,100 Malvern,West - Barrhaven,English,"Adult, Adults 50-plus",Hobbies and Interests
https://booking.biblioottawalibrary.ca/en/event/teen-advisory-group-sunnyside,Teen Advisory Group - Sunnyside,Tuesday,13-Oct-26,8-Dec-26,16:00,Sunnyside,1049 Bank,South - Alta Vista,English,Teen,"Hobbies and Interests, Social Connections"
https://booking.biblioottawalibrary.ca/en/event/afternoon-storytime-oct-dec,Afternoon Storytime (Oct.-Dec.),Tuesday,13-Oct-26,8-Dec-26,16:00,Cumberland,1599 Tenth Line,East - Orleans,English,"Child, Family",Storytime
https://booking.biblioottawalibrary.ca/en/event/young-adult-zine-club-club-de-zines-pour-ados-et-jeunes-adultes,Young Adult Zine Club | Club de zines pour ados et jeunes adultes,Tuesday,13-Oct-26,8-Dec-26,17:30,Main,120 Metcalfe,Central,Bilingual,"Adult, Teen","Arts and Crafts, Hobbies and Interests, Writing and poetry"
https://booking.biblioottawalibrary.ca/en/event/movie-night-rideau-soir%C3%A9e-de-film-%C3%A0-rideau-1,Movie Night at Rideau | Soirée de film à Rideau,Tuesday,13-Oct-26,8-Dec-26,18:00,Rideau,377 Rideau,Central,English,Adult,Film and Movie Showing
https://booking.biblioottawalibrary.ca/en/event/greely-garden-club-2,Greely Garden Club,Tuesday,13-Oct-26,13-Oct-26,18:00,Greely,1448 Meadow Drive,South - Greely,English,"Adult, Adults 50-plus","Hobbies and Interests, Home and garden"
https://booking.biblioottawalibrary.ca/en/event/themed-movie-tuesdays-night-raiders,Themed Movie Tuesdays: Night Raiders,Tuesday,13-Oct-26,13-Oct-26,18:00,Main,120 Metcalfe,Central,English,Adult,Film and Movie Showing
https://booking.biblioottawalibrary.ca/en/event/rp-acoustic-music-circle-0,RP Acoustic Music Circle,Tuesday,13-Oct-26,8-Jun-27,18:00,Rockcliffe Park,380 Springfield,East - Vanier,Bilingual,Teen,Music and Dance
https://booking.biblioottawalibrary.ca/en/event/club-de-collage-journaling-club-2,Club de Collage & Journaling Club,Tuesday,13-Oct-26,27-Oct-26,18:00,Main,120 Metcalfe,Central,Bilingual,"Adult, Adults 50-plus, Teen",Arts and Crafts
https://booking.biblioottawalibrary.ca/en/event/paper-embroidery-beginners,Paper Embroidery for Beginners,Tuesday,13-Oct-26,13-Oct-26,18:00,Hazeldean,50 Castlefrank,West - Kanata,English,"Adult, Adults 50-plus",Arts and Crafts
https://booking.biblioottawalibrary.ca/en/event/tech-bytes,Tech Bytes,Wednesday,14-Oct-26,12-Jun-27,10:00,Cumberland,1599 Tenth Line,East - Orleans,Bilingual,Adult,Computers and technology
https://booking.biblioottawalibrary.ca/en/event/dickinson-reads-book-club-7,Dickinson Reads Book Club,Wednesday,14-Oct-26,9-Jun-27,10:00,Ruth E. Dickinson,100 Malvern,West - Barrhaven,English,"Adult, Adults 50-plus",Book Clubs
https://booking.biblioottawalibrary.ca/en/event/meditative-journalling-journalisation-m%C3%A9ditative-0,Meditative Journalling,Wednesday,14-Oct-26,4-Nov-26,10:00,Cumberland,1599 Tenth Line,East - Orleans,Bilingual,"Adult, Adults 50-plus","Health and wellness, Writing and poetry"
https://booking.biblioottawalibrary.ca/en/event/centennial-book-chat-1,Centennial Book Chat,Wednesday,14-Oct-26,9-Jun-27,13:30,Centennial,3870 Old Richmond,West - Nepean,English,"Adult, Adults 50-plus",Book Clubs
https://booking.biblioottawalibrary.ca/en/event/adult-crafternoon-brin-d%E2%80%99brico-pour-adultes-2,Adult Crafternoon,Wednesday,14-Oct-26,14-Oct-26,14:00,Cumberland,1599 Tenth Line,East - Orleans,Bilingual,Adult,"Arts and Crafts, Hobbies and Interests"
https://booking.biblioottawalibrary.ca/en/event/wednesday-afternoon-crafts,Wednesday Afternoon Crafts,Wednesday,14-Oct-26,9-Dec-26,14:00,Nepean Centrepointe,101 Centrepointe,West - Nepean,English,"Adult, Adults 50-plus",Arts and Crafts
https://booking.biblioottawalibrary.ca/en/event/b%C3%A9b%C3%A9s-%C3%A0-la-biblio-41,Bébés à la biblio,Wednesday,14-Oct-26,9-Dec-26,14:30,Rosemount,18 Rosemount,West - Nepean,Français,Baby,"Babytime, Kids, Social Connections, Storytime"
https://booking.biblioottawalibrary.ca/en/event/manotick-afternoon-book-club-2,Manotick Afternoon Book Club,Wednesday,14-Oct-26,9-Jun-27,15:00,Manotick,5499 South River,West - Manotick,English,"Adult, Adults 50-plus",Book Talks
https://booking.biblioottawalibrary.ca/en/event/drop-newcomer-support,Drop-in Newcomer Support,Wednesday,14-Oct-26,18-Aug-27,15:00,Ruth E. Dickinson,100 Malvern,West - Barrhaven,English,"Adult, Newcomers, Teen",Jobs and careers
https://booking.biblioottawalibrary.ca/en/event/get-crafty-41,Get Crafty!,Wednesday,14-Oct-26,9-Dec-26,15:30,Nepean Centrepointe,101 Centrepointe,West - Nepean,English,Child,Arts and Crafts
https://booking.biblioottawalibrary.ca/en/event/embroidery-workshop,Embroidery Workshop,Wednesday,14-Oct-26,14-Oct-26,18:00,Main,120 Metcalfe,Central,English,"Adult, Adults 50-plus",Arts and Crafts
https://booking.biblioottawalibrary.ca/en/event/hazeldean-art-club-series-flower-frogs,Hazeldean Art Club Series - Flower Frogs,Wednesday,14-Oct-26,28-Oct-26,18:00,Hazeldean,50 Castlefrank,West - Kanata,English,"Adult, Adults 50-plus",Arts and Crafts
https://booking.biblioottawalibrary.ca/en/event/club-de-lecture-26,Club de lecture,Wednesday,14-Oct-26,9-Jun-27,18:30,Nepean Centrepointe,101 Centrepointe,West - Nepean,Français,"Adult, Adults 50-plus",Book Clubs
https://booking.biblioottawalibrary.ca/en/event/thursday-morning-book-club,Thursday Morning Book Club,Thursday,15-Oct-26,20-May-27,10:15,Rideau,377 Rideau,Central,English,"Adult, Adults 50-plus","Book Clubs, Book Talks"
https://booking.biblioottawalibrary.ca/en/event/cookbook-book-club-1,Cookbook Book Club,Thursday,15-Oct-26,17-Jun-27,10:30,Orléans,1705 Orléans,East - Orleans,English,"Adult, Adults 50-plus","Book Clubs, Hobbies and Interests, Social Connections"
https://booking.biblioottawalibrary.ca/en/event/bgc-ottawa-presents-soft-skills-workplace,BGC Ottawa presents: Soft Skills for the Workplace,Thursday,15-Oct-26,15-Oct-26,12:00,North Gloucester,2036 Ogilvie,East - Vanier,English,Teen,Jobs and careers
https://booking.biblioottawalibrary.ca/en/event/memory-caf%C3%A9-13,Memory Café,Thursday,15-Oct-26,4-Mar-27,13:30,Sunnyside,1049 Bank,South - Alta Vista,English,Adult,Health and wellness
https://booking.biblioottawalibrary.ca/en/event/wellness-fair-2026,Wellness Fair 2026,Thursday,15-Oct-26,15-Oct-26,13:30,Nepean Centrepointe,101 Centrepointe,West - Nepean,English,"Adult, Adults 50-plus",Health and wellness
https://booking.biblioottawalibrary.ca/en/event/club-de-lecture-%C2%AB-le-nouveau-chapitre-%C2%BB,Club de lecture « Le nouveau chapitre »,Thursday,15-Oct-26,12-Nov-26,14:00,Cumberland,1599 Tenth Line,East - Orleans,Français,"Adult, Adults 50-plus",Book Clubs
https://booking.biblioottawalibrary.ca/en/event/transformez-vos-ordures-en-tr%C3%A9sor,Transformez vos ordures en trésor,Thursday,15-Oct-26,15-Oct-26,14:00,Orléans,1705 Orléans,East - Orleans,Français,Adult,Arts and Crafts
https://booking.biblioottawalibrary.ca/en/event/write-us-9,Write with Us!,Thursday,15-Oct-26,17-Dec-26,18:00,North Gower,6579 Fourth Line,West - North Gover,English,"Adult, Adults 50-plus",Writing and poetry
https://booking.biblioottawalibrary.ca/en/event/mysterious-book-society-middle-grade-book-club-1,Mysterious Book Society: A Middle Grade Book Club,Thursday,15-Oct-26,10-Dec-26,18:30,Sunnyside,1049 Bank,South - Alta Vista,English,Child,Book Clubs
https://booking.biblioottawalibrary.ca/en/event/entrepreneur-small-business-owner-meet,Entrepreneur & Small Business Owner Meet-Up,Thursday,15-Oct-26,10-Dec-26,18:30,Rosemount,18 Rosemount,West - Nepean,English,Adult,Jobs and careers
https://booking.biblioottawalibrary.ca/en/event/sleuth-hounds-august-december-2026,Sleuth Hounds (August to December 2026),Thursday,15-Oct-26,17-Dec-26,18:30,Alta Vista,2516 Alta Vista,South - Alta Vista,English,Adult,Book Clubs
https://booking.biblioottawalibrary.ca/en/event/listening-back-row,Listening from the Back Row,Thursday,15-Oct-26,19-Nov-26,18:30,Stittsville,1637 Stittsville Main,West - Stittsville,English,"Adult, Adults 50-plus",Writing and poetry
https://booking.biblioottawalibrary.ca/en/event/halloween-movie-night-rideau-ottawa-horror-club,Halloween Movie Night at Rideau with Ottawa Horror Club,Thursday,15-Oct-26,15-Oct-26,18:30,Rideau,377 Rideau,Central,English,Adult,"Film and Movie Showing, Social Connections"
https://booking.biblioottawalibrary.ca/en/event/trash-treasure-harvest-fest,Trash to Treasure: Harvest Fest,Thursday,15-Oct-26,15-Oct-26,18:30,Ruth E. Dickinson,100 Malvern,West - Barrhaven,English,"Child, Family","Arts and Crafts, Culture and Communities, Kids"
https://booking.biblioottawalibrary.ca/en/event/science-fiction-fantasy-book-club-32,Science Fiction Fantasy Book Club,Thursday,15-Oct-26,17-Dec-26,19:00,Nepean Centrepointe,101 Centrepointe,West - Nepean,English,"Adult, Adults 50-plus",Book Clubs
https://booking.biblioottawalibrary.ca/en/event/friday-crafternoon-brico-matin,Friday Crafternoon,Friday,16-Oct-26,11-Dec-26,11:00,Main,120 Metcalfe,Central,Bilingual,Child,Arts and Crafts
https://booking.biblioottawalibrary.ca/en/event/sunnyside-mystery-book-club-7,The Sunnyside Mystery Book Club,Friday,16-Oct-26,18-Jun-27,14:00,Sunnyside,1049 Bank,South - Alta Vista,English,Adult,Book Clubs
https://booking.biblioottawalibrary.ca/en/event/mindful-doodling-adults-4,Mindful Doodling for Adults,Friday,16-Oct-26,16-Oct-26,14:00,Hazeldean,50 Castlefrank,West - Kanata,English,"Adult, Adults 50-plus",Arts and Crafts
https://booking.biblioottawalibrary.ca/en/event/calm-creative-spooky-spirit,Calm & Creative - Spooky Spirit,Friday,16-Oct-26,16-Oct-26,14:30,Beaverbrook,2500 Campeau,West - Kanata,English,Adult,Arts and Crafts
https://booking.biblioottawalibrary.ca/en/event/sensory-storytime-19,Sensory Storytime,Saturday,17-Oct-26,12-Dec-26,10:30,Greenboro,363 Lorry Greenberg,South - Alta Vista,English,Child,Family storytime
https://booking.biblioottawalibrary.ca/en/event/tree-t-yourself,Tree-t Yourself!,Saturday,17-Oct-26,17-Oct-26,14:00,North Gloucester,2036 Ogilvie,East - Vanier,English,Adult,Home and garden
https://booking.biblioottawalibrary.ca/en/event/trivia-time,Trivia Time!,Saturday,17-Oct-26,17-Oct-26,14:00,Rideau,377 Rideau,Central,English,"Adult, Teen","Culture and Communities, Games and Gaming, Hobbies and Interests, Social Connections"
https://booking.biblioottawalibrary.ca/en/event/middle-grade-book-club-thrillers-horrors,Middle Grade Book Club: Thrillers & Horrors,Saturday,17-Oct-26,17-Oct-26,14:00,Ruth E. Dickinson,100 Malvern,West - Barrhaven,English,Child,"Arts and Crafts, Book Clubs, Kids"
https://booking.biblioottawalibrary.ca/en/event/video-gaming-jeux-vid%C3%A9o-3,Video Gaming,Saturday,17-Oct-26,12-Dec-26,14:00,Greenboro,363 Lorry Greenberg,South - Alta Vista,Bilingual,"Family, Teen",Games and Gaming
https://booking.biblioottawalibrary.ca/en/event/puppet-party,Puppet Party!,Saturday,17-Oct-26,17-Oct-26,14:00,Centennial,3870 Old Richmond,West - Nepean,English,Child,"Arts and Crafts, Hobbies and Interests, Kids"
https://booking.biblioottawalibrary.ca/en/event/curiosity-starts-here-stories-beyond-stars-tout-commence-par-la-curiosit%C3%A9-lart-de-raconter-par,Curiosity Starts Here: Stories Beyond the Stars,Saturday,17-Oct-26,17-Oct-26,14:00,Carp,3911 Carp,West - Carp,English,"Adult, Family, Teen",Science and Discovery
https://booking.biblioottawalibrary.ca/en/event/author-visit-ann-cavlovic,"Author Visit, Ann Cavlovic",Saturday,17-Oct-26,17-Oct-26,14:00,Alta Vista,2516 Alta Vista,South - Alta Vista,English,Adult,Author Events
https://booking.biblioottawalibrary.ca/en/event/monster-mash,Monster Mash,Saturday,17-Oct-26,17-Oct-26,14:00,Manotick,5499 South River,West - Manotick,English,"Child, Family, Preschool","Arts and Crafts, Hobbies and Interests"
https://booking.biblioottawalibrary.ca/en/event/adult-crafternoon-gouache-black%E2%80%8B,Adult Crafternoon: Gouache on Black​,Saturday,17-Oct-26,17-Oct-26,14:00,Richmond,6240 Perth Street,West - Richmond,English,"Adult, Adults 50-plus",Arts and Crafts
https://booking.biblioottawalibrary.ca/en/event/dungeons-dragons-learn-play-non-role-playing-sessions,Dungeons & Dragons learn-to-play non-role-playing sessions,Saturday,17-Oct-26,5-Dec-26,15:00,Orléans,1705 Orléans,East - Orleans,English,Teen,Games and Gaming
https://booking.biblioottawalibrary.ca/en/event/crafternoons%E2%80%8B-bricos-%C3%A0-la-biblio,Crafternoons​,Saturday,17-Oct-26,12-Dec-26,15:30,Orléans,1705 Orléans,East - Orleans,Bilingual,Adult,Hobbies and Interests
https://booking.biblioottawalibrary.ca/en/event/sensory-storytime-17,Sensory Storytime,Sunday,18-Oct-26,18-Oct-26,10:30,Stittsville,1637 Stittsville Main,West - Stittsville,English,"Child, Family, Toddler",Storytime
https://booking.biblioottawalibrary.ca/en/event/fall-crafts-bricolages-dautomne,Fall Crafts,Sunday,18-Oct-26,18-Oct-26,10:30,Beaverbrook,2500 Campeau,West - Kanata,Bilingual,"Child, Family",Arts and Crafts
https://booking.biblioottawalibrary.ca/en/event/blabey-bonanza-storytime-and-craft-bonanza-blabey-conte-en-famille-et-bricolage,Blabey Bonanza: Storytime and Craft | Bonanza Blabey : Conte en famille et bricolage,Sunday,18-Oct-26,18-Oct-26,10:30,Ruth E. Dickinson,100 Malvern,West - Barrhaven,Bilingual,"Child, Family","Arts and Crafts, Family storytime, Kids, Storytime"
https://booking.biblioottawalibrary.ca/en/event/creative-writing-adults-2026-2027-session,Creative Writing for Adults (2026-2027 Session),Sunday,18-Oct-26,20-Jun-27,14:00,Stittsville,1637 Stittsville Main,West - Stittsville,English,"Adult, Adults 50-plus",Writing and poetry
https://booking.biblioottawalibrary.ca/en/event/slow-stitchers-and-handcrafters-1,Slow Stitchers and Handcrafters,Sunday,18-Oct-26,24-Jun-27,14:00,Ruth E. Dickinson,100 Malvern,West - Barrhaven,English,"Adult, Adults 50-plus",Hobbies and Interests
https://booking.biblioottawalibrary.ca/en/event/family-stem-playground-espace-de-jeux-familial-consacr%C3%A9-aux-stim,Family STEM Playground | Espace de jeux familial consacré aux STIM,Sunday,18-Oct-26,10-Dec-26,14:00,Ruth E. Dickinson,100 Malvern,West - Barrhaven,English,Family,"Kids, STEM"
https://booking.biblioottawalibrary.ca/en/event/friend-speed-dating-women,Friend Speed Dating for Women,Sunday,18-Oct-26,18-Oct-26,14:00,North Gloucester,2036 Ogilvie,East - Vanier,English,Adult,Culture and Communities
https://booking.biblioottawalibrary.ca/en/event/october-kids-comic-club-ages-10-12,October Kids Comic Club (Ages 10-12),Sunday,18-Oct-26,18-Oct-26,14:00,Nepean Centrepointe,101 Centrepointe,West - Nepean,English,Child,Book Clubs
https://booking.biblioottawalibrary.ca/en/event/bgc-ottawa-presents-first-impressions-and-workplace,BGC Ottawa presents: First Impressions and the Workplace,Monday,19-Oct-26,19-Oct-26,12:00,North Gloucester,2036 Ogilvie,East - Vanier,English,Teen,Jobs and careers
https://booking.biblioottawalibrary.ca/en/event/osgoode-book-club-72,Osgoode Book Club,Monday,19-Oct-26,19-Oct-26,13:30,Osgoode,5630 Osgoode Main,South - Osgoode,English,Adult,Book Clubs
https://booking.biblioottawalibrary.ca/en/event/libby-and-cloudlibrary-e-book-clinic-0,Libby and CloudLibrary E-book Clinic,Monday,19-Oct-26,14-Dec-26,14:00,Greenboro,363 Lorry Greenberg,South - Alta Vista,English,"Adult, Adults 50-plus, Newcomers",Computers and technology
https://booking.biblioottawalibrary.ca/en/event/blackburn-hamlet-book-chat-15,Blackburn Hamlet Book Chat,Monday,19-Oct-26,21-Jun-27,14:00,Blackburn Hamlet,199 Glen Park,East - Orleans,English,"Adult, Adults 50-plus","Book Clubs, Social Connections"
https://booking.biblioottawalibrary.ca/en/event/elmvale-acres-book-club-4,Elmvale Acres Book Club,Monday,19-Oct-26,19-Jul-27,14:00,Elmvale Acres,1910 St-Laurent,South - Alta Vista,English,Adult,Book Clubs
https://booking.biblioottawalibrary.ca/en/event/stittsville-branch-afternoon-book-club,Stittsville Branch Afternoon Book Club,Monday,19-Oct-26,21-Dec-26,14:30,Stittsville,1637 Stittsville Main,West - Stittsville,English,"Adult, Adults 50-plus",Book Clubs
https://booking.biblioottawalibrary.ca/en/event/cookbook-book-club-0,Cookbook Book Club,Monday,19-Oct-26,21-Jun-27,14:30,Cumberland,1599 Tenth Line,East - Orleans,English,"Adult, Adults 50-plus","Book Clubs, Food Literacy and Cooking, Social Connections"
https://booking.biblioottawalibrary.ca/en/event/teen-volunteer-opportunity-create-shelf-talker-possibilit%C3%A9-de-b%C3%A9n%C3%A9volat-pour-ados-cr%C3%A9er-un,Teen Volunteer Opportunity - create a shelf talker,Monday,19-Oct-26,19-Oct-26,17:00,Ruth E. Dickinson,100 Malvern,West - Barrhaven,Bilingual,Teen,"Arts and Crafts, Book Talks, Hobbies and Interests"
https://booking.biblioottawalibrary.ca/en/event/monday-night-movies-lundi-cin%C3%A9ma-1,Monday Night at the Movies,Monday,19-Oct-26,21-Dec-26,18:15,Sunnyside,1049 Bank,South - Alta Vista,English,Adult,Film and Movie Showing
https://booking.biblioottawalibrary.ca/en/event/cercle-litt%C3%A9raire-8,Cercle littéraire,Monday,19-Oct-26,21-Jun-27,18:30,Beaverbrook,2500 Campeau,West - Kanata,Français,Adult,Book Clubs
https://booking.biblioottawalibrary.ca/en/event/black-and-diasporic-book-club-1,Black and Diasporic Book Club,Monday,19-Oct-26,18-Jan-27,18:30,Nepean Centrepointe,101 Centrepointe,West - Nepean,English,"Adult, Adults 50-plus",Book Clubs
https://booking.biblioottawalibrary.ca/en/event/passport-underworld-ages-10-12,Passport to the Underworld (Ages 10-12),Tuesday,20-Oct-26,20-Oct-26,6:00,Nepean Centrepointe,101 Centrepointe,West - Nepean,English,Child,Kids
https://booking.biblioottawalibrary.ca/en/event/north-gloucester-book-club-3,North Gloucester Book Club,Tuesday,20-Oct-26,15-Dec-26,11:00,North Gloucester,2036 Ogilvie,East - Vanier,English,"Adult, Adults 50-plus",Book Clubs
https://booking.biblioottawalibrary.ca/en/event/adult-crafternoon-mini-yarn-pumpkin-0,Adult Crafternoon: Mini Yarn Pumpkin,Tuesday,20-Oct-26,20-Oct-26,13:30,North Gower,6579 Fourth Line,West - North Gover,English,"Adult, Adults 50-plus",Arts and Crafts
https://booking.biblioottawalibrary.ca/en/event/mindful-art-zentangle-afternoon-session-0,Mindful Art of Zentangle (Afternoon Session),Tuesday,20-Oct-26,20-Oct-26,14:00,Hazeldean,50 Castlefrank,West - Kanata,English,"Adult, Adults 50-plus",Arts and Crafts
https://booking.biblioottawalibrary.ca/en/event/secret-chapter-mystery-book-club,The Secret Chapter Mystery Book Club,Tuesday,20-Oct-26,17-Nov-26,14:30,Cumberland,1599 Tenth Line,East - Orleans,English,"Adult, Adults 50-plus",Book Clubs
https://booking.biblioottawalibrary.ca/en/event/board-games-brain-teasers-jeux-de-soci%C3%A9t%C3%A9-et-casse-t%C3%AAtes,Board Games & Brain Teasers,Tuesday,20-Oct-26,15-Dec-26,17:30,Centennial,3870 Old Richmond,West - Nepean,Bilingual,"Adult, Adults 50-plus, Family",Games and Gaming
https://booking.biblioottawalibrary.ca/en/event/themed-movie-tuesdays-slashback,Themed Movie Tuesdays: Slash,Tuesday,20-Oct-26,20-Oct-26,18:00,Main,120 Metcalfe,Central,English,Adult,Film and Movie Showing
https://booking.biblioottawalibrary.ca/en/event/sewing-basics-2,Sewing Basics,Tuesday,20-Oct-26,27-Oct-26,18:00,Orléans,1705 Orléans,East - Orleans,English,Adult,Hobbies and Interests
https://booking.biblioottawalibrary.ca/en/event/mindful-art-zentangle-evening-session-0,Mindful Art of Zentangle (Evening Session),Tuesday,20-Oct-26,20-Oct-26,18:00,Hazeldean,50 Castlefrank,West - Kanata,English,"Adult, Adults 50-plus",Arts and Crafts
https://booking.biblioottawalibrary.ca/en/event/write-us-8,Write with Us!,Tuesday,20-Oct-26,15-Dec-26,18:30,Manotick,5499 South River,West - Manotick,English,"Adult, Adults 50-plus",Writing and poetry
https://booking.biblioottawalibrary.ca/en/event/silent-book-club-teens-0,Silent Book Club for Teens,Tuesday,20-Oct-26,15-Jun-27,18:30,Rockcliffe Park,380 Springfield,East - Vanier,English,Teen,Book Clubs
https://booking.biblioottawalibrary.ca/en/event/craft-night-carp-ghost-landscape-paintings,Craft Night at Carp - Ghost Landscape Paintings,Tuesday,20-Oct-26,20-Oct-26,18:30,Carp,3911 Carp,West - Carp,English,"Adult, Adults 50-plus","Arts and Crafts, Hobbies and Interests"
https://booking.biblioottawalibrary.ca/en/event/infusions-litt%C3%A9raires-septembre-%C3%A0-d%C3%A9cembre-2026,Infusions Littéraires (septembre à décembre 2026),Wednesday,21-Oct-26,16-Dec-26,14:00,Alta Vista,2516 Alta Vista,South - Alta Vista,Français,Adult,Book Clubs
https://booking.biblioottawalibrary.ca/en/event/mandala-dot-painting-mandala-peinture-par-points-0,Mandala: Dot Painting | Mandala: peinture par points,Wednesday,21-Oct-26,25-Nov-26,14:00,Cumberland,1599 Tenth Line,East - Orleans,Bilingual,Adult,"Arts and Crafts, Hobbies and Interests"
https://booking.biblioottawalibrary.ca/en/event/wednesday-afternoon-tech-talks,Wednesday Afternoon Tech Talks,Wednesday,21-Oct-26,16-Dec-26,14:00,Nepean Centrepointe,101 Centrepointe,West - Nepean,English,"Adult, Adults 50-plus",Computers and technology
https://booking.biblioottawalibrary.ca/en/event/therapy-dogs-library,Therapy Dogs at the Library,Wednesday,21-Oct-26,16-Dec-26,15:00,Rideau,377 Rideau,Central,Bilingual,"Adult, Adults 50-plus, Teen",Health and wellness
https://booking.biblioottawalibrary.ca/en/event/quiet-place-trilogy,A Quiet Place Trilogy,Wednesday,21-Oct-26,22-Oct-26,18:00,Main,120 Metcalfe,Central,English,"Adult, Teen",Film and Movie Showing
https://booking.biblioottawalibrary.ca/en/event/intro-sewing-cryptid-plushie,Intro to Sewing: Cryptid Plushie,Wednesday,21-Oct-26,21-Oct-26,18:00,Nepean Centrepointe,101 Centrepointe,West - Nepean,English,Teen,"Arts and Crafts, Makerspace and Making"
https://booking.biblioottawalibrary.ca/en/event/roadmap-eldercare,The Roadmap to Eldercare,Wednesday,21-Oct-26,21-Oct-26,18:00,Constance Bay,262 Len Purcell,West - Constance Bay,English,Adults 50-plus,Health and wellness
https://booking.biblioottawalibrary.ca/en/event/storytelling-open-mic-3,Storytelling Open Mic,Wednesday,21-Oct-26,16-Dec-26,19:00,Sunnyside,1049 Bank,South - Alta Vista,English,Adult,Hobbies and Interests
https://booking.biblioottawalibrary.ca/en/event/bgc-ottawa-presents-first-impressions-workplace,BGC Ottawa presents: First Impressions in the Workplace,Thursday,22-Oct-26,22-Oct-26,12:00,North Gloucester,2036 Ogilvie,East - Vanier,English,Teen,Jobs and careers
https://booking.biblioottawalibrary.ca/en/event/origami-0,Origami,Thursday,22-Oct-26,22-Oct-26,14:30,Alta Vista,2516 Alta Vista,South - Alta Vista,Bilingual,Adult,Arts and Crafts
https://booking.biblioottawalibrary.ca/en/event/spooky-crafts-grown-ups,Spooky Crafts for Grown-ups,Thursday,22-Oct-26,22-Oct-26,15:00,Centennial,3870 Old Richmond,West - Nepean,English,"Adult, Adults 50-plus",Arts and Crafts
https://booking.biblioottawalibrary.ca/en/event/writing-fictionmemoir-shape-stories,Writing Fiction,Thursday,22-Oct-26,22-Oct-26,17:30,Rockcliffe Park,380 Springfield,East - Vanier,English,Adult,Writing and poetry
https://booking.biblioottawalibrary.ca/en/event/atelier-zine-workshop,Atelier Zine Workshop,Thursday,22-Oct-26,17-Dec-26,18:00,Rideau,377 Rideau,Central,Bilingual,"Adult, Teen","Arts and Crafts, Hobbies and Interests, Writing and poetry"
https://booking.biblioottawalibrary.ca/en/event/tween-steam-8,Tween S.T.E.A.M,Thursday,22-Oct-26,29-Oct-26,18:00,Greenboro,363 Lorry Greenberg,South - Alta Vista,English,Child,STEM
https://booking.biblioottawalibrary.ca/en/event/happily-ever-after-book-club-0,Happily Ever After Book Club,Thursday,22-Oct-26,26-Nov-26,18:30,Nepean Centrepointe,101 Centrepointe,West - Nepean,English,"Adult, Adults 50-plus","Book Clubs, Hobbies and Interests"
https://booking.biblioottawalibrary.ca/en/event/get-crafty-brico-en-f%C3%AAte-33,Get Crafty!,Friday,23-Oct-26,18-Dec-26,15:30,Vanier,310 Pères Blancs,East - Vanier,Bilingual,"Child, Family","Arts and Crafts, Hobbies and Interests"
https://booking.biblioottawalibrary.ca/en/event/colouring-corner-coin-de-coloriage-1,Colouring Corner,Friday,23-Oct-26,18-Dec-26,16:00,Greenboro,363 Lorry Greenberg,South - Alta Vista,Bilingual,Teen,Arts and Crafts
https://booking.biblioottawalibrary.ca/en/event/teen-manga-club,Teen Manga Club,Friday,23-Oct-26,4-Dec-26,16:30,Main,120 Metcalfe,Central,English,Teen,"Arts and Crafts, Book Clubs"
https://booking.biblioottawalibrary.ca/en/event/volunteer-fair,Volunteer Fair,Saturday,24-Oct-26,24-Oct-26,10:30,Ruth E. Dickinson,100 Malvern,West - Barrhaven,English,"Adult, Adults 50-plus, Teen","Hobbies and Interests, Jobs and careers, Social Connections"
https://booking.biblioottawalibrary.ca/en/event/calligraphy-workshop-3,Calligraphy Workshop,Saturday,24-Oct-26,24-Oct-26,13:00,Sunnyside,1049 Bank,South - Alta Vista,English,Adult,Arts and Crafts
https://booking.biblioottawalibrary.ca/en/event/capital-region-writers-kick-party,Capital Region Writers: Kick-Off Party,Saturday,24-Oct-26,24-Oct-26,14:00,Main,120 Metcalfe,Central,Bilingual,Adult,Writing and poetry
https://booking.biblioottawalibrary.ca/en/event/little-roots-creative-writing-kids,Little Roots: Creative Writing for Kids,Saturday,24-Oct-26,24-Oct-26,14:00,Blackburn Hamlet,199 Glen Park,East - Orleans,English,"Child, Family","Hobbies and Interests, Kids, Writing and poetry"
https://booking.biblioottawalibrary.ca/en/event/make-n%E2%80%99-take-spooky-slime-ages-8-12,Make n’ Take: Spooky Slime (ages 8-12),Saturday,24-Oct-26,24-Oct-26,14:00,Greenboro,363 Lorry Greenberg,South - Alta Vista,English,Child,Hobbies and Interests
https://booking.biblioottawalibrary.ca/en/event/halloween-pumpkin-painting,Halloween Pumpkin Painting,Saturday,24-Oct-26,24-Oct-26,14:00,Rideau,377 Rideau,Central,Bilingual,"Adult, Family, Teen","Arts and Crafts, Home and garden"
https://booking.biblioottawalibrary.ca/en/event/curiosity-starts-here-building-stories-lego%C2%AE-tout-commence-par-la-curiosit%C3%A9-lart-de-raconter,Curiosity Starts Here: Building Stories in LEGO®,Saturday,24-Oct-26,24-Oct-26,14:00,Stittsville,1637 Stittsville Main,West - Stittsville,English,"Adult, Family, Teen",STEM
https://booking.biblioottawalibrary.ca/en/event/dungeons-dragons-10-13,Dungeons & Dragons (10-13),Saturday,24-Oct-26,24-Oct-26,14:00,Centennial,3870 Old Richmond,West - Nepean,English,"Child, Teen","Games and Gaming, Kids"
https://booking.biblioottawalibrary.ca/en/event/reverse-colouring-halloween,Reverse Colouring - Halloween,Saturday,24-Oct-26,24-Oct-26,14:00,Hazeldean,50 Castlefrank,West - Kanata,English,"Adult, Adults 50-plus",Arts and Crafts
https://booking.biblioottawalibrary.ca/en/event/craft-night-carp-ghost-landscape-paintings-1,Craft Night at Carp - Ghost Landscape Paintings,Saturday,24-Oct-26,24-Oct-26,14:30,Carp,3911 Carp,West - Carp,English,"Adult, Adults 50-plus","Arts and Crafts, Hobbies and Interests"
https://booking.biblioottawalibrary.ca/en/event/halloween-party-cest-lhalloween-2,Halloween Party!,Saturday,24-Oct-26,24-Oct-26,15:00,Cumberland,1599 Tenth Line,East - Orleans,Bilingual,"Child, Family, Preschool","Arts and Crafts, Storytime"
https://booking.biblioottawalibrary.ca/en/event/card-making-club-19,Card-Making Club,Sunday,25-Oct-26,25-Oct-26,14:30,Stittsville,1637 Stittsville Main,West - Stittsville,English,"Adult, Adults 50-plus","Arts and Crafts, Hobbies and Interests"
https://booking.biblioottawalibrary.ca/en/event/lego-block-party-lego-en-f%C3%AAte-10,LEGO Block Party | LEGO en fête,Monday,26-Oct-26,26-Oct-26,10:00,Ruth E. Dickinson,100 Malvern,West - Barrhaven,Bilingual,"Child, Family","Kids, STEM"
https://booking.biblioottawalibrary.ca/en/event/a%C3%AEn%C3%A9s-cybers%C3%A9curis%C3%A9s,Aînés cybersécurisés,Monday,26-Oct-26,26-Oct-26,10:30,Main,120 Metcalfe,Central,Français,"Adult, Adults 50-plus",Computers and technology
https://booking.biblioottawalibrary.ca/en/event/pd-day-stay-and-play-venez-jouer-le-jour-de-cong%C3%A9,PD Day Stay and Play,Monday,26-Oct-26,26-Oct-26,10:30,Rideau,377 Rideau,Central,Bilingual,"Child, Family, Preschool",Kids
https://booking.biblioottawalibrary.ca/en/event/bgc-ottawa-presents-job-search-and-online-applications,BGC Ottawa presents: Job Search and Online Applications,Monday,26-Oct-26,26-Oct-26,12:00,North Gloucester,2036 Ogilvie,East - Vanier,English,Teen,Jobs and careers
https://booking.biblioottawalibrary.ca/en/event/journ%C3%A9e-p%C3%A9dagogique-films-pour-la-famille-le-cha%C3%AEnon-manquant,Journée pédagogique: Films pour la famille - Le chaînon manquant,Monday,26-Oct-26,26-Oct-26,14:00,Emerald Plaza,1547 Merivale,West - Nepean,Français,"Child, Family, Preschool","Film and Movie Showing, Kids"
https://booking.biblioottawalibrary.ca/en/event/pd-day-lego-lego-pour-la-journ%C3%A9e-p%C3%A9dagogique,PD day LEGO! LEGO pour la journée pédagogique!,Monday,26-Oct-26,27-Nov-26,14:00,Rosemount,18 Rosemount,West - Nepean,Bilingual,"Child, Family","Games and Gaming, Hobbies and Interests, Kids, STEM"
https://booking.biblioottawalibrary.ca/en/event/english-conversation-group-groupe-de-conversation-en-anglais-46,English Conversation Group | Groupe de conversation en anglais,Monday,26-Oct-26,28-Dec-26,17:30,Elmvale Acres,1910 St-Laurent,South - Alta Vista,English,Adult,Language learning
https://booking.biblioottawalibrary.ca/en/event/themed-movie-tuesdays-place-ghosts,Themed Movie Tuesdays: At the Place of Ghosts,Tuesday,27-Oct-26,27-Oct-26,18:00,Main,120 Metcalfe,Central,English,Adult,Film and Movie Showing
https://booking.biblioottawalibrary.ca/en/event/haunted-family-storytime,Haunted Family Storytime,Wednesday,28-Oct-26,28-Oct-26,10:30,Carp,3911 Carp,West - Carp,English,"Child, Family",Family storytime
https://booking.biblioottawalibrary.ca/en/event/memory-caf%C3%A9-12,Memory Café,Wednesday,28-Oct-26,25-Nov-26,13:30,Alta Vista,2516 Alta Vista,South - Alta Vista,English,Adult,Health and wellness
https://booking.biblioottawalibrary.ca/en/event/wednesday-afternoon-cards,Wednesday Afternoon Cards,Wednesday,28-Oct-26,23-Dec-26,14:00,Nepean Centrepointe,101 Centrepointe,West - Nepean,English,"Adult, Adults 50-plus",Games and Gaming
https://booking.biblioottawalibrary.ca/en/event/teen-halloween-0,Teen Halloween,Wednesday,28-Oct-26,28-Oct-26,18:00,Nepean Centrepointe,101 Centrepointe,West - Nepean,English,Teen,Social Connections
https://booking.biblioottawalibrary.ca/en/event/crochetknitting-club,Crochet,Wednesday,28-Oct-26,30-Jun-27,18:00,Richmond,6240 Perth Street,West - Richmond,English,"Adult, Adults 50-plus, Teen",Arts and Crafts
https://booking.biblioottawalibrary.ca/en/event/collage-de-maison-hant%C3%A9e-haunted-house-collage,Collage de Maison Hantée,Wednesday,28-Oct-26,28-Oct-26,18:30,Main,120 Metcalfe,Central,Bilingual,"Adult, Teen",Hobbies and Interests
https://booking.biblioottawalibrary.ca/en/event/science-caf%C3%A9s-3,Science Cafés,Wednesday,28-Oct-26,10-Mar-27,18:30,Sunnyside,1049 Bank,South - Alta Vista,English,"Adult, Teen",Lectures and discussions
https://booking.biblioottawalibrary.ca/en/event/st-laurent-english-book-club-0,St-Laurent English Book Club,Thursday,29-Oct-26,24-Jun-27,10:00,St-Laurent,515 Côté,East - Vanier,English,Adult,Book Clubs
https://booking.biblioottawalibrary.ca/en/event/halloween-storytime-9,Halloween Storytime,Thursday,29-Oct-26,29-Oct-26,10:30,Centennial,3870 Old Richmond,West - Nepean,English,"Family, Preschool, Toddler","Hobbies and Interests, Kids, Storytime"
https://booking.biblioottawalibrary.ca/en/event/bgc-ottawa-presents-job-search-and-online-applications-0,BGC Ottawa presents: Job Search and Online Applications,Thursday,29-Oct-26,29-Oct-26,12:00,North Gloucester,2036 Ogilvie,East - Vanier,English,Teen,Jobs and careers
https://booking.biblioottawalibrary.ca/en/event/metcalfe-book-club-15,Metcalfe Book Club,Thursday,29-Oct-26,17-Dec-26,14:00,Metcalfe village,8243 Victoria St,South - Metcalfe,English,"Adult, Adults 50-plus","Book Clubs, Hobbies and Interests, Social Connections"
https://booking.biblioottawalibrary.ca/en/event/paranormal-investigation-stories-sipa,Paranormal Investigation: Stories from S.I.P.A.,Thursday,29-Oct-26,29-Oct-26,18:00,Rideau,377 Rideau,Central,English,Adult,"Hobbies and Interests, Lectures and discussions, Science and Discovery"
https://booking.biblioottawalibrary.ca/en/event/ecorangers-%C3%A9coaventuriers,EcoRangers | ÉcoAventuriers,Thursday,29-Oct-26,29-Oct-26,18:30,Ruth E. Dickinson,100 Malvern,West - Barrhaven,English,Child,"Kids, Science and Discovery, STEM"
https://booking.biblioottawalibrary.ca/en/event/dread-survive-night,Dread: Survive the Night,Thursday,29-Oct-26,29-Oct-26,18:30,Manotick,5499 South River,West - Manotick,English,Teen,"Games and Gaming, Hobbies and Interests"
https://booking.biblioottawalibrary.ca/en/event/cover-cover-english-book-club,Cover to Cover English Book Club,Thursday,29-Oct-26,26-Nov-26,19:00,Cumberland,1599 Tenth Line,East - Orleans,English,"Adult, Adults 50-plus",Book Clubs
https://booking.biblioottawalibrary.ca/en/event/teen-greenscreen-photo-shoot-session-de-photographie-fond-vert-pour-ados,Teen GreenScreen Photo Shoot,Friday,30-Oct-26,30-Oct-26,3:35,Cumberland,1599 Tenth Line,East - Orleans,Bilingual,Teen,"Culture and Communities, Hobbies and Interests"
https://booking.biblioottawalibrary.ca/en/event/halloween-costume-parade-trick-or-treating-d%C3%A9fil%C3%A9-de-costumes-dhalloween-b%C3%AAtises-ou-friandises,Halloween Costume Parade & Trick-or-Treating | Défilé de costumes d'Halloween & bêtises ou friandises,Friday,30-Oct-26,31-Oct-26,10:00,Ruth E. Dickinson,100 Malvern,West - Barrhaven,Bilingual,"Baby, Child, Family",Kids
https://booking.biblioottawalibrary.ca/en/event/collage-creations-torn-paper-art,Collage Creations - Torn Paper Art,Friday,30-Oct-26,30-Oct-26,14:00,Hazeldean,50 Castlefrank,West - Kanata,English,"Adult, Adults 50-plus",Arts and Crafts
https://booking.biblioottawalibrary.ca/en/event/adult-crafternoon-mini-yarn-pumpkin,Adult Crafternoon: Mini Yarn Pumpkin,Friday,30-Oct-26,30-Oct-26,14:00,Manotick,5499 South River,West - Manotick,English,Adult,Arts and Crafts
https://booking.biblioottawalibrary.ca/en/event/teen-halloween-party-f%C3%AAte-dhalloween-pour-ados,Teen Halloween Party | Fête d'Halloween pour ados,Friday,30-Oct-26,30-Oct-26,16:00,Main,120 Metcalfe,Central,Bilingual,Teen,"Hobbies and Interests, Social Connections"
https://booking.biblioottawalibrary.ca/en/event/halloween-storytime-8,Halloween Storytime,Saturday,31-Oct-26,31-Oct-26,10:15,Sunnyside,1049 Bank,South - Alta Vista,English,"Child, Family, Toddler",Kids
https://booking.biblioottawalibrary.ca/en/event/haunted-saturday-family-storytime,Haunted Saturday Family Storytime,Saturday,31-Oct-26,31-Oct-26,10:30,Carp,3911 Carp,West - Carp,English,"Child, Family",Family storytime
https://booking.biblioottawalibrary.ca/en/event/halloween-craft,Halloween Craft,Saturday,31-Oct-26,31-Oct-26,10:30,Richmond,6240 Perth Street,West - Richmond,English,"Child, Family",Arts and Crafts
https://booking.biblioottawalibrary.ca/en/event/spooktacular-bilingual-family-storytime-not-scary-conte-en-famille-bilingue-fantastifrayante,Spooktacular Bilingual Family Storytime (not scary) | Conte en famille bilingue fantastifrayante (mais pas épeurante),Saturday,31-Oct-26,31-Oct-26,10:30,Ruth E. Dickinson,100 Malvern,West - Barrhaven,Bilingual,Family,Family storytime
https://booking.biblioottawalibrary.ca/en/event/spooky-storytime-2,Spooky Storytime,Saturday,31-Oct-26,31-Oct-26,10:30,Greenboro,363 Lorry Greenberg,South - Alta Vista,English,Family,Family storytime
https://booking.biblioottawalibrary.ca/en/event/halloween-family-storytime-0,Halloween Family Storytime,Saturday,31-Oct-26,31-Oct-26,10:30,Beaverbrook,2500 Campeau,West - Kanata,English,Family,Family storytime
https://booking.biblioottawalibrary.ca/en/event/halloween-double-feature-demons-and-suspiria,Hallowe'en Double Feature: Demons and Suspiria,Saturday,31-Oct-26,31-Oct-26,13:00,Main,120 Metcalfe,Central,English,Adult,Film and Movie Showing
https://booking.biblioottawalibrary.ca/en/event/makerspace-haunted-house-challenge-fablab-d%C3%A9fi-de-la-maison-hant%C3%A9e,Makerspace: Haunted House Challenge | Fablab : Défi de la maison hantée,Saturday,31-Oct-26,31-Oct-26,14:00,Ruth E. Dickinson,100 Malvern,West - Barrhaven,Bilingual,Child,"Arts and Crafts, Kids, Makerspace and Making, Science and Discovery, STEM"
https://booking.biblioottawalibrary.ca/en/event/halloween-film-screening-hellboy-2004,Halloween Film Screening: Hellboy (2004),Saturday,31-Oct-26,31-Oct-26,14:00,Greenboro,363 Lorry Greenberg,South - Alta Vista,English,Teen,Film and Movie Showing
https://booking.biblioottawalibrary.ca/en/event/zombie-barbies-returns-2,Zombie Barbies Returns,Saturday,31-Oct-26,31-Oct-26,14:00,Emerald Plaza,1547 Merivale,West - Nepean,English,"Child, Teen",Arts and Crafts
https://booking.biblioottawalibrary.ca/en/event/boo-tastic-halloween-halloween,Boo-tastic Halloween on Halloween!,Saturday,31-Oct-26,31-Oct-26,14:00,Manotick,5499 South River,West - Manotick,English,Family,"Hobbies and Interests, Kids, Storytime"
https://booking.biblioottawalibrary.ca/en/event/babytime-followed-play-and-stay-0,Babytime followed by a Play and Stay,Tuesday,3-Nov-26,8-Dec-26,10:30,Emerald Plaza,1547 Merivale,West - Nepean,English,Baby,Babytime
https://booking.biblioottawalibrary.ca/en/event/reading-buddies-415pm-session-6,Reading Buddies: 4:15pm Session,Tuesday,3-Nov-26,8-Dec-26,16:15,Nepean Centrepointe,101 Centrepointe,West - Nepean,English,Child,Homework and Reading Support
https://booking.biblioottawalibrary.ca/en/event/reading-buddies-515pm-session-6,Reading Buddies: 5:15pm Session,Tuesday,3-Nov-26,8-Dec-26,17:15,Nepean Centrepointe,101 Centrepointe,West - Nepean,English,Child,Homework and Reading Support
https://booking.biblioottawalibrary.ca/en/event/themed-movie-tuesdays-carandiru,Themed Movie Tuesdays: Carandiru,Tuesday,3-Nov-26,3-Nov-26,18:00,Main,120 Metcalfe,Central,English,Adult,Film and Movie Showing
https://booking.biblioottawalibrary.ca/en/event/english-conversation-group-groupe-de-conversation-en-anglais-47,English Conversation Group,Tuesday,3-Nov-26,29-Jun-27,18:15,Carlingwood,281 Woodroffe,West - Nepean,English,"Adult, Adults 50-plus",Language learning
https://booking.biblioottawalibrary.ca/en/event/french-conversation-group-groupe-de-conversation-en-fran%C3%A7ais-5,French Conversation Group,Tuesday,3-Nov-26,29-Jun-27,19:15,Carlingwood,281 Woodroffe,West - Nepean,Français,"Adult, Adults 50-plus, Newcomers",Language learning
https://booking.biblioottawalibrary.ca/en/event/family-storytime-followed-stay-and-play-4,Family Storytime followed by a Stay and Play,Wednesday,4-Nov-26,9-Dec-26,10:30,Emerald Plaza,1547 Merivale,West - Nepean,English,"Family, Preschool, Toddler","Family storytime, Storytime"
https://booking.biblioottawalibrary.ca/en/event/prolongez-votre-saison-de-v%C3%A9lo-cet-hiver,Prolongez votre saison de vélo cet hiver,Wednesday,4-Nov-26,4-Nov-26,12:00,Main,120 Metcalfe,Central,Français,Adult,Health and wellness
https://booking.biblioottawalibrary.ca/en/event/reading-group-1,Reading Group #1,Wednesday,4-Nov-26,2-Jun-27,14:00,Carlingwood,281 Woodroffe,West - Nepean,English,"Adult, Adults 50-plus",Book Clubs
https://booking.biblioottawalibrary.ca/en/event/%D8%B9%D8%B2%D9%91%D8%B2-%D9%85%D8%B9%D8%B1%D9%81%D8%AA%D9%83-%D9%83%D9%8A%D9%81-%D8%AA%D9%88%D9%81%D9%91%D8%B1-%D8%A7%D9%84%D8%B7%D8%A7%D9%82%D8%A9-%D9%81%D9%8A-%D9%85%D9%86%D8%B2%D9%84%D9%83%D8%9F-power-your-knowledge-how-save-energy-home,عزّز معرفتك! كيف توفّر الطاقة في منزلك؟,Wednesday,4-Nov-26,4-Nov-26,14:30,Centennial,3870 Old Richmond,West - Nepean,English,"Adult, Adults 50-plus",Lectures and discussions
https://booking.biblioottawalibrary.ca/en/event/extend-your-cycling-season-winter,Extend your cycling season this Winter,Thursday,5-Nov-26,5-Nov-26,12:00,Main,120 Metcalfe,Central,Bilingual,Adult,Health and wellness
https://booking.biblioottawalibrary.ca/en/event/junior-stem-club-ages-7-9,Junior STEM Club (ages 7-9),Thursday,5-Nov-26,12-Nov-26,16:00,Greenboro,363 Lorry Greenberg,South - Alta Vista,English,Child,STEM
https://booking.biblioottawalibrary.ca/en/event/capital-region-writers-group-write-2,Capital Region Writer's Group Write-In,Thursday,5-Nov-26,26-Nov-26,18:00,Ruth E. Dickinson,100 Malvern,West - Barrhaven,English,"Adult, Adults 50-plus",Writing and poetry
https://booking.biblioottawalibrary.ca/en/event/extend-your-cycling-season-1,Extend Your Cycling Season,Thursday,5-Nov-26,5-Nov-26,18:00,Rosemount,18 Rosemount,West - Nepean,English,"Adult, Adults 50-plus","Culture and Communities, Health and wellness, Hobbies and Interests, Lectures and discussions"
https://booking.biblioottawalibrary.ca/en/event/teen-film-screening-craft,Teen Film Screening: The Craft,Thursday,5-Nov-26,5-Nov-26,18:30,Carlingwood,281 Woodroffe,West - Nepean,English,Teen,"Film and Movie Showing, Hobbies and Interests, Social Connections"
https://booking.biblioottawalibrary.ca/en/event/allumez-vos-neurones-comment-consommer-moins-d%E2%80%99%C3%A9nergie-%C3%A0-la-maison-power-your-knowledge-how,Allumez vos neurones! Comment consommer moins d’énergie à la maison,Thursday,5-Nov-26,5-Nov-26,18:30,Centennial,3870 Old Richmond,West - Nepean,Français,"Adult, Adults 50-plus",Lectures and discussions
https://booking.biblioottawalibrary.ca/en/event/diy-sewing-fold-over-zippered-clutch%E2%80%8B,DIY Sewing: Fold-over Zippered Clutch​,Friday,6-Nov-26,6-Nov-26,14:00,Orléans,1705 Orléans,East - Orleans,English,Adult,Hobbies and Interests
https://booking.biblioottawalibrary.ca/en/event/stay-and-playjouons-%C3%A0-la-biblio%E2%80%8B,Stay and Play,Saturday,7-Nov-26,12-Dec-26,10:00,Rosemount,18 Rosemount,West - Nepean,Bilingual,Family,"Kids, Social Connections"
https://booking.biblioottawalibrary.ca/en/event/sensory-storytime-contes-sensoriels-9,Sensory Storytime,Saturday,7-Nov-26,24-Apr-27,10:30,Blackburn Hamlet,199 Glen Park,East - Orleans,Bilingual,"Preschool, Toddler","Kids, Social Connections, Storytime"
https://booking.biblioottawalibrary.ca/en/event/foodwise-creations-leftover-makeovers-community-sharing,FoodWise Creations: Leftover Makeovers & Community Sharing,Saturday,7-Nov-26,7-Nov-26,10:30,Greenboro,363 Lorry Greenberg,South - Alta Vista,English,"Adult, Adults 50-plus, Newcomers",Food Literacy and Cooking
https://booking.biblioottawalibrary.ca/en/event/saturday-family-storytime-followed-stay-and-play,Saturday Family Storytime followed by a Stay and Play,Saturday,7-Nov-26,12-Dec-26,11:00,Emerald Plaza,1547 Merivale,West - Nepean,English,"Family, Preschool, Toddler","Family storytime, Storytime"
https://booking.biblioottawalibrary.ca/en/event/write-root,Write to the Root,Saturday,7-Nov-26,21-Nov-26,13:30,St-Laurent,515 Côté,East - Vanier,English,"Adult, Adults 50-plus","Health and wellness, Writing and poetry"
https://booking.biblioottawalibrary.ca/en/event/planner-and-journal-meet-1,Planner and Journal Meet-Up,Saturday,7-Nov-26,5-Dec-26,14:00,Stittsville,1637 Stittsville Main,West - Stittsville,English,Adult,"Arts and Crafts, Hobbies and Interests, Social Connections"
https://booking.biblioottawalibrary.ca/en/event/lecture-series-jane-austen-popular-culture,Lecture Series -  Jane Austen in Popular Culture,Saturday,7-Nov-26,7-Nov-26,14:00,Ruth E. Dickinson,100 Malvern,West - Barrhaven,English,"Adult, Adults 50-plus, Teen","Book Talks, Lectures and discussions"
https://booking.biblioottawalibrary.ca/en/event/origami-kids-origami-pour-enfants,Origami for Kids!,Saturday,7-Nov-26,7-Nov-26,14:00,Centennial,3870 Old Richmond,West - Nepean,Bilingual,Child,"Arts and Crafts, Kids"
https://booking.biblioottawalibrary.ca/en/event/dungeons-and-dragons-adults-beginner-7,Dungeons and Dragons for Adults - Beginner,Saturday,7-Nov-26,7-Nov-26,14:30,Carp,3911 Carp,West - Carp,English,"Adult, Adults 50-plus",Games and Gaming
https://booking.biblioottawalibrary.ca/en/event/extend-your-cycling-season-0,Extend Your Cycling Season,Saturday,7-Nov-26,7-Nov-26,15:00,Sunnyside,1049 Bank,South - Alta Vista,English,"Adult, Teen",Hobbies and Interests
https://booking.biblioottawalibrary.ca/en/event/s%C3%A9curit%C3%A9-de-l%E2%80%99ia-utiliser-l%E2%80%99ia-de-fa%C3%A7on-responsable-francais,Sécurité de l’IA : utiliser l’IA de façon responsable (Francais),Monday,9-Nov-26,9-Nov-26,14:30,Blackburn Hamlet,199 Glen Park,East - Orleans,Français,Adult,Computers and technology
https://booking.biblioottawalibrary.ca/en/event/creative-writing-teens-2026-2027-session,Creative Writing for Teens (2026-2027 Session),Monday,9-Nov-26,14-Jun-27,18:30,Stittsville,1637 Stittsville Main,West - Stittsville,English,Teen,Writing and poetry
https://booking.biblioottawalibrary.ca/en/event/themed-movie-tuesdays-prophet-0,Themed Movie Tuesdays: A Prophet,Tuesday,10-Nov-26,10-Nov-26,18:00,Main,120 Metcalfe,Central,English,Adult,Film and Movie Showing
https://booking.biblioottawalibrary.ca/en/event/ottawa-police-service-pop-fraud-prevention-kiosque-pop-service-de-police-dottawa-vols-par,Ottawa Police Service Pop-Up - Fraud Prevention,Thursday,12-Nov-26,12-Nov-26,10:30,Ruth E. Dickinson,100 Malvern,West - Barrhaven,Bilingual,"Adult, Adults 50-plus",Culture and Communities
https://booking.biblioottawalibrary.ca/en/event/mindful-painting-1,Mindful Painting,Thursday,12-Nov-26,12-Nov-26,14:00,Orléans,1705 Orléans,East - Orleans,English,Adult,Arts and Crafts
https://booking.biblioottawalibrary.ca/en/event/wild-bird-care-center-presentation-bird-identification,Wild Bird Care Center Presentation -  Bird Identification,Thursday,12-Nov-26,12-Nov-26,18:30,Rockcliffe Park,380 Springfield,East - Vanier,English,Adult,Science and Discovery
https://booking.biblioottawalibrary.ca/en/event/pyjama-evening-storytime-1,Pyjama Evening Storytime,Thursday,12-Nov-26,12-Nov-26,18:30,Manotick,5499 South River,West - Manotick,English,"Family, Preschool, Toddler",Storytime
https://booking.biblioottawalibrary.ca/en/event/calm-creative-cozy-critters,Calm & Creative - Cozy Critters,Friday,13-Nov-26,13-Nov-26,14:30,Beaverbrook,2500 Campeau,West - Kanata,English,Adult,Arts and Crafts
https://booking.biblioottawalibrary.ca/en/event/digital-organizing,Digital Organizing,Saturday,14-Nov-26,14-Nov-26,14:00,North Gloucester,2036 Ogilvie,East - Vanier,English,Adult,Lectures and discussions
https://booking.biblioottawalibrary.ca/en/event/mindfulness-storytime,Mindfulness Storytime,Saturday,14-Nov-26,14-Nov-26,14:00,Centennial,3870 Old Richmond,West - Nepean,English,Child,"Health and wellness, Kids, Storytime"
https://booking.biblioottawalibrary.ca/en/event/holiday-pop-card-workshop,Holiday pop-up card workshop,Saturday,14-Nov-26,14-Nov-26,14:00,Manotick,5499 South River,West - Manotick,English,"Child, Teen",Arts and Crafts
https://booking.biblioottawalibrary.ca/en/event/teen-volunteer-opportunity-create-bookmarks-your-library-possibilit%C3%A9-de-b%C3%A9n%C3%A9volat-pour-ados-0,Teen Volunteer Opportunity - create bookmarks for your library,Saturday,14-Nov-26,14-Nov-26,15:00,Ruth E. Dickinson,100 Malvern,West - Barrhaven,Français,Teen,"Arts and Crafts, Hobbies and Interests"
https://booking.biblioottawalibrary.ca/en/event/november-kids-comic-club-ages-10-12,November Kids Comic Club (Ages 10-12),Sunday,15-Nov-26,15-Nov-26,14:00,Nepean Centrepointe,101 Centrepointe,West - Nepean,English,Child,Book Clubs
https://booking.biblioottawalibrary.ca/en/event/dog-man-afternoon,Dog Man Afternoon,Sunday,15-Nov-26,15-Nov-26,14:30,Beaverbrook,2500 Campeau,West - Kanata,English,Child,Hobbies and Interests
https://booking.biblioottawalibrary.ca/en/event/hibernation-hideaway-refuge-hivernal,Hibernation Hideaway,Sunday,15-Nov-26,15-Nov-26,15:00,Cumberland,1599 Tenth Line,East - Orleans,Bilingual,Child,"Kids, Storytime"
https://booking.biblioottawalibrary.ca/en/event/folk%E2%80%99-song-circle,'Folk’ Song Circle,Monday,16-Nov-26,21-Jun-27,13:30,Carlingwood,281 Woodroffe,West - Nepean,English,"Adult, Adults 50-plus",Music and Dance
https://booking.biblioottawalibrary.ca/en/event/themed-movie-tuesdays-brute-force,Themed Movie Tuesdays: Brute Force,Tuesday,17-Nov-26,17-Nov-26,18:00,Main,120 Metcalfe,Central,English,Adult,Film and Movie Showing
https://booking.biblioottawalibrary.ca/en/event/sewing-basics-3,Sewing Basics,Tuesday,17-Nov-26,24-Nov-26,18:00,Orléans,1705 Orléans,East - Orleans,English,Adult,Hobbies and Interests
https://booking.biblioottawalibrary.ca/en/event/craft-night-carp-discarded-book-trees,Craft Night at Carp - Discarded Book Trees,Tuesday,17-Nov-26,17-Nov-26,18:30,Carp,3911 Carp,West - Carp,English,"Adult, Adults 50-plus","Arts and Crafts, Hobbies and Interests"
https://booking.biblioottawalibrary.ca/en/event/meditative-journalling-journalisation-m%C3%A9ditative-1,Meditative Journalling,Wednesday,18-Nov-26,9-Dec-26,10:00,Cumberland,1599 Tenth Line,East - Orleans,Bilingual,"Adult, Adults 50-plus","Health and wellness, Writing and poetry"
https://booking.biblioottawalibrary.ca/en/event/preschool-show-tell-session-2-montre-et-raconte-pr%C3%A9scolaire-session-2,Preschool Show & Tell (Session 2) | Montre et raconte préscolaire (Session 2),Wednesday,18-Nov-26,9-Dec-26,14:00,Ruth E. Dickinson,100 Malvern,West - Barrhaven,English,Preschool,Kids
https://booking.biblioottawalibrary.ca/en/event/adult-crafternoon-brin-d%E2%80%99brico-pour-adultes-3,Adult Crafternoon,Wednesday,18-Nov-26,18-Nov-26,14:00,Cumberland,1599 Tenth Line,East - Orleans,Bilingual,Adult,"Arts and Crafts, Hobbies and Interests"
https://booking.biblioottawalibrary.ca/en/event/peinture-en-pleine-conscience-1,Peinture en pleine conscience,Thursday,19-Nov-26,19-Nov-26,14:00,Orléans,1705 Orléans,East - Orleans,Français,Adult,Arts and Crafts
https://booking.biblioottawalibrary.ca/en/event/quilling-0,Quilling,Thursday,19-Nov-26,19-Nov-26,14:30,Alta Vista,2516 Alta Vista,South - Alta Vista,Bilingual,Adult,Arts and Crafts
https://booking.biblioottawalibrary.ca/en/event/throwback-thursday-hand-sewing,Throwback Thursday: hand sewing,Thursday,19-Nov-26,19-Nov-26,18:30,Manotick,5499 South River,West - Manotick,English,"Child, Teen","Arts and Crafts, Hobbies and Interests"
https://booking.biblioottawalibrary.ca/en/event/barrhaven-builder%E2%80%99s-club-club-des-constructeurs-de-barrhaven,Barrhaven Builder’s Club | Club des constructeurs de Barrhaven,Friday,20-Nov-26,23-Nov-26,10:00,Ruth E. Dickinson,100 Malvern,West - Barrhaven,Bilingual,"Child, Family","Kids, Science and Discovery, STEM"
https://booking.biblioottawalibrary.ca/en/event/stem-family-drop-4,STEM Family Drop-In (4+),Friday,20-Nov-26,20-Nov-26,10:30,Beaverbrook,2500 Campeau,West - Kanata,English,"Child, Family",STEM
https://booking.biblioottawalibrary.ca/en/event/seasonal-craft-making,Seasonal Craft Making,Friday,20-Nov-26,20-Nov-26,14:00,Richmond,6240 Perth Street,West - Richmond,English,Child,"Arts and Crafts, Kids"
https://booking.biblioottawalibrary.ca/en/event/m%C3%A9tis-week-film-screening-inkwo-when-starving-return,Métis Week Film Screening: Inkwo for When the Starving Return,Friday,20-Nov-26,20-Nov-26,14:00,Greenboro,363 Lorry Greenberg,South - Alta Vista,English,"Adult, Teen",Film and Movie Showing
https://booking.biblioottawalibrary.ca/en/event/dinovember-craft-saurus-dinovembre-bricolosaure,Dinovember Craft-a-saurus | Dinovembre bricolosaure,Friday,20-Nov-26,27-Nov-26,14:00,Ruth E. Dickinson,100 Malvern,West - Barrhaven,Bilingual,"Child, Family","Arts and Crafts, Kids, Science and Discovery"
https://booking.biblioottawalibrary.ca/en/event/raising-readers-1,Raising Readers,Saturday,21-Nov-26,21-Nov-26,10:30,Ruth E. Dickinson,100 Malvern,West - Barrhaven,English,"Adult, Adults 50-plus, Newcomers",Lectures and discussions
https://booking.biblioottawalibrary.ca/en/event/ukuleles-ross-morgan-1,Ukuleles with Ross Morgan,Saturday,21-Nov-26,21-Nov-26,11:00,Greenboro,363 Lorry Greenberg,South - Alta Vista,English,Child,Music and Dance
https://booking.biblioottawalibrary.ca/en/event/comment-motiver-votre-enfant-%C3%A0-lire-0,Comment motiver votre enfant à lire,Saturday,21-Nov-26,21-Nov-26,11:30,Ruth E. Dickinson,100 Malvern,West - Barrhaven,Français,"Adult, Adults 50-plus, Newcomers",Lectures and discussions
https://booking.biblioottawalibrary.ca/en/event/crafty-quillers-freeform-snowflakes,Crafty Quillers - Freeform Snowflakes,Saturday,21-Nov-26,21-Nov-26,14:00,Centennial,3870 Old Richmond,West - Nepean,English,Adult,Arts and Crafts
https://booking.biblioottawalibrary.ca/en/event/make-n%E2%80%99-take-printmaking-ages-6-9,Make n’ Take: Printmaking (ages 6-9),Saturday,21-Nov-26,21-Nov-26,14:00,Greenboro,363 Lorry Greenberg,South - Alta Vista,English,Child,Arts and Crafts
https://booking.biblioottawalibrary.ca/en/event/draw-davinci-blind-box-gallery-wall-dessine-comme-davinci-bo%C3%AEte-surprise-mur-de-galerie,Draw Like DaVinci: Blind Box Gallery Wall | Dessine comme DaVinci : boîte surprise mur de galerie,Saturday,21-Nov-26,21-Nov-26,14:00,Ruth E. Dickinson,100 Malvern,West - Barrhaven,English,Child,"Arts and Crafts, Kids"
https://booking.biblioottawalibrary.ca/en/event/crafternoon-bricofolie-nov,Crafternoon! Bricofolie! (NOV),Saturday,21-Nov-26,21-Nov-26,14:30,Blackburn Hamlet,199 Glen Park,East - Orleans,Bilingual,"Child, Family, Preschool","Arts and Crafts, Hobbies and Interests, Social Connections"
https://booking.biblioottawalibrary.ca/en/event/holiday-ornaments-and-craft-supply-swap,Holiday Ornaments and Craft Supply Swap,Sunday,22-Nov-26,22-Nov-26,13:00,Ruth E. Dickinson,100 Malvern,West - Barrhaven,English,"Adult, Adults 50-plus",Arts and Crafts
https://booking.biblioottawalibrary.ca/en/event/cybersafe-seniors-preventing-ai-fraud-and-scams,CyberSafe Seniors: Preventing AI Fraud and Scams,Sunday,22-Nov-26,22-Nov-26,14:30,Stittsville,1637 Stittsville Main,West - Stittsville,English,Adults 50-plus,Computers and technology
https://booking.biblioottawalibrary.ca/en/event/themed-movie-tuesdays-sing-sing,Themed Movie Tuesdays: Sing Sing,Tuesday,24-Nov-26,24-Nov-26,18:00,Main,120 Metcalfe,Central,English,Adult,Film and Movie Showing
https://booking.biblioottawalibrary.ca/en/event/writing-and-memoirs-building-worlds,Writing and Memoirs - Building worlds,Thursday,26-Nov-26,26-Nov-26,17:30,Rockcliffe Park,380 Springfield,East - Vanier,English,Adult,Writing and poetry
https://booking.biblioottawalibrary.ca/en/event/nightstand-collective-book-club,The Nightstand Collective Book Club,Thursday,26-Nov-26,28-Oct-27,18:00,Carlingwood,281 Woodroffe,West - Nepean,English,"Adult, Adults 50-plus, Teen","Book Clubs, Book Talks, Hobbies and Interests, Lectures and discussions, Social Connections"
https://booking.biblioottawalibrary.ca/en/event/writing-back-row,Writing from the Back Row,Thursday,26-Nov-26,26-Nov-26,18:30,Stittsville,1637 Stittsville Main,West - Stittsville,English,"Adult, Adults 50-plus",Writing and poetry
https://booking.biblioottawalibrary.ca/en/event/explorons-le-stim-les-machines-simples,Explorons le STIM ! Les machines simples,Friday,27-Nov-26,27-Nov-26,11:00,Main,120 Metcalfe,Central,Français,Child,"Kids, STEM"
https://booking.biblioottawalibrary.ca/en/event/middle-grade-book-club-camp-half-blood-club-de-lecture-pour-pr%C3%A9adolescents-camp-half-blood,Middle Grade Book Club: Camp Half Blood | Club de lecture pour préadolescents : Camp Half Blood,Saturday,28-Nov-26,28-Nov-26,14:00,Ruth E. Dickinson,100 Malvern,West - Barrhaven,English,Child,Book Clubs
https://booking.biblioottawalibrary.ca/en/event/collaborative-puzzle-build,Collaborative Puzzle Build,Saturday,28-Nov-26,28-Nov-26,14:00,Beaverbrook,2500 Campeau,West - Kanata,English,Adult,"Games and Gaming, Hobbies and Interests, Social Connections"
https://booking.biblioottawalibrary.ca/en/event/holiday-card-extravaganza-3,Holiday Card Extravaganza,Saturday,28-Nov-26,28-Nov-26,14:30,Centennial,3870 Old Richmond,West - Nepean,English,"Adult, Adults 50-plus",Arts and Crafts
https://booking.biblioottawalibrary.ca/en/event/card-making-club-20,Card-Making Club,Sunday,29-Nov-26,29-Nov-26,14:30,Stittsville,1637 Stittsville Main,West - Stittsville,English,"Adult, Adults 50-plus","Arts and Crafts, Hobbies and Interests"
https://booking.biblioottawalibrary.ca/en/event/relief-everyday-life-intro-relief-printing-ottawa-art-gallery,Relief from Everyday Life (Intro to Relief Printing) with the Ottawa Art Gallery,Tuesday,1-Dec-26,1-Dec-26,17:30,Main,120 Metcalfe,Central,English,Teen,Arts and Crafts
https://booking.biblioottawalibrary.ca/en/event/themed-movie-tuesdays-young-girls-rochefort,Themed Movie Tuesdays: The Young Girls of Rochefort,Tuesday,1-Dec-26,1-Dec-26,18:00,Main,120 Metcalfe,Central,English,Adult,Film and Movie Showing
https://booking.biblioottawalibrary.ca/en/event/teen-film-screening-breakfast-club,Teen Film Screening: The Breakfast Club,Thursday,3-Dec-26,3-Dec-26,18:30,Carlingwood,281 Woodroffe,West - Nepean,English,Teen,"Film and Movie Showing, Hobbies and Interests, Social Connections"
https://booking.biblioottawalibrary.ca/en/event/diy-sewing-potholders%E2%80%8B,DIY Sewing: Potholders​,Friday,4-Dec-26,4-Dec-26,14:00,Orléans,1705 Orléans,East - Orleans,English,Adult,Hobbies and Interests
https://booking.biblioottawalibrary.ca/en/event/carols-and-crafts-christmas-sing-along,Carols and Crafts: Christmas Sing-along,Saturday,5-Dec-26,5-Dec-26,10:30,Ruth E. Dickinson,100 Malvern,West - Barrhaven,English,"Adult, Child, Family","Arts and Crafts, Music and Dance"
https://booking.biblioottawalibrary.ca/en/event/lecture-series-charles-dickens-christmas-carol-0,Lecture Series - Charles Dickens' A Christmas Carol,Saturday,5-Dec-26,5-Dec-26,14:00,Ruth E. Dickinson,100 Malvern,West - Barrhaven,English,"Adult, Adults 50-plus, Teen",Book Talks
https://booking.biblioottawalibrary.ca/en/event/star-light-star-bright-0,"Star Light, Star Bright",Saturday,5-Dec-26,5-Dec-26,14:00,Centennial,3870 Old Richmond,West - Nepean,English,Child,"Arts and Crafts, Games and Gaming, Kids"
https://booking.biblioottawalibrary.ca/en/event/baby-sitters-club-winter-vacation-celebration-le-club-des-baby-sitters-la-f%C3%AAte-des-vacances-d,The Baby-sitters Club Winter Vacation Celebration | Le club des baby-sitters : la fête des vacances d’hiver,Saturday,5-Dec-26,5-Dec-26,14:00,Ruth E. Dickinson,100 Malvern,West - Barrhaven,Bilingual,Child,"Arts and Crafts, Book Talks, Kids"
https://booking.biblioottawalibrary.ca/en/event/dungeons-and-dragons-adults-beginner-12,Dungeons and Dragons for Adults - Beginner,Saturday,5-Dec-26,5-Dec-26,14:30,Carp,3911 Carp,West - Carp,English,"Adult, Adults 50-plus",Games and Gaming
https://booking.biblioottawalibrary.ca/en/event/calligraphy-workshop-2,Calligraphy Workshop,Sunday,6-Dec-26,6-Dec-26,13:00,Ruth E. Dickinson,100 Malvern,West - Barrhaven,English,"Adult, Adults 50-plus","Arts and Crafts, Hobbies and Interests"
https://booking.biblioottawalibrary.ca/en/event/themed-movie-tuesdays-oklahoma,Themed Movie Tuesdays: Oklahoma!,Tuesday,8-Dec-26,8-Dec-26,18:00,Main,120 Metcalfe,Central,English,Adult,Film and Movie Showing
https://booking.biblioottawalibrary.ca/en/event/coups-de-coeur-de-lann%C3%A9e-%C3%A9dition-2026,Coups de coeur de l'année: édition 2026,Thursday,10-Dec-26,10-Dec-26,14:00,Cumberland,1599 Tenth Line,East - Orleans,Français,"Adult, Adults 50-plus","Book Clubs, Book Talks"
https://booking.biblioottawalibrary.ca/en/event/transform-your-trash-treasure,Transform Your Trash Into Treasure,Thursday,10-Dec-26,10-Dec-26,14:00,Orléans,1705 Orléans,East - Orleans,English,Adult,Arts and Crafts
https://booking.biblioottawalibrary.ca/en/event/group-tech-help-session-3,Group Tech Help Session,Thursday,10-Dec-26,10-Dec-26,14:30,Centennial,3870 Old Richmond,West - Nepean,English,"Adult, Adults 50-plus",Computers and technology
https://booking.biblioottawalibrary.ca/en/event/ornament-making,Ornament Making,Thursday,10-Dec-26,10-Dec-26,18:30,Manotick,5499 South River,West - Manotick,English,Child,"Arts and Crafts, Culture and Communities, Hobbies and Interests"
https://booking.biblioottawalibrary.ca/en/event/these-are-few-my-favourite-books-2026-edition,These Are A Few of My Favourite Books: 2026 Edition,Thursday,10-Dec-26,10-Dec-26,19:00,Cumberland,1599 Tenth Line,East - Orleans,English,"Adult, Adults 50-plus","Book Clubs, Book Talks"
https://booking.biblioottawalibrary.ca/en/event/calm-creative-holiday-humbugs,Calm & Creative - Holiday Humbugs,Friday,11-Dec-26,11-Dec-26,14:30,Beaverbrook,2500 Campeau,West - Kanata,English,Adult,Arts and Crafts
https://booking.biblioottawalibrary.ca/en/event/make-fort,Make-A-Fort,Saturday,12-Dec-26,12-Dec-26,14:00,Centennial,3870 Old Richmond,West - Nepean,English,Child,"Arts and Crafts, Kids, STEM"
https://booking.biblioottawalibrary.ca/en/event/ya-reading-challenge-2026-party-f%C3%AAte-du-d%C3%A9fi-de-lecture-ados-2026,YA Reading Challenge 2026 Party,Saturday,12-Dec-26,12-Dec-26,14:00,Ruth E. Dickinson,100 Malvern,West - Barrhaven,Bilingual,Teen,"Book Clubs, Book Talks, Hobbies and Interests, Social Connections"
https://booking.biblioottawalibrary.ca/en/event/middle-grade-book-club-avatar-last-airbender-club-de-lecture-pour-pr%C3%A9adolescents-avatar-le,"Middle Grade Book Club: Avatar the Last Airbender | Club de lecture pour préadolescents : Avatar, le dernier maître de l’air",Saturday,12-Dec-26,12-Dec-26,14:00,Ruth E. Dickinson,100 Malvern,West - Barrhaven,English,Child,"Arts and Crafts, Book Clubs, Kids"
https://booking.biblioottawalibrary.ca/en/event/snow-sparkle-la-magie-des-f%C3%AAtes-3,Snow & Sparkle,Saturday,12-Dec-26,12-Dec-26,15:00,Cumberland,1599 Tenth Line,East - Orleans,Bilingual,Child,"Arts and Crafts, Storytime"
https://booking.biblioottawalibrary.ca/en/event/winter-wonderland-family-storytime-craft-f%C3%A9%C3%A9rie-hivernale-conte-en-famille-et-bricolage,Winter Wonderland: Family Storytime & Craft | Féérie hivernale : Conte en famille et bricolage,Sunday,13-Dec-26,13-Dec-26,10:30,Ruth E. Dickinson,100 Malvern,West - Barrhaven,English,Family,"Arts and Crafts, Family storytime, Kids"
https://booking.biblioottawalibrary.ca/en/event/handmade-holidays,Handmade Holidays,Sunday,13-Dec-26,13-Dec-26,14:00,Ruth E. Dickinson,100 Malvern,West - Barrhaven,English,Family,"Arts and Crafts, Kids"
https://booking.biblioottawalibrary.ca/en/event/themed-movie-tuesdays-south-pacific,Themed Movie Tuesdays: South Pacific,Tuesday,15-Dec-26,15-Dec-26,18:00,Main,120 Metcalfe,Central,English,Adult,Film and Movie Showing
https://booking.biblioottawalibrary.ca/en/event/craft-night-carp-collage-vision-boards-1,Craft Night at Carp - Collage Vision Boards,Tuesday,15-Dec-26,15-Dec-26,18:30,Carp,3911 Carp,West - Carp,English,"Adult, Adults 50-plus","Arts and Crafts, Hobbies and Interests"
https://booking.biblioottawalibrary.ca/en/event/holiday-movie-night-rideau,Holiday Movie Night at Rideau,Tuesday,15-Dec-26,15-Dec-26,18:30,Rideau,377 Rideau,Central,English,"Adult, Adults 50-plus, Family",Film and Movie Showing
https://booking.biblioottawalibrary.ca/en/event/transformez-vos-ordures-en-tr%C3%A9sor-0,Transformez vos ordures en trésor,Thursday,17-Dec-26,17-Dec-26,14:00,Orléans,1705 Orléans,East - Orleans,Français,Adult,Arts and Crafts
https://booking.biblioottawalibrary.ca/en/event/crafternoon-bricofolie-dec,Crafternoon! Bricofolie! (DEC),Saturday,19-Dec-26,19-Dec-26,14:30,Blackburn Hamlet,199 Glen Park,East - Orleans,Bilingual,"Child, Family, Preschool","Arts and Crafts, Hobbies and Interests, Social Connections"
https://booking.biblioottawalibrary.ca/en/event/winter-crafts-bricolages-dhiver-5,Winter Crafts,Sunday,20-Dec-26,20-Dec-26,10:30,Beaverbrook,2500 Campeau,West - Kanata,Bilingual,"Child, Family",Arts and Crafts
https://booking.biblioottawalibrary.ca/en/event/winter-wonderland-storytime-sing-long,Winter Wonderland Storytime & Sing-a-long,Tuesday,22-Dec-26,22-Dec-26,10:30,Manotick,5499 South River,West - Manotick,English,Family,"Family storytime, Kids, Social Connections, Storytime"
https://booking.biblioottawalibrary.ca/en/event/themed-movie-tuesdays-chi-raq,Themed Movie Tuesdays: Chi-Raq,Tuesday,22-Dec-26,22-Dec-26,18:00,Main,120 Metcalfe,Central,English,Adult,Film and Movie Showing
https://booking.biblioottawalibrary.ca/en/event/themed-movie-tuesdays-42nd-street,Themed Movie Tuesdays: 42nd Street,Tuesday,29-Dec-26,29-Dec-26,18:00,Main,120 Metcalfe,Central,English,Adult,Film and Movie Showing
https://booking.biblioottawalibrary.ca/en/event/board-games-jeux-de-soci%C3%A9t%C3%A9,Board Games,Wednesday,30-Dec-26,30-Dec-26,10:00,Beaverbrook,2500 Campeau,West - Kanata,Bilingual,"Child, Family","Games and Gaming, Hobbies and Interests"
https://booking.biblioottawalibrary.ca/en/event/young-adult-reading-challenge-2026-d%C3%A9fi-de-lecture-pour-ados-2026,Young Adult Reading Challenge 2026,Thursday,31-Dec-26,31-Dec-26,10:00,Ruth E. Dickinson,100 Malvern,West - Barrhaven,Bilingual,Teen,"Book Clubs, Book Talks, Hobbies and Interests, Language learning"
https://booking.biblioottawalibrary.ca/en/event/noon-years-eve-r%C3%A9veillon-midi-du-jour-de-l%E2%80%99-0,Noon Year's Eve | Réveillon-midi du Jour de l’An,Thursday,31-Dec-26,31-Dec-26,11:00,Main,120 Metcalfe,Central,Bilingual,"Child, Family, Preschool","Culture and Communities, Family storytime, Kids"
https://booking.biblioottawalibrary.ca/en/event/noon-years-eve-celebration-0,Noon Year's Eve Celebration,Thursday,31-Dec-26,31-Dec-26,11:00,Manotick,5499 South River,West - Manotick,English,Family,"Arts and Crafts, Kids, Storytime"
https://booking.biblioottawalibrary.ca/en/event/teen-film-screening-10-things-i-hate-about-you,Teen Film Screening: 10 Things I Hate About You,Thursday,7-Jan-27,7-Jan-27,18:30,Carlingwood,281 Woodroffe,West - Nepean,English,Teen,"Film and Movie Showing, Hobbies and Interests, Social Connections"
https://booking.biblioottawalibrary.ca/en/event/craft-night-carp-found-poetry,Craft Night at Carp - Found Poetry,Tuesday,19-Jan-27,19-Jan-27,18:30,Carp,3911 Carp,West - Carp,English,"Adult, Adults 50-plus","Arts and Crafts, Hobbies and Interests"
https://booking.biblioottawalibrary.ca/en/event/crafternoon-bricofolie-jan,Crafternoon! Bricofolie! (JAN),Saturday,30-Jan-27,30-Jan-27,14:30,Blackburn Hamlet,199 Glen Park,East - Orleans,Bilingual,"Child, Family, Preschool","Arts and Crafts, Hobbies and Interests, Social Connections"
https://booking.biblioottawalibrary.ca/en/event/dungeons-and-dragons-adults-beginner-13,Dungeons and Dragons for Adults - Beginner,Saturday,30-Jan-27,30-Jan-27,14:30,Carp,3911 Carp,West - Carp,English,"Adult, Adults 50-plus",Games and Gaming
https://booking.biblioottawalibrary.ca/en/event/teen-film-screening-mrs-doubtfire,Teen Film Screening: Mrs. Doubtfire,Thursday,4-Feb-27,4-Feb-27,18:30,Carlingwood,281 Woodroffe,West - Nepean,English,Teen,"Film and Movie Showing, Hobbies and Interests, Social Connections"
https://booking.biblioottawalibrary.ca/en/event/crafternoon-bricofolie-feb,Crafternoon! Bricofolie! (FEB),Saturday,27-Feb-27,27-Feb-27,14:30,Blackburn Hamlet,199 Glen Park,East - Orleans,Bilingual,"Child, Family, Preschool","Arts and Crafts, Hobbies and Interests, Social Connections"
https://booking.biblioottawalibrary.ca/en/event/teen-film-screening-freaky-friday,Teen Film Screening: Freaky Friday,Thursday,4-Mar-27,4-Mar-27,18:30,Carlingwood,281 Woodroffe,West - Nepean,English,Teen,"Film and Movie Showing, Hobbies and Interests, Social Connections"
https://booking.biblioottawalibrary.ca/en/event/teen-film-screening-legally-blonde,Teen Film Screening: Legally Blonde,Thursday,1-Apr-27,1-Apr-27,18:30,Carlingwood,281 Woodroffe,West - Nepean,English,Teen,"Film and Movie Showing, Hobbies and Interests, Social Connections"
https://booking.biblioottawalibrary.ca/en/event/crafternoon-bricofolie-apr,Crafternoon! Bricofolie! (APR),Saturday,10-Apr-27,10-Apr-27,14:30,Blackburn Hamlet,199 Glen Park,East - Orleans,Bilingual,"Child, Family, Preschool","Arts and Crafts, Hobbies and Interests, Social Connections"
https://booking.biblioottawalibrary.ca/en/event/teen-film-screening-shes-man-0,Teen Film Screening: She's The Man,Thursday,6-May-27,6-May-27,18:30,Carlingwood,281 Woodroffe,West - Nepean,English,Teen,"Film and Movie Showing, Hobbies and Interests, Social Connections"
https://booking.biblioottawalibrary.ca/en/event/crafternoon-bricofolie-may,Crafternoon! Bricofolie! (MAY),Saturday,8-May-27,8-May-27,14:30,Blackburn Hamlet,199 Glen Park,East - Orleans,Bilingual,"Child, Family, Preschool","Arts and Crafts, Hobbies and Interests, Social Connections"
https://booking.biblioottawalibrary.ca/en/event/teen-film-screening-miss-congeniality,Teen Film Screening: Miss Congeniality,Thursday,3-Jun-27,3-Jun-27,18:30,Carlingwood,281 Woodroffe,West - Nepean,English,Teen,"Film and Movie Showing, Hobbies and Interests, Social Connections"
